id,rel01,rel02,rel03,rel04,rel05,rel06,rel07,rel08,rel09,rel10,rel11,rel12,rel13,rel14,rel15,rel16,rel17,rel18,rel19,rel20
qry_b72050d479884a88,1.0,0.6425950134802447,0.43818888197206074,0.3668708072121634,0.6850330637454013,0.0,0.3489415798255635,0.9764852207979478,0.5382884769531107,0.3187530865192642,0.6244078289516274,0.5576495523559288,0.922492161166429,0.8473774650167464,0.8257286231334572,0.5875025689550485,0.39473647631770276,0.5637511475384925,0.8799831691720984,0.7774667014326317
qry_927ae234809e8b1e,0.7353587341664366,0.6158945920217257,0.8361876761754633,0.7692965145252915,0.8414997405822938,0.6051732290595874,0.43710322349909136,1.0,0.8062512221538569,0.0,0.790195400430006,0.5902943652774988,0.6778776091208478,0.44839206824241346,0.5354004302976153,0.586743448999227,0.6888137043415133,0.6699532976725557,0.779107078316462,0.5316992372539527
qry_95b5ac83ca6e2fc4,0.121460798451543,0.950242853911776,0.14944734548748453,0.17541272549440654,0.03641379609333558,0.6453188078193498,0.11668628643008666,0.5055212980087103,0.5852666587052594,0.8177443766703656,0.1380288019338026,0.511296338502355,0.36298132122323323,0.8302542100217599,1.0,0.9548544999607019,0.0,0.002344043779173187,0.40105597024410583,0.8067164944203729
qry_ec229b1ba9e2657a,0.5824280560070941,0.46567838092498265,0.17102406840883735,0.4840918352689514,0.9583902389245424,0.06997750220972968,0.9621415204320214,0.09509350219972898,0.19743577126398684,0.286154584495807,0.9571993993971615,0.0,0.1913020054900284,1.0,0.3217206931075687,0.06615474958589225,0.224945034758454,0.4149484463121827,0.29244496458714997,0.17357787238822145
qry_34442cce72efe5a7,0.9551412000753576,0.2695835577620442,0.7598913654787934,0.9511645921702806,0.9266638453575657,0.6871215568119116,0.7808258788272803,0.8255939389137444,0.163827296677741,0.6481399811474264,1.0,0.7689271701483401,0.22755928006270146,0.9121581481554207,0.7816253471052736,0.45429921644501386,0.7534793021790777,0.33942024131713416,0.0,0.3898219013540654
qry_f7c5fe30bbd98ebd,0.22548324336098616,0.6953595211680205,0.7450288600905914,0.4742127061656175,0.41682629808591304,0.4715160925684049,0.0,0.5521234825121054,0.6888947130671832,0.7848220090123639,1.0,0.3395841060859725,0.37022459424212767,0.6896323232848388,0.6127171548502822,0.4161599937240567,0.5768410536292332,0.7961720113426342,0.10487082397641868,0.6496949197725673
qry_5b97e4d34bc337b2,0.34332737304191946,0.18938983101147178,0.2830408278171633,0.7603623855282795,0.20285591347357562,0.5772402106147181,0.7231902304160243,0.39128302781291785,0.6992899622443136,0.40103714765367626,0.05764158681707701,0.552567612868759,0.9626858455084325,1.0,0.4363122179198329,0.3121863707955876,0.27858173575397577,0.2954939121320279,0.0,0.30194812572965046
qry_a55d13e7f28250de,0.06885461986029796,1.0,0.8605228230960646,0.5517727420777567,0.7395198853211368,0.4860290767480219,0.7274237050994146,0.5067947663110489,0.0,0.7302942518510425,0.6284949296346627,0.8881508270357721,0.2984452038411151,0.28161673065580617,0.20317442488640036,0.47599804809303153,0.4894630865414825,0.4804995459463056,0.35077007036300445,0.8053586028677467
qry_d7204f25476bc846,0.6603776799960221,0.0,0.012038535768053242,0.6337478488576781,0.6723347434868749,0.26545827038319997,0.0003480932784477118,0.5145285145876897,0.49322903295235154,0.8266203537194483,0.025337247519638048,0.051503605604697966,0.3859582480581456,0.6868987275536007,1.0,0.6561967455027025,0.7246064516326929,0.33243132346904775,0.19002272406742046,0.6332388776879371
qry_2cf4de1e54c6edd1,0.37328983196433096,0.14325579295554922,1.0,0.0,0.11830616281022635,0.6172589765196196,0.9033721017986919,0.36081392415414126,0.6309289660686065,0.3068370450871386,0.4414092242294069,0.7264126318671096,0.24221367175743927,0.6104111388249831,0.6150694775457154,0.9730763602276813,0.6385647570772178,0.7099215724895971,0.5496013321568131,0.5365996038151148
qry_f14040a5da18f7e3,0.5468607669095711,0.3224594780989581,0.38226207113272714,0.8655269143972046,0.46311942885847984,0.8256976617926348,0.3589441560216855,0.6819178037611362,1.0,0.18127527166623467,0.593707314001165,0.3949811711426789,0.0,0.6642147679585689,0.5280502294538446,0.8182232122675414,0.3936200199672405,0.9517290034457311,0.7448874168105454,0.5907627162493129
qry_6281fb173a61d39c,0.27736354920515593,0.5224602290276864,0.4426104443828566,0.0,0.3045437631499759,0.9670669057623659,0.46268380125830666,0.39512950163195765,1.0,0.8659596624783521,0.23848206191430268,0.958210652415435,0.9637409991543099,0.21274951027492678,0.604440651395036,0.7096133691283116,0.49365841865119997,0.91610882069459,0.5129179073080952,0.8397626862609935
qry_ce85fad400904845,0.7765723932436969,0.5166347551141443,0.7083789470503467,0.0,0.9047080696871797,0.2559593770162483,1.0,0.8201870388981459,0.4134238051119447,0.06462297182282387,0.6619087105317965,0.8574383023346814,0.4613042866477131,0.8131252307587314,0.7154607543361527,0.16202442965915057,0.3761438328591314,0.6471034455695149,0.023619264924350326,0.6461746421241708
qry_8bce6d60cbbb5140,0.34806241453014364,0.5750763119394768,0.7492960056791177,0.3631075130143452,0.6810606247698946,0.6661681176740748,0.401852684000713,0.8069534465409203,0.0,0.750241631573287,1.0,0.36191736592315493,0.9593721047812896,0.993593080003669,0.7881853579187196,0.5838258155074012,0.7512041240682557,0.6956859801742246,0.3587843124202373,0.26437952122191366
qry_2c702d0efcbf55f2,0.8451846488289585,0.24967639783470852,0.34450124951090594,0.8745293470613338,0.9170284647295017,0.0,0.23274259536165878,0.58502473791244,0.8210637717946481,0.9193059344176729,0.5639383078035624,0.8800266088754991,0.6639876934206651,0.31543910879537224,0.5206637450602372,0.8328381081030799,1.0,0.7538373130245157,0.6467757797508435,0.3068509723447294
qry_97b820458878f707,0.23432463787921576,0.6306060989217646,0.9046485637741313,0.5988356139088452,0.5120028421993722,0.201396341112858,0.6751410617403328,0.2819100800227898,1.0,0.3174654420003877,0.7302817139806037,0.45503254505680674,0.21766359196659418,0.6770778271651727,0.0,0.8666206157200131,0.608644633087569,0.8636463721162501,0.7054377664087836,0.2515626340127715
qry_09f2c47bc4b8af82,0.12313893357622657,0.11400438378317483,0.7696386748200842,0.6313518115591569,0.6200589026964081,0.4142080245088594,0.5393067654654387,0.08797070539498344,0.6030344342849743,0.35163248975838757,0.6148529759100941,0.8823380925056246,0.32182928144490225,1.0,0.510244179578641,0.9476396145397117,0.8265135024031716,0.0,0.4942262829266355,0.7566342233474999
qry_970a7295bedd68a0,0.45966773407107353,0.5309858453078334,0.5001170559399187,0.0,0.2848683079471332,0.8779387469392183,0.42571607693089736,0.8729809466593427,0.09460393896161849,0.5723744122890442,0.8715643725941065,0.06527507306032858,0.5733349560982954,0.8846010742805887,0.5433763248854521,0.3051850895597992,1.0,0.6419314497199989,0.896368876703811,0.46874563568621747
qry_3b6174b5ff7c25ce,0.6769438156234142,0.8396345283122071,1.0,0.04318099345792575,0.4318245990954171,0.6117344314389873,0.7008529231572886,0.8920214749229968,0.6624492494933637,0.8866348693477192,0.4683107860155854,0.7992595225146798,0.6340876178608572,0.7584194256194114,0.5606861613708909,0.5638785342909509,0.0,0.7322136328000729,0.07010954151624249,0.4504443255043429
qry_91f95d6f8a5852fb,1.0,0.4520487220073229,0.517741814974242,0.4862926297926702,0.7285183420569097,0.10188525458347422,0.3854491290098808,0.8530730739683636,0.4596726388084165,0.1989316360551246,0.3638880603202665,0.8923449696785241,0.0,0.4316478778118594,0.02246555746535219,0.2739092073335521,0.37283126494145763,0.7230532175806144,0.9036313579207952,0.6785948585365005
qry_4c2c5cfd91e93d82,0.8832856264095441,0.6446031278036634,0.5361537602550992,0.6829912825148081,1.0,0.7217214674938938,0.43574297938677214,0.6956012716926994,0.7248399262475423,0.6484954058966563,0.8550842960483616,0.2045590659543265,0.6686165571059854,0.08978970314900594,0.43301866765786823,0.7131254021823044,0.7863808818385134,0.9006612025080818,0.8067857754681095,0.0
qry_5ac0a0458391a589,1.0,0.0,0.114654901352782,0.2616719192176429,0.3115014080440363,0.11456971875739659,0.612644880097209,0.6885032727654729,0.004729157321423008,0.7006508164218684,0.45790334989973414,0.7857719956991638,0.6913322470385638,0.03326647358789993,0.15165686742096463,0.5612803609705569,0.2782168569250776,0.7263920911102255,0.552585058254603,0.3716053590332622
qry_1da6f4f2d85852a5,0.912933371478073,0.9621398978923373,0.563965809961449,0.7818014015442144,0.8424817152205621,0.9359234524441392,0.42864980061726515,0.0,0.7011732959982525,0.19748069892120013,0.2329544993861649,0.8702376570364668,0.4779040871836083,0.6294004951939113,0.9999154460852023,1.0,0.5764526325988801,0.9420950600588476,0.5937895975942207,0.4127934273096272
qry_af7b7651d895e124,0.7828725909849196,0.7730645013400217,0.4498190473059739,0.43030350383169114,0.4802739917108092,0.458132362466367,0.7645921834041238,0.21700023456772063,0.17469950666361753,0.6870937399111449,1.0,0.3230430969302566,0.35905129580001216,0.0,0.8087162006764057,0.6928911416250452,0.3565183612926934,0.5287801725380418,0.652721008530085,0.7701553858370254
qry_1be875f2f46aeab0,0.08830778701479826,0.6483204836797739,1.0,0.17964124982335947,0.8496686824701444,0.8863963042035237,0.08731769361065124,0.3480432071283492,0.4506867076279816,0.30356806808617987,0.9438095121696111,0.8197288592613672,0.3192013062452217,0.20628840449633307,0.9445541775158414,0.6756575350312748,0.6733821054624792,0.0,0.5398740028312208,0.6872119277741474
qry_a7eae0da5e051c55,0.7745227909316479,0.40246969163438395,0.5866428507755022,0.28525145290058673,0.922554452275685,0.2692295248052954,0.4082352742068569,0.29221158508346884,0.30239328085539025,0.2558255963590227,0.536336614933131,0.5189157327443438,0.5376883670304209,0.6879552156260311,0.7261588538923276,0.522062499682248,0.2702561414362969,0.47923670665740004,0.0,1.0
qry_5bf9b81adc3f24e1,0.22997378939439103,0.8066803868721952,0.31910934472648506,0.8739124794346904,0.397618650160531,0.6717611983531144,0.9482214960036082,0.7741231726166136,0.7457502264486668,0.3344471222239439,1.0,0.6898701061462537,0.5273341283061754,0.5248578651995441,0.0,0.998856469102066,0.7645990787713928,0.8006008529462868,0.583864236956616,0.8821356356123777
qry_7eec2ef8060b879b,0.5723545052445118,0.10509761260371644,0.10657036288150946,0.34728775182684285,0.6700954105653998,0.5476086663718365,0.0,0.2446274004722264,0.7972529304234203,0.7423475724635215,0.46464735926860734,0.7408916243007333,1.0,0.7928318392366214,0.9112265574184466,0.7761889699740221,0.8126028657913063,0.7053919932264944,0.3034575520325575,0.6848944985391388
qry_e7c100a9a20c6fe6,0.904120428455424,1.0,0.0,0.4113853772034991,0.6406682882647192,0.9343966214875631,0.2978822884152077,0.5873995250982342,0.9827750607824803,0.12611272727252407,0.8563149496595572,0.2462090303611649,0.5525636403405421,0.7240817373048153,0.3386041897756452,0.6128309799172825,0.239495481104937,0.7680300497850769,0.9387062785602882,0.9331479685491292
qry_4729acdec2a8b0ff,0.6514394906068764,0.7093147133996889,0.16403418944917428,1.0,0.20212839097318527,0.46604979868609375,0.13448935802405765,0.6734997367392664,0.45436360089758393,0.3103200725952207,0.17800438002889596,0.1426622870077192,0.25510551576046125,0.05452805711299469,0.0,0.5923072101376682,0.7794413520921291,0.23426290879124118,0.4415176062481213,0.25556662417955556
qry_23e1d8d928611910,0.5752493715038524,0.44691468080417324,0.30691639747366234,0.4691161322754287,0.7298785429108071,0.7782152300736173,0.23575945779662486,0.5110190250495119,0.7610178932095071,0.6244775784031588,0.0,0.42661162981393774,0.1793913254827315,0.5556633819536912,0.6599799443772506,0.2849251086958485,1.0,0.7321709799798088,0.5864151195334699,0.8154396611192919
qry_4f2e135ad5c9214b,0.9816644167769656,0.7396971250816105,0.5541814945109393,1.0,0.7737800915138137,0.9283467914830426,0.27231873884275204,0.5544768275387413,0.7151870914176744,0.43148634270560976,0.19169243130464514,0.24213026799942203,0.0,0.9271350439641954,0.9594630007640723,0.1848309724657063,0.8524207807707579,0.7686841504080708,0.9344466589905422,0.5330025387249256
qry_ddb2ae88b33c6b04,0.2527176403853407,0.7749903462355944,0.36007139881918404,0.6109861880610121,0.2158090039878656,0.5720009288436093,0.4579723740863046,1.0,0.7317870596582179,0.5104474390790749,0.4804787897075799,0.5988668195468446,0.6512894941082215,0.4314250683139832,0.0,0.4629732341102105,0.37078831534682527,0.4606177063839658,0.6812407494766521,0.49490634785710885
qry_b2541deccd634665,0.8423044582326812,0.8445862147103558,0.0,0.7325928267926676,0.7500722391391746,0.05123814237499515,0.46691534226522463,0.4039760084696217,0.1651683663911374,0.6866222653883867,0.4300758238191803,0.5688785510207165,0.1384398173895355,0.5838077955555098,0.09967269970685978,1.0,0.783060309516392,0.45076879366613176,0.7849926270702475,0.6890914599526728
qry_f4eb3ac0ae2d5de0,0.7268487181941319,0.7356720109698976,0.357956467941627,0.9526124441366952,0.7867029150043141,0.8239422987940325,1.0,0.9207142033075693,0.5124784911490192,0.5769956948988243,0.0,0.5942269059460619,0.7528133092804469,0.48929352845208846,0.8907898561171529,0.7463060199759223,0.5259598802530719,0.6442478821314497,0.9049404469733904,0.2140226244391932
qry_11ccae41dae070ad,0.9555218667687233,0.6413419413047097,0.7189053321737887,0.0,0.9552299061518946,0.36677820562201713,0.6250157397475882,1.0,0.22042204381254485,0.48234405259076457,0.44702616193703476,0.1461780012544739,0.3326271680698132,0.6038454726601706,0.6238304927151027,0.3673671362548035,0.10744063589730775,0.41990427435709476,0.5504021695378408,0.5006474703750874
qry_699a03fafb614358,0.70236139725233,0.2306432922918616,0.6060848782746402,0.0,0.4797503335211901,0.45038229987954814,0.9444468356301812,0.5585771041128841,0.4760931534107931,0.9939106022779589,0.5107100489468692,0.7602639713426447,0.31428038027858646,0.07225705296491852,0.7622465998267601,0.2863483503768096,0.3171185418682605,0.4122725105851578,0.6996212028156367,1.0
qry_71819688575135f4,0.06367139819428112,0.14417609022636121,0.2811079009915108,0.5278737517484652,0.32051863021425553,0.7549615355482108,0.4986458139196047,0.8045831183603175,0.0,0.8508346051587568,1.0,0.1285200478758664,0.5613829763228076,0.6591551327767163,0.37632568468034533,0.44421985889600313,0.9710374616199583,0.33731598218418696,0.8335244169338826,0.7633528667375424
qry_72a3d5af44c903f5,0.6080390248804787,0.4159041601952054,0.3422748837853593,0.11736324167061148,0.14717595153737625,0.8969464268740873,0.17289756157571315,0.7651977678578987,0.843500050560699,0.9302272936936568,0.7140495780251204,0.0,0.4978864088480711,0.7248747762864612,0.1330599739902728,0.02935382206847236,0.9352122914924108,0.7536047456989965,1.0,0.6502446098941495
qry_827bdca481e5bd8e,0.7569558030450613,0.8871891246318743,0.3665565265652383,0.41590542674828235,0.3216104785675328,0.8105527334860626,0.6011047669229819,0.9515273219933815,0.9801218185945169,0.0,0.48524380215638413,0.34699863298581557,0.5037101552086501,0.9453124730190655,0.6738714273643742,0.9890533020217745,0.6268685012296504,0.3714627261853145,1.0,0.18336751512885563
qry_31d65bc8070a8af6,0.6598784385158576,0.9255385698487943,0.9937968195219794,0.7805079539529621,0.8228866119587579,0.2956307296863069,0.29857318649183556,0.23173579852663564,0.21547149189068823,0.6841419099094624,0.4322011719242156,1.0,0.6822616521169624,0.0,0.6631143767749874,0.07124884235415638,0.603889480654635,0.18710843390066853,0.9692981891645898,0.46907663588428977
qry_843f07d1faec4da2,0.8673289795374644,0.13697922331692014,0.5834304008929385,0.0,0.6118810631807005,0.7800428543295158,0.2242413808699974,0.8249714606405948,0.7702357014935985,0.06154806823864401,0.270645487848514,1.0,0.8628469297238258,0.957621408851361,0.7707062534534584,0.7254791971670607,0.7927869907472105,0.5616706569362547,0.9903904323396703,0.5456018014266131
qry_b17e734fccbdfea9,0.9122437909858054,1.0,0.5785344752268461,0.8685902530867491,0.5108430307177662,0.6509455036359542,0.9137664316445105,0.9954759406723128,0.0,0.5310984877510677,0.35259061692121657,0.8469469844326188,0.9326428658567679,0.7939378507976541,0.9225875875786486,0.3001561757688507,0.4582063015379725,0.857740867151611,0.41579093677481155,0.3076202217383009
qry_a345ee7c60aa53a6,0.2513946019267084,0.905920980612195,0.25758266722562684,0.1340023731612708,0.23018071831869819,0.0,0.6149181068119787,0.9124008163321107,0.5484724514307701,0.30215637909259846,0.7972511743067996,1.0,0.33538151377915454,0.5976298960510262,0.7118936452144653,0.5726068298649284,0.7604864379419444,0.9942457711792356,0.5183967110147975,0.629874912980811
qry_58ce6a725ed7296d,0.5440258940601376,0.3517158975247701,0.34867044095344907,0.13329985356524793,0.4362944636530019,0.23836107491222006,0.9760611124230896,0.3844053012660346,0.15741998584580308,0.5271788232380722,0.5244372634770403,0.1423066189235233,0.4470670774544628,0.5422598737366335,0.8538416757758786,0.5021190349583666,0.7044537299048548,0.0,1.0,0.6067474637378171
qry_d51ec5d9e221157b,0.8777360254367321,0.908883186156619,0.822487029500521,0.8735972678698025,0.07406188061224492,1.0,0.24673891120355923,0.3507571204688525,0.8733224508834452,0.7896425607403663,0.0,0.5247652386082187,0.9976305937654628,0.44586003648648315,0.5955116605702782,0.8004395905663001,0.4057124632992185,0.41480752761310546,0.9057527986345786,0.8063260491371619
qry_2d72a9a9b03a5b12,0.5325545466682916,0.7596895299681389,1.0,0.27284601534971875,0.41997413930252453,0.3579986197034386,0.31694911829306727,0.23726792313170159,0.7890631628691733,0.7062500303227415,0.8881406429864407,0.4584840175317933,0.8131398598603508,0.9778218812085194,0.44199452295655384,0.05648914007674749,0.0,0.1740448848336526,0.7325332056950822,0.737391648270344
qry_22528c87179b504f,0.393452481292834,0.8398802362652872,0.4254018148398713,0.5307756686513125,0.3035723096832939,0.8361262816007023,0.8970886653183114,0.8199980085535044,0.8953033142442376,0.5606398860219842,0.9309349842984801,0.22962505553378848,0.01542102099950631,0.9023812221946943,0.03814210171618566,1.0,0.07225753316459277,0.0,0.21316359310341726,0.6832630619603217
qry_f10663aa3c1dd28d,0.6589894123742314,0.033311902816540985,0.2375167869648285,0.9602127327162523,0.5845944648165685,0.0,0.429739528034185,0.7572166623687486,0.6422727797048596,0.5122861788994885,0.38752430708171365,0.4605281228527978,0.6400475414685022,0.7481680708296483,0.7633792140166066,0.5198944712896207,1.0,0.332086028398917,0.635543957175035,0.5404343180702751
qry_c8e916a5b9034859,0.6356377222454626,0.11027480777464042,0.44930155034530866,1.0,0.8991643641555476,0.806385391076548,0.0,0.7661037573732841,0.756168130807425,0.705765093089552,0.5501133221541191,0.5745817066340906,0.660263117904532,0.41818810856220584,0.630171411271243,0.5723329449804521,0.7634333355175913,0.6640589448941373,0.2921126112839829,0.5033560090525127
qry_c5a0dad386f7620e,0.5183151015959453,0.7971412126127754,0.885728737452101,0.26166141670984516,0.8605480383071614,0.7577509291700024,0.8868629802127614,0.053228642482118685,0.4414597706999001,0.6096654849275153,0.5008218247286,0.6718732283421741,0.2820927875634141,0.6667338964983466,1.0,0.8284624232231312,0.0,0.770153054309797,0.7931853887136269,0.3266413070183653
qry_acc894ce3a751eb7,0.4580671885153708,0.4930684998747874,0.7100384338664764,0.08495295755925843,0.20474201278477872,0.20455080724366134,0.41459775423113815,0.06857992192309362,0.8250920901726201,1.0,0.4859847660133761,0.6743649254788656,0.3590208928632438,0.0,0.5342657188215854,0.6676468757477405,0.20173972688969305,0.006910050115487462,0.512641572394367,0.2769174858185891
qry_9d2c21e6abf3d96a,1.0,0.0,0.9658876135377364,0.4510123027158661,0.6500238063636625,0.7259467083188261,0.7330789574471586,0.878364798801701,0.8686877535307176,0.3623988293517575,0.4351151890128115,0.7981882043263154,0.7887602050157572,0.6036730946802565,0.2623119555348102,0.4921156664378395,0.9092514726699656,0.5258940523046272,0.34658058002194136,0.5121071299036334
qry_b8af50b3dc55b281,0.9713276538956486,0.612495566486076,0.5897570496807313,0.14554937586685437,0.9943533587556941,1.0,0.7838315602557094,0.4881696196224244,0.7215140694207121,0.708464088878418,0.04694988666625239,0.3996181444278299,0.866256497663769,0.0,0.9233398978416706,0.6564452655752192,0.8622585294008229,0.9256337091416408,0.1264637268767641,0.6363830104788518
qry_0b48ddd64eb93273,0.5871562734855892,0.9582284877672492,0.6337742078142368,0.3457077998041429,0.5884884688639455,0.6998327052825736,0.41347099365536627,1.0,0.5499975767223804,0.7538542430771137,0.5336633355726068,0.6789090592141603,0.9232839341216431,0.45167191139444085,0.0,0.5384656331152259,0.48835363740390986,0.7933222745852057,0.7682239829525068,0.7972986223490867
qry_8ffd4c3dea65e6f7,0.4463898039603488,0.8445018705918321,0.6505581925912032,0.1144304900276745,0.5297666122776403,0.4867753739387215,0.8671297687102287,0.19622439747153053,0.9048073855860372,0.8099094851205371,0.0,0.6552341664005155,0.7723805855231078,1.0,0.29976150551861963,0.8987544161507203,0.5985982982284554,0.31781969884035555,0.41501872050682864,0.36889617058584584
qry_5a699232ef36e9d2,0.5428090844781285,0.5568617906378994,0.3534861694320343,0.7482082218499433,0.9136845818542911,0.8430385976838533,0.6382832274275873,0.710411685637652,0.20319230757727882,0.3975551362660161,0.5195468098163826,0.6494897943857932,0.4266671261106576,0.36507182568302465,0.6391972555125032,0.438789548339353,0.0,0.4904635003777978,1.0,0.7951115311017991
qry_5f0f3203b88169bc,0.6836734221362732,0.0,0.47259947237264155,1.0,0.3507094080152581,0.570783132505259,0.9666213148597652,0.4784143370465508,0.009850734867023758,0.4345888458621408,0.9511084234644417,0.9225261838619854,0.3925529537816843,0.11421725078938677,0.6290720559987663,0.8435292841791128,0.329784197899456,0.4519480651134945,0.8860267587462775,0.9935030227519851
qry_4b88ce820c94b3ec,0.8690453953100524,5.491785194331851e-05,0.8469700186466386,0.1628009774216006,0.9749833686354317,0.0,0.6091356360756681,1.0,0.8731433538336008,0.7185121797264264,0.5354897798195208,0.9837529748306386,0.7802035056570193,0.5483010156895861,0.2803149150846995,0.6483571773662289,0.27615682543926756,0.07824989620554884,0.7472178330867206,0.7736464697910888
qry_a343dfe5f8ae1b6c,0.5853046038348914,0.885950698333219,1.0,0.6420312353814346,0.0,0.20394439528530164,0.9139208425039175,0.3943130082740008,0.32127540179630765,0.82356334353702,0.4280486121683766,0.16246759437420263,0.3888120582994351,0.3555066991198952,0.45049602860665433,0.9432966662963175,0.29523958050704974,0.34964210824263897,0.03832402718219479,0.4183704144663548
qry_7d753cebd0c26320,0.6157846113681471,0.42613515389947054,0.6002097393930582,0.8304747431333163,0.809806480090089,0.7751312776137249,0.5234032542633344,1.0,0.4513932254852462,0.9472953388843971,0.6044479867931818,0.4668377660348737,0.7760738427620127,0.7571408910616783,0.5879475386316564,0.030011617429287343,0.8053371124398636,0.9080653337665384,0.0,0.018738794162588526
qry_0c297a2757d050c0,0.21057023675360548,0.7681088679468793,0.4298383636508459,0.3792710313135082,0.5506696565785025,0.10430723743883841,0.6217751798676451,0.009668207137787857,0.6528020776248528,0.7518149865030952,0.21905696825591697,0.07745846555727258,0.1278284186692531,1.0,0.5608933573085729,0.2501048763133869,0.4000677317118025,0.13694723832947717,0.43977173822379445,0.0
qry_7b4e64fe0fdfa249,0.4460765209097776,0.36121389240830304,0.4763280240966085,0.017176646616163936,0.4235746223776198,0.30157736140815344,1.0,0.45441255748336046,0.7118800219944109,0.1081499206501984,0.7290964099338096,0.07740729326155107,0.2954710084980491,0.0,0.20274884388291423,0.5991437733599279,0.9708020119836658,0.544132678994861,0.08291570506714904,0.3662389499464599
qry_b47a531f4f0a8947,0.5815536549143031,0.0,0.12193877395981158,0.931593380163441,0.9212165585050067,0.7863188835829188,0.9460633399978259,0.5109434963537737,0.35625143957168354,0.9603030799203335,0.4743396567238405,0.9315185758619515,0.3414248165481839,0.5075478969877705,0.7503211537509036,0.8329014649860517,0.5776560646596469,0.5750526350489904,1.0,0.356879713872721
qry_e9312dc61a286d68,0.5950134735017049,0.026407155900370894,0.21056257305903506,1.0,0.1082041928987145,0.6644018110945946,0.07920349200906365,0.23205876357653865,0.9645888477312962,0.5895884212475055,0.29173267005211,0.5731232377422093,0.39818627378455074,0.3670944554244367,0.0,0.7355384511389353,0.6125275861446486,0.5502014843221718,0.8759856378680475,0.7232283566561041
qry_6fca3b0981815205,0.7068556167749847,0.9720339381447496,0.36783890763629806,1.0,0.29303611234387505,0.6429283564305365,0.9353423697738203,0.6783411736273993,0.6993436068202735,0.8268634201989918,0.8178062419990902,0.22340591642587201,0.9701379241629868,0.0,0.5213738477557718,0.9888332310148212,0.3207085901365454,0.4291202902936957,0.6923158260644927,0.3180482261254494
qry_579b8812e5972286,0.7987363743183368,0.8841854076109057,0.196571115856443,0.8563983133673251,0.9374111506416097,1.0,0.33209144872361873,0.6564593865978811,0.3757539338412709,0.8981182255142408,0.3708833652899122,0.6422344346693044,0.06744738058974885,0.3765478786408043,0.561837275952129,0.7677750562072633,0.8663428486093991,0.48167401111924457,0.0,0.8869247774098874
qry_d3c1093669b1a676,0.6482988658830262,0.9633180085212678,0.16795301784738226,0.5588105538138693,0.2130161193967437,0.5896662652944291,0.39264575714104655,0.4686490372735481,0.3482645500933571,1.0,0.4977390542170259,0.4432390372986028,0.24685876150514544,0.9368545277389771,0.5276535269953027,0.6339228941105,0.9321660650661602,0.0,0.7136581355136706,0.25729022942805535
qry_2e6803ef5b79a749,0.8793412571237099,0.3052341995558522,0.18421164909182225,1.0,0.28890950214318234,0.254360864031392,0.26338618481770343,0.9233253256251857,0.8469293866275409,0.0,0.353280045261302,0.7576352496510388,0.8341017223412535,0.17348546459723213,0.9117647623008439,0.8098471480996852,0.5433726907373975,0.7971920960986792,0.21552787524396982,0.3580074078189691
qry_55980711516b38fb,0.28490699367086614,0.9059595183170669,0.13712586085862596,0.847448912468851,0.7530719667400376,0.9058811500179329,0.4218348014312848,0.4641868726416279,0.6092254464045022,0.48981325720819735,0.26620635314361396,0.5224404764788865,0.7766156240141818,0.5595808554186174,0.9317742920880396,0.0,1.0,0.5433176401758493,0.6794150587138893,0.39369601661163894
qry_ae6429eb75c2b3b4,0.30638480862632783,0.9538883492044754,1.0,0.32475979816642975,0.3096390852286745,0.9359099772572265,0.8403309142671521,0.1826800532939022,0.8789846240775644,0.6293882674181769,0.9061266500456281,0.4116360481973279,0.585982490814389,0.9409888283712123,0.9490738873364755,0.34410721960645485,0.0,0.2585780306414991,0.8351287442154994,0.7448585370085145
qry_55a36ff911613be2,0.6389963329337778,0.0,0.5673410661339294,0.21364431061629183,0.37862983552067186,1.0,0.9463447250357737,0.2307491698305355,0.09942687482598372,0.4024237177517872,0.13701697548330125,0.6157110463155727,0.16693775242039072,0.18374823763299644,0.49458909639305465,0.25663912992790716,0.9931749438896998,0.15108496201328334,0.22842590746482794,0.7971630176305151
qry_d516090ac4ddb41a,0.0,0.44054842370835756,0.7316356093908691,0.8528733733649351,1.0,0.4630783420128416,0.6847646161016746,0.8176551288327818,0.5463122143162299,0.7626258462904547,0.9537723955994062,0.21451376901547944,0.5869745652706524,0.6210976418699915,0.7582750480674288,0.7314218807496164,0.4876584392058046,0.8218309079469446,0.20170490021447152,0.21653050997819043
qry_b711f67668ee52ac,0.6368534223686371,0.6636760018828689,0.06423946396541423,0.26658896542172533,1.0,0.8055318506826099,0.05119607609647361,0.3640545353664622,0.8432936635682721,0.7903467668813954,0.6471102611957379,0.801007945535314,0.5052587763826605,0.06480201683657472,0.0,0.594390592022804,0.4134391800773241,0.24634837497579753,0.6475999007622447,0.7425525706762272
qry_98bb37c62db8fb09,0.0036235329188834243,0.3726650985353293,0.6259018641060445,0.510090106586756,0.04549883205274344,0.45897436925439117,0.5071351839251365,0.43773184692749,0.29586140485145423,0.4306445573152862,0.7089541848917303,0.3976702830772066,0.26028748342667124,0.44210301407821495,1.0,0.9535005748232951,0.0,0.3092181902527799,0.7842483060357941,0.7525125036705388
qry_e3f68952c5e4f2ac,0.9494939162255288,0.9050688989055933,0.5335666393149334,1.0,0.49088885229138474,0.3530736625873385,0.9340813783802263,0.35780830327546287,0.6319618219084341,0.7815965714015847,0.5846056303389142,0.5545547188051295,0.8988234204307106,0.7904714541995082,0.32016215541432114,0.0,0.4886960603123885,0.8648216319986225,0.6434253039818051,0.43837358980339935
qry_fc56cf4069b91b9e,0.725278542232292,0.6852823994997972,0.7257045583568072,0.7914453721569135,0.7208275005800124,0.6399066443771789,0.6497572047679729,0.34585136766482916,0.7987157194495408,0.5822207179540725,1.0,0.5290984846746831,0.598815864583317,0.42421147583143837,0.18278419671933968,0.7834740862656051,0.42419832691900444,0.692925325183553,0.6236545004043448,0.0
qry_8bf0ae68b4101313,0.9396858294658138,0.5579777143911973,0.6038227820464283,0.030638664320207294,0.4500114797049264,0.7506825702116524,0.8708924333473221,0.030916980518474375,0.0,0.5554899696715492,0.1179561611494539,0.5537070532174511,1.0,0.24646738263842935,0.018051410027632667,0.9609973821974714,0.4367606196261797,0.03322055021827804,0.4391882652902105,0.07073672547278013
qry_6b1cfbdc4b7adabf,0.3741568157222878,0.4700003539203764,0.4790201257855431,0.07621276022145912,0.5914173304248145,0.43206256210961536,0.17804779434219378,0.3853664640931727,0.21505125594360242,0.6799614223455512,0.0,0.6183681767472935,0.38337707034637364,0.0986135473176793,0.29188696540511144,0.3348718199819011,0.7055276179575721,1.0,0.24442048452437273,0.4421777096007859
qry_caeff2386a8308a5,0.8107622417643369,0.8725062812339135,0.9071525388005962,0.6014904138681326,0.24723531400261647,0.775929078019562,0.7037319225252375,0.30859415082073066,0.9689529303072473,0.42011238574645815,0.7810987422198237,0.3589125019383868,0.8332460757554423,0.47866836882370145,1.0,0.8356053950977727,0.0,0.8613989784198761,0.5663689069344345,0.8452946365692785
qry_3036cead07ce757a,0.18697212998513313,0.7250369228180722,0.34743696741760244,0.07175659796821196,0.23186922594720816,0.16584896526193563,0.18137671616115789,1.0,0.24579967120825405,0.1921033959505219,0.0,0.8964912739649665,0.7550700293625303,0.7063520912321638,0.16529055055600847,0.6346707026322279,0.19799838751675877,0.022942250688106215,0.42607689898986867,0.12496225218565202
qry_27cbd5886d956e5d,0.23620545506962118,0.39036395074776165,0.409698291771112,0.27120871876815383,0.23088195110591936,0.5969941148794915,0.9332235628591901,0.2869697039724148,1.0,0.0,0.6283091394651324,0.5254742787142928,0.5999037705485897,0.34841392356981554,0.2779112085714531,0.6811458343018438,0.6303573952062151,0.19645905521122548,0.12876762178753398,0.5120362730252185
qry_7abc4dac32ce98ab,0.13608088911549454,0.5794971942899175,1.0,0.6253862449128867,0.5131843472043537,0.6087765937140229,0.6968130333269316,0.0,0.17850780879027178,0.12045634116953029,0.41821349012492587,0.6774760124763309,0.07860059243938404,0.7102161518980246,0.5617214986449016,0.4494384177017576,0.2830377595322338,0.6516093590515233,0.7623697386993097,0.5024330425300175
qry_f6fb63c556d97019,0.558289099807535,0.7197003996463295,0.0683205677085032,0.912378052144744,0.6615972521408038,0.9169042461169131,0.9731109957881333,0.009954047455179912,0.0,1.0,0.2223948296931586,0.7953189278707967,0.12813694794413225,0.7830745470019438,0.11100114656854958,0.051018627140641384,0.15930569031258268,0.4133221784342632,0.7438565799296837,0.7771264995566838
qry_3daf4557d496e441,0.5029798624894549,0.19114372664844922,0.1433084008996138,0.5744040812641426,0.20089735088404428,0.27805272460953606,0.4998959882653908,0.8716082850386925,0.8763361131884745,1.0,0.6572156740212889,0.45883817801199694,0.0,0.4428803141492178,0.293681636525471,0.44129164540972315,0.3393288369890775,0.3821809046483187,0.2828689137509787,0.5573238159463929
qry_6033276483d7f888,0.3745301091436483,0.5332690734143364,0.4622545058003542,0.39967693598910764,0.4282895052292972,0.6643711527189331,1.0,0.26942840642142796,0.14778435116047736,0.7677112558759464,0.7794052915869567,0.8286004904200404,0.4639881414422521,0.0,0.9334779642600609,0.42465006922582205,0.5571833497743215,0.42990638757703703,0.606483619852935,0.6637454538519548
qry_32c9027aeb134be3,0.47793877904026383,0.4096832774600638,1.0,0.6507877016451864,0.7059392898139875,0.05948817996514256,0.26703864347959927,0.27155073833037513,0.10424322180062855,0.04290973131592495,0.1665894992447504,0.1284049409208775,0.16741804840539407,0.2934432086237397,0.6374990258550282,0.36957412572375437,0.0,0.3880034877452233,0.16805972476282227,0.49318375566434
qry_dea610d32702f996,0.9455259697826359,0.24420633115887394,0.38688429736678653,0.331342796296205,0.12937315712697714,0.6818272467705068,1.0,0.6867651117197272,0.12945568748704459,0.1463533188444376,0.9487650205840898,0.6878042912330797,0.3279155016237641,0.32445188291493826,0.020847590249718464,0.7661203932491263,0.17493515119105535,0.0,0.10667521950924698,0.9265512196900495
qry_ae80ab10dd8e5d58,0.35783169338368986,0.5832706390644118,0.9941488748404312,0.8425573369485371,0.28621736802230824,0.0,0.1819712921550755,0.5142564265296241,0.09250346836504324,0.36879380089636205,0.9376968493106146,0.16214683634814384,0.517193730946094,0.5908612176813022,0.765238128929278,0.8108692613006765,0.29673761933273907,0.6016451910369948,1.0,0.49926532442673754
qry_5e82f341c27d600c,0.4699746505356057,0.9134089563378105,0.45692609817950186,0.17919246764381913,0.44378358072041657,0.4597820721441764,0.5065382751989603,0.0,0.4540803237967159,0.7370650000229433,1.0,0.5503351265145803,0.6554855941891401,0.962370999701728,0.6482772670508163,0.6736337813455764,0.7342838538829087,0.5057292896358524,0.5707543566743091,0.5375997419778458
qry_6ee66529de781042,0.200628324479205,0.7640776441438765,0.7347375619906239,0.26924280880942686,0.20444347505109592,1.0,0.3757947854144309,0.21068071217609718,0.03176365697093645,0.0,0.15788194165946368,0.9712509696146265,0.3458060024961267,0.14832989014484793,0.3656371203401664,0.7134424103794197,0.36745479939629894,0.9590108200350379,0.16938294147916821,0.15394628986810707
qry_3aa42b19a1cb42df,0.5113406854636537,0.3440373764007895,0.8857683543065862,0.8372772104094344,0.0,1.0,0.6222211443790943,0.5841618305554224,0.7100202608247653,0.9132292574120854,0.00015723602423928468,0.6797724132769702,0.8210617647374538,0.7577855394261575,0.30262944580457996,0.5798273476810547,0.030340983344835995,0.2769126857501298,0.582632374675394,0.741825965566873
qry_e2ad46a44dce8243,1.0,0.2192311757382239,0.1612963552133814,0.7439011780140596,0.7022323366277594,0.5741887570789952,0.7705606781205578,0.7438636460185075,0.3026363416527479,0.48550108541265985,0.9272912106686295,0.0,0.35071168839542655,0.7259019544929969,0.5927347528232118,0.9205253853002634,0.9702158100869253,0.3408564516132633,0.2906608694350049,0.4917520534507176
qry_0ac9758300f7df69,0.0,0.738570713450307,0.06409933328288508,0.5236679828000973,0.830787779346076,0.3487370940623082,0.2104565450466852,1.0,0.18516802027549967,0.6660913191045645,0.3567722368581847,0.6718804890096045,0.6111426082447319,0.8204312535588014,0.46737729879480294,0.5864329814548975,0.28538444044128625,0.39302910078533654,0.7565616578206544,0.5941968077866455
qry_fc7570d02e5db3b3,0.8803525645376431,0.8613787371726929,0.6939809112244574,0.813485561222165,0.0,0.07277810324550207,0.8799513749021495,0.8653498533341888,0.5968190515199476,0.7276821261622556,0.8844563950826185,0.8678857253537547,1.0,0.18608714743724183,0.6017262994676955,0.8133243181268217,0.5648181866875107,0.2611160714598431,0.7518636365805816,0.9213246434951242
qry_744b930eb52d78d5,0.5692014263782081,0.8790209979448768,0.7747787293990175,0.2308190721114388,0.6684496893133138,0.39931274528328053,0.3133244853995467,0.45030864596653114,0.7053160776770221,0.7481047592561249,0.6268836380733981,0.5787650409180225,0.5892926343285045,0.9015958316648406,0.9493832640964514,0.7754080671998702,0.5476930664869187,1.0,0.38056717152288316,0.0
qry_dcb17e0a1a7e454e,0.5087075241431159,0.9676033870717596,0.9261513303920539,0.0,0.9590203516932883,0.6276770542936982,0.9966662298025539,0.7073685600167845,0.9681096138567863,0.851888637949559,0.7820250453598123,0.9040919909235006,0.9489600706806276,0.9514912291103741,0.9998049266491973,1.0,0.8422266594587603,0.6614105744312613,0.8833094449164252,0.9305101824831813
qry_bfb774cbe14a4143,0.4776247090210557,0.0,0.9075689368233958,0.03498632628398836,0.5306093794120587,0.688990449419337,0.852511138499038,0.847752014327623,0.5528767919421828,0.8068418945748803,0.711345536678897,0.36859230061645265,0.07000444230866255,0.2771844599318507,0.541701900581041,0.3167254599733849,0.4915715709046905,0.09960175911955343,0.7826315651455223,1.0
qry_5b68610168fbfb37,0.7694793830873636,0.08932513399996346,0.4617770729609593,0.41960558942421433,0.4453946627946988,0.5059713109129265,0.6378868870068044,0.4782417964936463,0.3252745965687843,0.0,0.28001424358351285,0.6484191034480169,0.5087619672763496,0.38434574745041833,0.952851672304639,0.41135110168865663,0.5416782693567925,0.6082244415372545,1.0,0.365211816274596
qry_1fa245c29b9d99dd,0.9285924350971123,0.3602601712812209,0.7429654512620666,0.25171695941717814,0.79339888717777,1.0,0.5346098419198387,0.8307708629057275,0.7543532077861749,0.0,0.6953417938246041,0.8779993592127855,0.0848141153278665,0.9363661878994639,0.9896419666131768,0.6291981716305516,0.6189999414372273,0.5632198048254838,0.7076410688817504,0.9784351425282237
qry_bc896d3c124b3143,0.13498559815373315,0.8558156855344815,0.88753147193225,0.5223784961505682,0.6529038368266024,0.7877915917652815,0.5360639001279451,0.9148270349156139,0.4838095297304235,0.7756355117678362,0.39982288562442686,0.47940048841389815,0.8606059033542818,0.44010392016453737,0.6607071232531516,1.0,0.6312755432143599,0.867896137338622,0.7305785481713912,0.0
qry_3a9dfd2beb171549,0.35811907231056744,0.2903746846499976,0.23259457754965623,0.3840606958089259,0.6376878881393196,0.7009948795001416,1.0,0.8495900114305002,0.4086770422004074,0.3626024586253068,0.4752401313194162,0.459956582661513,0.0,0.6292582531395401,0.14330392275478995,0.2814846740305083,0.5243875788862377,0.5169089747837456,0.03240270100841774,0.13365704925217273
qry_ada48442cd135f93,0.8959241714787171,0.6362892636611953,0.9904565692366732,0.0,0.533698749766248,0.595480268479992,0.5710248271694334,0.6583397903993652,0.2856474049905029,0.11801228793510912,0.7978590111609362,0.3304606015730002,0.9442967947833527,1.0,0.6600424286683934,0.9729668390997681,0.2150723082064714,0.36328127168209373,0.43252503645769275,0.6751861402869284
qry_3f8f7f696773335b,0.727248774709286,0.9789546126209234,0.0,0.044227456131741116,0.07005693387184432,1.0,0.18609207761082772,0.4970335915013116,0.40159080805973124,0.20511048815174174,0.4441390964881202,0.9999669770015417,0.444105517365698,0.5829026313115192,0.5602977571567658,0.9604147244552862,0.9848352188689269,0.6567635052631399,0.8784095819239193,0.03955005888791052
qry_cb8110eccd3d14be,0.9912099729089909,0.7357988915888553,0.589282296107422,1.0,0.7646889800916269,0.497995060080847,0.9638835345685205,0.5971080674152901,0.7449192207340682,0.40140907655120717,0.6295175825354317,0.39277552329811233,0.6505070172823946,0.2518628578215898,0.6226015910845025,0.37264763748675456,0.3602782731968258,0.38879676067393454,0.6631658777789521,0.0
qry_655b0871fb2fa18e,0.215251430984278,0.0,0.5846258018508025,0.6849814602744584,0.10337155541246874,0.9698849878383695,0.2616892605932191,0.7647225237553019,0.7306496788316309,0.6200333377555086,0.16185574875544778,0.20703610185270588,0.6112089898211528,0.7265153997307173,0.5331473927246833,0.8023375280453618,0.6597675580588956,0.8373692179190049,1.0,0.6280437350276422
qry_4b05ebe104dbbd50,0.2806146183690193,0.2589476026694382,0.6757184334752797,0.2815326451355643,0.4077944697297714,1.0,0.4176751857791778,0.5950068803797254,0.3847627276584648,0.9876114796849763,0.5585167958279488,0.3972537077484527,0.41462687400183235,0.0,0.05851889916873617,0.26418676416743053,0.3568420789719099,0.0569557333020953,0.4468070331620283,0.9175030418497014
qry_d063f638b96dcc5b,0.4438646845723195,0.6406233696891337,1.0,0.5481224576948766,0.6335713083034035,0.6833284572749713,0.466976662565987,0.42669279503377844,0.45930645274501436,0.8594817101072142,0.0,0.7719603062895081,0.8532733433148701,0.7278086239372986,0.2318209138249483,0.8764934624373024,0.9271387154177433,0.9056026125749115,0.690811874187638,0.8081102564334155
qry_7d352e9e3e198d7a,0.9108506670290295,0.32554002709499447,0.1355565203767978,0.39083199113658884,0.8647240818488849,0.22889696927826714,0.29825794899844305,0.0822338542742772,0.044226431838046094,0.3381438889812975,0.8894008380405414,0.42359601180714634,0.32512203889053826,0.7700474008167512,0.24032663741477053,1.0,0.9990595688702812,0.2665287171317331,0.34287772102949066,0.0
qry_99619b9eea68ed88,0.9968333133166457,0.6511171840313646,0.14696412001501974,0.42981658629647873,0.1979116854570717,0.9137991591128629,0.22064417207523468,1.0,0.27459762956893946,0.03316276585785611,0.9855606815317319,0.3985079308168827,0.7328080648486087,0.2579809433447731,0.23370174674706656,0.40806094826360645,0.07810567200486308,0.4238624367697348,0.0,0.28349734028985024
qry_0fe1b6c46c74504c,0.8949850492996607,0.31166335744829804,0.0,0.890681993023171,0.44836866928933555,0.27824851507152265,1.0,0.6406457758754103,0.6127996648425177,0.7875391435209527,0.17553012270941729,0.5737493976976261,0.029460020548624365,0.4030821326375018,0.3783138425153698,0.4648188416403022,0.5970249226549927,0.8413205581195988,0.6765137167154386,0.7422677433632817
qry_1fe118d9d8edc722,0.9231904024520162,0.9691067167931454,0.453721713130474,0.45659229767998943,0.9458935941307536,0.9471257532061689,0.35806558507483033,0.5556562453328461,0.7571195258071233,0.1899764527793559,0.0,0.4005645210841443,0.6344795610126626,0.5613029592732791,0.34475123067504576,0.28550385900218406,0.3575903762644956,0.5301466885457304,1.0,0.2637580970890559
qry_073645e9ce8b7b87,0.8972954176404843,0.40565474418169406,0.6670536526088848,0.2953902309602564,1.0,0.2900395734507419,0.4978700082177355,0.478460551603628,0.6580146735778808,0.6978086361442388,0.8369466482254114,0.5542304742697038,0.7668104419935023,0.6662288754282366,0.5255789918664847,0.0,0.07201102117101499,0.4197646492189244,0.002901399497252348,0.5701029405847317
qry_9395ec6681056d89,0.63361480474094,0.7740188741150277,0.7268803401746461,0.0,0.3291055325542646,0.2758175738990745,0.6199276081364307,0.6813530853960097,0.48543919142644826,0.7630388803278898,0.15524903428311737,1.0,0.8090419743350754,0.9384868178012646,0.864099204082053,0.8354232609225003,0.8955994239246619,0.9510905430160741,0.291491497876923,0.6274117076885352
qry_e1f789afd8def48e,0.6655709585836567,0.0,0.4796551216446258,0.7825853792782657,0.6824790950786108,1.0,0.5895665931098568,0.8733644124112119,0.6361288990219479,0.6347493859875529,0.6107802117865361,0.17476489469013654,0.6001739794501495,0.3989236039396649,0.35724134200246066,0.546934514130497,0.6719221509773471,0.9283645574903648,0.598108005084073,0.8478827984472584
qry_76ec01b57c363df5,0.2940431335215414,0.11090953089297827,0.5857372943925871,0.5782909369447495,1.0,0.8051075538115557,0.17769239368906067,0.20873432851441115,0.360289505984788,0.4412349378854832,0.0,0.2048209215076641,0.8670760748017535,0.5503379076224459,0.9540283516035171,0.16542221683184044,0.401709513759501,0.4068315781077836,0.14959423208524084,0.37870042868377773
qry_df182d2fb1c8267d,0.2802569609259168,0.6791515455310457,0.6625817564722151,1.0,0.20186742840621932,0.0952436533284667,0.0,0.6854703689878103,0.22983073623572944,0.8404802741805228,0.8398265978706356,0.7887888615132009,0.8473849088914522,0.48494962297660127,0.8984832031990354,0.5241111292308794,0.965703658738886,0.5725712040351548,0.5497971399059967,0.08065551617044761
qry_7cd639a5e7a81d66,0.918276414650582,0.6098380386016699,0.9498440960998221,0.5569807064824807,0.3564653832698486,0.6147162717326651,0.6606314806286225,0.5269674348531667,0.736055805624671,0.2963707386248201,0.25080709463177253,0.0903814866972242,1.0,0.0,0.6992652656832433,0.3630022699093869,0.8726968556529522,0.540308604167224,0.8209984225391459,0.19731946461268596
qry_28e0155be10be556,1.0,0.7040200910279333,0.22934096133995946,0.8410530165090933,0.8355175944829647,0.7830649409549693,0.3811384147455882,0.5189134052946572,0.9045491553659407,0.4923682467382436,0.6008341479577097,0.2944514464950238,0.0,0.7177464433035116,0.7815424992321032,0.6104665454548692,0.8008870580952222,0.3545417435442106,0.4057725322151655,0.046879748947927284
qry_404e645e6784bb09,0.06891200889039932,0.9108013623638961,0.27321707592482675,0.8345952310486517,0.9707420546411404,0.22825793821446994,0.7705170442664394,0.139459061489142,0.07055771325658752,1.0,0.6605991180190702,0.0,0.6330242719559156,0.5948465198411986,0.7519656462016535,0.7452977936242804,0.4905561571600722,0.6559674498641183,0.5731103863966444,0.7727708383776818
qry_8a5dbff277c3622c,0.3491681440303995,0.48354821196368625,0.5486879877248942,1.0,0.5913229600771414,0.051223915145912846,0.37326562210198255,0.5930371747135817,0.9433088540918485,0.0,0.37755983720586167,0.44604489855956375,0.3379287833131664,0.8479668566312609,0.8334953912329726,0.4300216988956833,0.7201866917619323,0.3829559549950012,0.3661379361263536,0.15725778802027218
qry_57804d43c3e32e2f,0.8542698927402188,0.769677155863312,0.45849349409364687,0.3648875899462958,1.0,0.46069593765323835,0.7434442235051112,0.9761684560805342,0.5620548931364626,0.962397900856373,0.6002303627090707,0.6969122806831232,0.0,0.08212441219207789,0.7327789982474346,0.8537610973999624,0.9317770774387075,0.9160109192884326,0.20699170549232596,0.9092693061055029
qry_fa8f02ca17f79ac3,0.6296715036935709,0.6997763612263042,0.801433768195954,0.5856611178219148,0.8599605477338084,0.25989971522204863,0.9228770170799883,0.8295306607684705,0.0,0.4428865132990893,0.6771695510181516,0.9482246936837457,0.9651528376050317,1.0,0.5172539366782705,0.9675318813048762,0.6268771305965644,0.3380426719286602,0.6888065736924537,0.9381923507845991
qry_3d0720355488c7b8,0.4419581423240984,0.0,0.8943104709755593,1.0,0.801012108932652,0.582652823209802,0.5483958440003432,0.58702401213424,0.8861533931442834,0.19653492625267532,0.837586631254407,0.7984485879706582,0.7232551171705031,0.5643562788205104,0.4457814489743921,0.200876174972482,0.6556033704196145,0.9534067213242243,0.3442862691638866,0.9001050098854968
qry_72211f261f3b59e0,0.8889385361781011,0.8063006068301762,0.6090098006385771,0.328428477170184,0.9855516525879104,0.9228005406965112,0.6825155695675068,0.6071315215527846,0.5786332700797484,0.19974228213515266,0.2852742817364513,0.4983351698453151,0.9372681571769674,0.7032062422408605,0.23839734925313225,0.0,0.912158781738885,1.0,0.6229089305045027,0.886713580843643
qry_2bc9f770551cae5c,0.8044561450366569,0.46665573050216985,0.7551903687116326,0.0,0.4573404302521386,0.2119102852422409,0.7625563908860218,0.2616876352986719,0.5768069878204232,1.0,0.7764601852994689,0.31586417242926657,0.4833336495203907,0.6705897716217699,0.6246686059546684,0.5930702807349221,0.2333947995329775,0.764186027547812,0.4810034829660854,0.45006101685536487
qry_9ea49c1e6008fe98,0.9423707722869757,0.12000049931207993,0.6630588740687793,0.24803001675631334,0.1715591725345762,0.16390333682047648,0.8779472242449229,0.9180723155757382,0.3366470776500582,0.8458505810019317,0.31941011154452364,0.0,0.3982264382803972,0.1659218326555207,1.0,0.8025836927226367,0.7590278522169234,0.18713761627841388,0.8922549175179146,0.10297358367858377
qry_17ab0d6bc2bfc438,0.8245498836453277,0.9558791745406475,0.46000444362224063,0.20807934887034463,0.5894038549508057,0.7449961555471292,0.36077214784691614,0.5373183197426434,0.372603189338934,0.4823885485355543,0.5994774320609141,1.0,0.4641337017422604,0.3284484463068603,0.16480736164749496,0.7274393177948733,0.0,0.8207330705166409,0.1946146609064439,0.6735144680330564
qry_c036b860f3d4dc4d,0.5128536576840791,0.3053333291762463,0.4391779928026449,0.7194165329786019,0.19669832190236647,0.454288439689634,0.4798251638884877,0.09416066363144797,0.26346928719302387,0.491123227192533,0.4809291851191554,0.0,0.32959256757989447,0.2419859138191621,0.2601267274845586,0.3815706102186718,0.5245126954077851,0.4550211552314866,0.2718881564231176,1.0
qry_58e778ac011a8828,0.7145583531543481,0.8017328191029128,0.330806972210377,1.0,0.3370366263272156,0.7242491225036213,0.3676177092457399,0.004269259166693627,0.8535295665822397,0.6141924774016099,0.622431601602484,0.34934825056712193,0.6244580446581679,0.6255063200679911,0.24139729074647057,0.0,0.2754042249072724,0.27176113081824155,0.2750590564551211,0.9931000360894495
qry_19ed7efe147eb2a2,0.8428439829461885,0.1961385640168248,0.7065862126226102,0.4647472449741571,0.4283803856362301,0.25781246124277124,0.5111025881872405,0.8242452190204294,1.0,0.8219320866724842,0.1545160377698083,0.24437000323641717,0.9790461802409425,0.07498789400992528,0.0,0.46377135433495836,0.6949268658715078,0.2841682644390156,0.37970206638168935,0.480801153992353
qry_807fff5609a83ed2,0.8104396052977654,0.08405227567350552,0.5483012092833512,0.1602728600839245,0.8672109877006048,0.1576112778414858,0.22812673475593048,0.43297626916737814,0.6847457631450128,1.0,0.0,0.05609575740117812,0.7636315714205442,0.5736143243867645,0.9245312008594675,0.6341219842677747,0.29404195950879347,0.3311425631632676,0.9575193448517596,0.33305199795204327
qry_79d2f9c281bcf53f,0.6897729260392302,0.12142418068739273,0.149588131754882,0.8538048950495318,0.4396444189247591,0.7744606538139894,0.5483868159255192,0.4119443292072829,0.9824654591611468,0.908654606899488,0.8127132029951282,0.0,0.8244728723340269,0.3290963177357973,1.0,0.9064351886115299,0.3349293539847072,0.45302324249067566,0.4336201664880105,0.2531468899589963
qry_943020e48a9daf95,0.6730803982777883,0.7538526746928422,0.1793726834425454,0.7092650751007755,0.3237946802068514,0.2599391716158022,0.7391216087919991,0.3228280118726872,1.0,0.06518683308788556,0.49781682463280136,0.7623907567867633,0.8302818188110008,0.5581717144566264,0.6626222437009751,0.5372037254785806,0.0,0.6882284170164875,0.8594045798148967,0.3736411946263236
qry_79c9bc3271f6ab8c,0.6158278444230847,0.7288655616565516,0.7134999405831121,0.8091312870906142,0.47897388089589393,0.5065173149170409,0.776230510825728,0.22683102810154665,1.0,0.685130699983432,0.8260217468099478,0.0,0.332821764969843,0.53515836994917,0.9101088835972795,0.3880108751258076,0.9626412866015872,0.6888874747086738,0.5418544113770594,0.24190500829290332
qry_9eee1b988670c4c7,0.0,0.3926532235010677,0.5474536798303445,0.9897732812875407,0.5148945686381871,0.8847730048543968,1.0,0.48619769929234125,0.7418413903446384,0.7519218244473703,0.687211026940014,0.6597559153854723,0.46559624199749733,0.07787693022173807,0.3716115749581404,0.7793696760459264,0.5397023959799634,0.7743324884866307,0.7877620106888386,0.9086122784113334
qry_8e558fe9b1e10203,0.6056531251807965,1.0,0.7702205486781639,0.016333231657298077,0.8370106916973165,0.0,0.5181992308451948,0.5800796487786564,0.15067264945728762,0.6707505395187433,0.5453994074894252,0.5246512661459709,0.546216295426053,0.8240603850636705,0.5106900925433189,0.4764178163167512,0.4377812617113836,0.6782561567572125,0.484076848428387,0.5561376897019017
qry_b7b82e9d61c0f26a,0.973544832831093,0.7243051023158416,0.4940291958399622,0.1375090675283492,0.5588761261518376,1.0,0.6297641984976551,0.6427754386566716,0.8457443227131873,0.6369836763330431,0.28442981164023723,0.42041050420337894,0.8776151375040329,0.22923169862817006,0.8953393644502903,0.0,0.698007755076764,0.28789825396555174,0.6373423438261513,0.7577725190761131
qry_26ad1df58f32b370,0.0,0.48276756748047506,0.18836462897247438,1.0,0.5322236591756139,0.28159517904966463,0.4412476603115212,0.8309400825428322,0.1444017382224254,0.6009166737165073,0.6026339134809008,0.9359207752827652,0.8754609444482346,0.3415442501090847,0.6068769875638274,0.22735065788334183,0.3139028801246124,0.39100494702638505,0.7657679911104947,0.24630558017879084
qry_a864e2aff8457a5b,0.0,0.8078527087812986,0.5794975065071162,0.5267967909515864,0.6464345621662285,0.31755474011629276,0.5203675411435623,0.3783952399257633,0.6373375545683891,0.4992739286124184,0.24881948308445306,1.0,0.14710435764342905,0.32991180559033434,0.9119535944841533,0.4113699084153199,0.7164558884450102,0.2255192716607155,0.8538028090092119,0.4496540426353372
qry_49f7618df896c449,0.5188758431016961,0.4725736216526866,0.3381435268812761,0.0,0.25990132447362096,0.9167232899538376,0.8667540156825199,0.7123025524838282,0.9627408186499302,0.9071290077614599,0.52549715096876,0.9375579824997017,0.8103408445708717,0.8886495838564882,0.5354366363350439,1.0,0.8782861817293948,0.8143761663048988,0.2842577457449502,0.9018029591113317
qry_b3bf6a60e5b8a2f1,0.09059180902929218,0.45518863093656164,0.7385244818932974,0.5540588915171644,0.017506738251234357,0.017303228574672508,0.16028640547917117,0.0,0.14634649944917139,1.0,0.5156987462293137,0.08970819984207862,0.21581795859412112,0.45505262705287575,0.062092344670038435,0.5133588504288432,0.336185378633753,0.9909094077874513,0.5709431590008887,0.46907828158772047
qry_d59f60ee110024b4,0.772560639365798,0.06376074445837027,0.5908931562673264,0.6509330891392131,0.6445939949035826,0.9546542605693598,0.22802967611860367,0.6294575211175235,1.0,0.36731344327396565,0.23241587515398743,0.18210937902869426,0.5831332264519993,0.65127218443486,0.28346792181385005,0.8524681272033328,0.8608777692957449,0.0,0.6260605780859685,0.44461624717579584
qry_f202bfe05e790017,0.7842952062878787,0.657372226326521,0.6702528249875249,1.0,0.6459285073797338,0.7026819876485468,0.8406960772785481,0.4765385206860676,0.08005312625277805,0.5520207935694753,0.0,0.9959617172544316,0.6840478136619185,0.35349116901283323,0.668870786363633,0.6550698711631154,0.07670695345054579,0.5777187567358288,0.8542843154874877,0.6861225410156867
qry_c985a58679de9bc1,0.3759848370728458,0.9462164298723289,0.7228722023287438,0.3960905147233967,0.36141479054476333,0.13944453657136188,0.6338232451080023,1.0,0.5624268234539623,0.7341801821298559,0.39322773985402276,0.7438688395228025,0.5755966430750232,0.7583050607898348,0.9362191657406296,0.42890366843455807,0.51676762810653,0.8521144671421597,0.0,0.7000303906224056
qry_ea336d47e03cd033,0.7609587983379255,1.0,0.22606604218393356,0.15524168921745898,0.08214234203354877,0.47040190526140463,0.16380845431002702,0.49555785499941296,0.8502304491567779,0.33246439388310284,0.21840795741440092,0.04245830407077871,0.44104262950948686,0.694809940077596,0.16778234511141743,0.5087271380826316,0.41046440934215145,0.9241700300577688,0.8693353020886061,0.0
qry_3ef27186f428868d,0.4718369572254369,0.41539379119526015,0.31971231161371877,0.5929154109058588,0.4999092042675458,0.30672364540505737,0.8971313785037074,0.8352662749726488,0.8177387634788916,0.5794627951807284,0.7596850671736957,0.0692013605652751,0.5115094418050778,0.5520270119264284,0.0,0.849398539655701,0.011315749886796855,0.8815678018509749,0.5591937405626866,1.0
qry_9fea8930463a43b8,0.10105434127682096,0.08876332813573151,0.29626185939382743,0.46614278564745104,0.45054058216777115,0.9723855433272818,0.2342249915794185,1.0,0.16949548094714081,0.4446063082779261,0.3050030713177073,0.0,0.34180826708036555,0.10282587965303715,0.7814408694364999,0.06415093768245315,0.40350215403359335,0.29032658329736644,0.551868808640447,0.584473963086578
qry_487722d5f8489027,0.400877083040296,0.7393942510921332,0.36759230534792203,0.06137675666706915,0.8952488220578175,0.061570340134254775,0.22956992945166702,0.0,0.38923455734760565,0.15019056068989078,0.1819090852119125,0.16638065859194084,0.059083993316042034,0.7611219622909866,1.0,0.990467820966499,0.5374361834671789,0.6520560200436256,0.630682698134957,0.489062411237487
qry_fcb597d52a47c43c,0.16749458024722114,0.3786093997770487,1.0,0.6492021314690274,0.20204387952073213,0.7526875188413926,0.5488150330880773,0.01765548989175926,0.4857879445223127,0.2523956448112755,0.11998657296084105,0.0,0.5996932833711104,0.49152888510239795,0.15934400077493374,0.6789673991814368,0.264266551929836,0.983715871134783,0.29286362104767044,0.3840616205880926
qry_27723c5a73be5e10,0.06262117549308585,0.3772616596569033,0.31694438067977354,0.6371303604249716,0.14109081400214354,1.0,0.0,0.7074190624506617,0.39653139960349487,0.7282106558567932,0.34575939595357447,0.08846040011581904,0.07034843952944998,0.7515459059177707,0.15566831100712325,0.5893512285423425,0.3932518493595498,0.5029967384086893,0.15066479966853172,0.5344736019807842
qry_6b4d6f202c8701f6,0.3428610287031629,0.24474881604681992,0.8877822788984513,0.4231356272845057,0.23578907747402908,0.12921988732732723,1.0,0.34563284355848006,0.421294037102148,0.8090091650800867,0.27876412713101334,0.7361388634640124,0.8465825580482512,0.6541542600290688,0.0,0.7733820243471705,0.7253979144866807,0.5421285902430276,0.9571168353362227,0.274853165694308
qry_9ae3cd4159d6d3ac,0.7816381795630497,0.18541630188117728,0.4304685413719409,0.573635361456983,0.32590746050971775,0.6558670477949535,0.38278880337761956,1.0,0.3782712491056113,0.5847130690061972,0.29724202103749064,0.49195585351963816,0.0,0.2827858397972069,0.3985105516364642,0.17483283530652682,0.555196359193761,0.9891212226525946,0.0006299170608058842,0.26574508466351976
qry_0ec1d245fcb5de77,0.47954285946563907,0.18840177150275236,0.41326232571976795,0.6242979998165856,0.9400206295576381,0.218668756381709,0.6060192005247412,1.0,0.36333870923221556,0.26535047046542737,0.464955260620009,0.12599319825818653,0.0,0.39520408761316417,0.5302671697573542,0.2295640514889038,0.6854332150698135,0.20473739128185744,0.335374247712174,0.455915723092632
qry_e01dcdc5110f2d12,0.264239994703275,0.899204713853547,0.8170207089270674,0.6462167435702875,0.0,0.9185785383145687,0.9401461287734757,0.6452668023597417,0.27510105476708824,0.5857297521746778,0.49541464207936176,0.5069239984838021,0.9149676150781141,0.7848305969763768,0.391362320312852,1.0,0.8022085712376199,0.6414752523822644,0.5140729908850521,0.5669968445083645
qry_7ce97035b5b57e33,0.8375252430633802,0.0,0.13277613969218163,0.237389832056534,1.0,0.9044989509237623,0.42984604564956963,0.26888339701522673,0.35538462594749265,0.24976388463837634,0.9039691078294311,0.555417269265144,0.22871204349572352,0.7579794157276472,0.320389585030357,0.980865423182683,0.6351888162638883,0.17944413900509534,0.9357127055538206,0.6501283538571534
qry_a593edd0589512a2,0.5163988122266036,0.43764344187186716,0.16136980815433302,0.3062250825615878,0.3419612261586835,1.0,0.0,0.19875909279655363,0.16106465432688885,0.12722627293897273,0.9828476941159147,0.4437294141433228,0.6614966769864701,0.6512043885627852,0.8207233879390965,0.22719459583890309,0.3444032477084192,0.9191995427802402,0.1213174582658917,0.09837260165982463
qry_f073b30b5ecd9dc0,0.0,0.25970542311839845,0.34717227216428365,0.07372484992312767,0.09030143791947282,0.30694722290718696,0.3479768773503867,0.3015893498799985,0.16994912285523198,0.2817783939923036,0.3853188889394875,0.16772310399350607,0.32154575232496113,1.0,0.6480896229348172,0.08671949422075217,0.17612201785759743,0.27690751354649246,0.22999823994693386,0.048787162776430505
qry_7ad6ad77e0dc1926,0.5302660949565158,0.6406219704011523,0.6542581986995146,0.49750417243300826,0.6920920154454744,0.7109990328779873,0.8442643162713594,0.38517636497685737,0.9417882170242066,0.4211597630629172,0.1581894068631105,0.8124220618706212,0.036897738617561626,0.8755885146752596,0.18088357489566545,0.6866371332190644,0.0,0.9938347265429677,0.4714284290429949,1.0
qry_4b9644978e2d9cbc,0.34446239700354037,0.829697884495651,0.6453870380852995,0.6056941404808903,0.9280145189913893,0.7734167386199384,0.6589450908571245,0.0,1.0,0.43862656888145407,0.4018578505949883,0.15111843941788566,0.9557530131428106,0.5309916221949742,0.6517037841853451,0.5924797123195712,0.3742294092070825,0.651506531432172,0.7326151880515865,0.07404448628943276
qry_eaf212ba46d27bf6,0.8713304662788158,0.2832357486831851,0.6707020796512114,1.0,0.5261997144756326,0.620144327000457,0.4321263878533366,0.5608347897419789,0.9547572261394295,0.2061132786853095,0.8230645510068617,0.17842397435643584,0.0,0.7149047359943145,0.33500479681505463,0.42466305223669804,0.6009348459038122,0.7285985408549759,0.9969680653015488,0.9347865720855731
qry_ee6daf91266219a6,0.5958070829830412,0.9876146803525756,0.4990780634266292,0.7224919898916212,1.0,0.4833253647957509,0.966610562066135,0.8176102838470563,0.8858853265780098,0.6573679139655088,0.7512885633511547,0.0,0.5342001787819567,0.5501210274361804,0.9722781293580817,0.9701710068691518,0.40893628321671227,0.2846776834294968,0.21331370326687019,0.9274922689744518
qry_4d783a6e4b768578,0.4316921956216537,0.9119560845758028,0.6625354122026255,0.5663724459486502,1.0,0.195194400240529,0.695400385964167,0.7336359039971622,0.7165730687785367,0.33052065478385106,0.8724066989605044,0.935077884612025,0.27773704491246964,0.0,0.9647911703411074,0.7871593283808569,0.5274053217895989,0.916899139594778,0.802912779988193,0.44766767680777464
qry_34ce216aa64c0a79,0.911430149473887,0.21231402849852274,0.46370940339610023,0.7175032425190045,0.9131070436999943,0.6771897193009064,0.8483701818089998,0.5682456117906984,0.6648319985667587,1.0,0.0,0.3752562694931189,0.6714953375014644,0.6975514107161809,0.9531290635297304,0.7109156028386193,0.5313026925644163,0.32850540670271966,0.7775307435922126,0.16107366359891387
qry_7cdf95a397a06691,0.5309716317945241,0.7276340074656933,0.7826735973471229,0.5062028316600786,0.5356632388521173,0.5103039555405267,0.7220035867445187,0.0,0.6168705271881413,0.7535921971949878,0.33677312049053126,0.5837375222166318,0.09843599656203217,0.07830175408554646,0.2996255380052803,0.7566328080065998,1.0,0.11847428123289394,0.7951267795710688,0.7395958163867363
qry_50f1027d3f7b1459,0.8660337450102237,0.199290378923097,0.14788387113482104,0.3437681283384534,0.0,0.4298351624698554,0.7706722170839789,0.8934339010664932,0.3320060343633634,0.30944968144654633,0.4097186023002955,0.6027288421887265,0.41903587919343105,0.7048113330880539,0.5953076254937831,1.0,0.666682366272568,0.9327514568029076,0.9138292386888526,0.7288250251817397
qry_7e83b8dafcb2272c,0.4174457525187466,0.29238411917326057,0.24377904127652486,0.0,0.6331587118629363,0.7376740515235319,0.8984220290949425,0.4165340647032918,0.4714871725875652,0.01876952920687568,0.4967533308692073,0.04200032281927732,1.0,0.4653763823996639,0.27175632062372984,0.296800121455621,0.6990855190170556,0.8796095560506607,0.5803290942387112,0.634686011431747
qry_597ab0f76d5b5e72,0.09949915653797918,0.2515750733151811,0.89949808483737,0.015118573855596432,0.6025046837449494,0.1765868300729106,0.6124149711242151,0.0,0.10674844702658569,0.924303683340916,0.9009593948927004,0.35149825950362584,0.7542135123406991,0.08086656614121487,0.655350747850222,0.3813514979735936,1.0,0.7276350611914497,0.9878292485281586,0.33523575874946693
qry_95c1beedbd372a0e,0.5886402313974135,0.08658609632429679,0.7802445330420295,1.0,0.4705835240703246,0.1250934531637855,0.9589289091620287,0.40357156406209316,0.0,0.5685773235958356,0.7203296171766368,0.6193194719802035,0.6887201200638374,0.23752641972349645,0.6512140820109572,0.1916132680525038,0.0943459066421961,0.19751935651985836,0.5332818369443134,0.1753419657471146
qry_60df3798c54df2d4,0.5715056977439584,0.7630663859423934,0.27305606387938874,1.0,0.9501541299220391,0.889923883867247,0.4640865898519935,0.6774096788154453,0.8271746103404956,0.7649354501822824,0.5888481814929504,0.7502795151249491,0.9395321775281779,0.6444901100033179,0.8547734779339656,0.7380592972549294,0.9296723207703239,0.8170175155303687,0.862959810606027,0.0
qry_9dc867d26c271809,0.2764928517714571,0.6171215001340087,0.7589840485134858,0.9190704442850435,0.6076550294977257,0.6606435643872353,0.5438121465291893,0.8056978662638189,0.38562908915562544,0.8797219147647768,0.6409772830212936,0.5084643047515572,0.5303310366714639,0.9514654451389237,0.0,0.802261600428201,0.4871278890027652,1.0,0.7782526075501429,0.410561604285804
qry_d2f85f73b1d41302,0.31205167586224264,0.04496021736274532,0.1768197082295924,0.4805091660549602,0.7919642445337929,0.8312696187287602,0.27334836960532083,1.0,0.08957035422453924,0.8883890343371201,0.901476264976585,0.4237302587405644,0.45922649870735277,0.9183949530990109,0.6906909275789984,0.9859793284436693,0.4838239652436082,0.0,0.7261228951820659,0.7770679301224777
qry_4896b6c7ddf92217,0.4068036654549591,1.0,0.6768466632448117,0.7811173341127442,0.5553706858161562,0.7022244115123428,0.343581941110653,0.13642330419374224,0.3452381879054283,0.49152911003610333,0.413373321397817,0.11178295903502707,0.3398621652372865,0.5913290891608519,0.4238915964006603,0.8014767266076941,0.3154114063393437,0.0,0.29220537820999287,0.46473055291963306
qry_98a954ea47cca35f,0.3842513954280262,0.9553262659315842,1.0,0.8422112842183583,0.6582619641061589,0.6648245946375396,0.46145550700677346,0.27393649671956555,0.5200638612053844,0.5127701649398452,0.027635429908211707,0.34697414509103985,0.2349439241447126,0.7160163454500662,0.6569050711974932,0.0,0.7172397707271573,0.4748977773230805,0.4089473681145076,0.8972533508458671
qry_1fd8373796e7ebae,0.9017687168240649,0.7915642345229295,0.4845961081931401,0.8594604915600997,0.5698580851342092,0.1451535934665801,0.0,0.5517947139875788,0.5074876843567215,0.8585996955251975,0.8414893913878301,0.4290692627722183,0.4752823137341351,0.4822834305060399,0.32838444484332346,0.23301054545107783,1.0,0.475328472175381,0.7846092486330408,0.6315071618986939
qry_37facae138f7a387,0.43588568860345517,0.4976974666491786,0.7168389840801931,0.48401558514205806,0.6827503299168457,0.34767967581674875,0.4088476177552467,0.2753923609118804,0.8331263134475048,0.8869775874999687,0.3445684420589156,0.284119226990192,0.8547917968270407,0.695720693804681,0.0,0.6524399631030533,0.6302815417490034,0.32172032936704265,0.6086785921234565,1.0
qry_dfcf66a3c4299325,0.9412847473463335,0.1879778149214025,0.21245475983855747,0.4932099821055616,0.9517058354470064,0.43850660923342,0.9967941421195422,0.8976700497273736,0.8243983102325573,0.39359694727441696,0.3749636265761356,0.05762000098938037,0.5975177071354805,0.5310739304521884,0.7144374506543387,0.48573376778140837,1.0,0.2797619792620068,0.0,0.48500967354934954
qry_ad3abeff13fafdde,0.9872060312646458,0.3666675116851488,0.0,0.7387286843262895,0.13494056767654056,0.8073578400503029,0.16679789817588608,0.6270659306556712,0.867095418573608,0.21729190043129598,0.3096877313567533,0.6625828719026989,0.4022835881529579,0.0742134763754808,0.940735119791328,0.1735581475185709,0.5072925787854484,0.6327352751580605,0.5595739917914545,1.0
qry_653d1b7432acf865,0.6976227746795364,0.3335254786511738,0.7453237391765672,0.19436174814450682,0.7707125419184032,0.3515655445867456,0.0,0.21201336633699475,0.7865763788915577,1.0,0.11577881328089487,0.1404965560091618,0.21484456573919997,0.40357978076104256,0.5929192063117394,0.8115664403249641,0.14958350061944625,0.2840829914729384,0.07945096700463208,0.4221395683966436
qry_2f3be03bbd77741b,0.9153164993617701,0.9202695743712973,0.6301122412268326,0.7734135044698585,1.0,0.9363226411120702,0.602612658156885,0.8449178079964641,0.0,0.8271949500477287,0.3197018538490781,0.5157037476591001,0.39990194812172214,0.8318255970884474,0.9580730667716097,0.48813616849060415,0.5936017101682857,0.6848194813275353,0.8921198985050576,0.26002866651995843
qry_d96e0ade511b2c7c,0.4282607421117691,0.44472507732814726,0.9477572757276034,0.8010675300700698,0.2574673809263481,0.0,0.5177063248420783,0.42686626824948853,0.7557712743894113,0.9001478893606678,0.07975988517012032,0.25383232827231617,0.18040685418998062,0.7401943474944841,0.7822469070806147,0.471549144842616,0.7557099055258686,0.5181077014407354,1.0,0.8654342569112424
qry_eee4a0f4df497b07,0.758591503397801,0.42519906951793723,0.714294087536631,0.8977040762179601,0.0,0.6239352503657373,0.37867498040506853,0.5681824414797344,0.6426696124464225,0.5297601005592717,0.6641481839612401,0.498973730258308,1.0,0.4159040088341045,0.33077005459120185,0.5691469813904215,0.858636505858655,0.9507671166346056,0.5176468537681055,0.6488876782937318
qry_6843d2b366105231,0.2629240092411907,0.30259581737260177,0.11525606090606272,0.05942548532390382,0.19830099975746815,0.5822266462330585,0.45655903965524786,0.9208363885736425,0.6185438816670712,0.6532745847591241,0.11091921445890332,0.08112798355055507,1.0,0.6941589447671221,0.14962724103593034,0.33704747690791564,0.06792357716087778,0.44212532578816544,0.7383788754875964,0.0
qry_22e34f7db91a5708,0.12056486671266033,0.8632935147460902,0.0,0.07884765541199334,0.1536000353165931,0.29083098439859606,0.8389813512974171,0.7002606534392997,1.0,0.507164690906233,0.012566286805998148,0.4296767679909118,0.8154869239176302,0.4242434308085142,0.8768094590241433,0.7554892257952687,0.5879124876816051,0.7322084059046777,0.6692106863595692,0.6503453890940334
qry_6eb4f5c2fea809a4,0.09871965287735426,0.02750444719217598,0.024190850746244247,0.27448723940205877,1.0,0.4018078171614569,0.2037091853330536,0.47695553599026524,0.4927787547655206,0.1311786146831338,0.22100550212373854,0.27179169588115154,0.30881530186987355,0.4523248345355856,0.6654527721844606,0.16505428106359096,0.0,0.45016457350144545,0.9952566352554798,0.5274564077885946
qry_ae5a5fd9fa75ab8f,0.5350888282568593,0.24058380790020042,0.4006578640350954,0.794069016904257,0.8278183571924558,0.9117091029261498,0.6571148061532462,0.9230500669555908,1.0,0.8471960691052166,0.9578929145164282,0.4103292803713257,0.5298914870601545,0.8176815834398437,0.0,0.5078493314815047,0.2861753007515319,0.5208100562699687,0.8750831543203741,0.31331617752883156
qry_bb397c5bd6daca37,0.30080607970113754,0.775122526553665,0.9944668957001073,0.4956398678880779,0.9326768633069388,0.6637235734439427,0.07626270177791189,0.32704102238629307,0.24474908947830512,0.29935158860515054,0.5558373142214497,0.5839389732517006,0.5615976940871322,0.0,0.30946809448509494,0.42589991626717777,0.02027408619175628,1.0,0.07878158801791502,0.17291759749486274
qry_3250794d8b8d0ee6,0.46468214530208507,0.4634248160658229,0.43962796990237907,0.2538770511158538,0.7007726991159567,0.5269827078955996,0.7052627846314912,0.6661698731411837,0.8727701998618327,1.0,0.9915995041401624,0.9378317454236796,0.26929297117030954,0.9618040080661769,0.4978541598158012,0.6698195532560284,0.0,0.3646709490975172,0.6475530896737993,0.9235973427312949
qry_e4631c477f1778f9,0.2573121288808825,0.0,0.451169273038187,0.3784269977278074,0.40230371114426766,0.6067717189917478,0.20504587128439208,0.0835749612498864,0.7933042516983689,0.3161959281823593,0.4657637584614001,0.23676434887162187,1.0,0.5297768875477883,0.335168033541969,0.7397524797680893,0.3634072530937731,0.28834366169199077,0.19641416604892065,0.35241286470761973
qry_ee1c394b1134b13f,0.5407045031237737,0.016065081581169267,0.07758047511653705,0.8092430869027496,0.09339177445243968,0.2528197065704833,0.1529577905111901,0.0,0.118245659687523,0.1304366913798241,0.6159692998634423,0.10030845774997682,1.0,0.5137041092420239,0.736617489356838,0.15385986618270872,0.4784874899873011,0.06125478178107134,0.6712756593493064,0.9060244285927789
qry_5c76151c913d601b,0.7046980641320852,0.29930807886827837,0.4503075608514572,0.5198102595079798,0.7277752700643855,0.23066806474999754,0.5026777834688213,0.10642388031514612,0.3121533421195444,0.18615499547421355,0.6046192768941088,0.9355009563751333,0.0,0.820207063774989,0.2490266125001405,0.7733946759291759,0.07255714294086354,0.907612321853091,1.0,0.04496559194903985
qry_f1769fb9db6084e2,0.9204200354778674,0.3946061002680886,0.5943454866034916,0.9305058954483371,0.2749534736556231,0.0,0.1930267932760982,0.5544841507885154,0.3870077112148102,0.5093301365837388,0.8821661559063598,0.4838146277871215,0.12669708999514553,0.29484803900356316,0.6320448521780943,0.15297511289657048,1.0,0.3029151805007148,0.8952094447909805,0.8451017452361735
qry_27fc828776a0fd7a,0.6892921531579881,0.36268580347428425,0.20405726820199818,0.6181254647538237,0.6431774291117831,0.4910819822416491,0.7408590625033687,0.32000743861749953,0.5692568449817679,0.4742189829162527,0.6589038835423148,0.14976032677559017,0.0,0.6805240032778809,1.0,0.41172429713683295,0.5601380135694736,0.5720775743745797,0.0662347745922802,0.524221562148514
qry_589a82695748b2cf,0.20968836755301695,1.0,0.628228216678452,0.1940527396139616,0.3989842842559052,0.978350613194115,0.6493033078888383,0.46079890226226733,0.8892271896028782,0.11197287557997757,0.0,0.7087215550624886,0.7427254032194757,0.9821345841548623,0.1778334395014237,0.759267019298944,0.7982549072872585,0.15342127388783625,0.24553814364360677,0.6528178768015337
qry_3c240a9c34d349ef,0.6017881275468174,0.9530603195036903,0.7747190445915199,0.6885740333028427,0.02685253018284261,0.19772308719235662,0.9193714244030681,0.3455445682168111,1.0,0.5059322210934072,0.19587464969239662,0.6900220833182236,0.3888195674059686,0.4471166613084772,0.11635277694617,0.5437026638310332,0.6436176881015633,0.060201147301409505,0.613365833924419,0.0
qry_9139b61e5749c1f3,0.7114337750636904,0.866041680677474,0.705995200362425,0.4648505770986375,0.9460893535136717,0.6971113699552639,1.0,0.6084491738661175,0.38183783256652726,0.0,0.8027025683421143,0.5198713088113608,0.47179967874883905,0.9491489715375644,0.7157407010651329,0.3956668323616629,0.7344565381950556,0.9003591448953077,0.8548109942216803,0.4702444382169999
qry_545a86b28a0ac18f,0.16826611009247525,0.5084436193056859,0.21797190086639046,0.32720531564409333,0.6157364017908389,0.590446144397232,0.6421009972331034,0.017038367206621635,0.0,0.4556238981140965,1.0,0.19846965533819907,0.2279951977080225,0.026779693024320983,0.0860389886779775,0.9203862593431689,0.5466922100046815,0.28399293524940333,0.4865414041292451,0.812905202564417
qry_f44cda48dc071517,0.8714282037419329,0.7274456344886719,0.9274381402313804,0.8548406300580356,0.9417915221436881,0.8587061896608368,0.24492627224385324,0.2570765946991301,1.0,0.24233236528344546,0.7360245312112528,0.747365964189525,0.9172525183214972,0.9770814452968106,0.01893940952471152,0.5971081018296217,0.7378167172700353,0.8613206418842586,0.6480699777694767,0.0
qry_7f42e091bf4971d8,0.0,0.16913756504681707,0.632344105361998,0.3756851248603474,0.4645551629179069,1.0,0.2324233827843076,0.5257189494692953,0.31554710009918735,0.4465030631712392,0.43775343638441744,0.37032400224053086,0.22804932738486036,0.7450757502200543,0.17667801753366436,0.8249300435957182,0.17819635726925923,0.10151081891488346,0.5948812090682571,0.553361741215725
qry_61732b3dc9abfc3c,0.30643535069327166,0.2148893010270449,0.39628383021005353,0.8074055933900317,0.10683681404467235,0.5563044381128718,0.32105288234519064,0.7843879358563376,0.8124293970665853,0.5038469637479618,0.38456406466012527,0.0,1.0,0.1352598046169586,0.27642758701418896,0.2995762139853318,0.43942620301721486,0.43009022027695376,0.3501701830876103,0.6030528253592046
qry_1453faadf00c134c,0.4632234579510198,0.1655556742298893,0.6870199233163127,0.0630446162444654,1.0,0.590521480067054,0.5402559438856858,0.982901893872451,0.4867322681497626,0.5679548734557467,0.7342953678139054,0.09166483539468166,0.4159718838680722,0.2597105270305409,0.0,0.0562923281912759,0.33193172882057986,0.7547195285140514,0.3211226794085251,0.16224115556924626
qry_f9e474c98919dcaf,0.35994713489765895,0.07520267824651944,0.3277800150855083,0.4446482470464,0.21840906961206333,1.0,0.06428397578083234,0.9912681307193202,0.7115036797098666,0.5527704235794659,0.17469373183442885,0.9054318643087975,0.0,0.051585407190639206,0.3087208750748413,0.8570555205894647,0.8627732419116134,0.2330589336183775,0.13903234095186207,0.038609541954560324
qry_ae3250f940e2f65d,0.21173995885609107,0.6617382072572661,0.5779923996491693,0.8291427064249243,0.578856640712689,0.5623748912999489,0.1813680911667152,0.20674289192022025,0.0,0.24303506320457532,0.8274524371524195,0.14642961855893524,0.6803149774956612,0.1534529488402328,0.6128242439411552,1.0,0.26403556404121176,0.6977651927227966,0.23235521075764048,0.1348095990575702
qry_075786e96226f88d,0.5457873053354928,0.4605351840121753,0.44864819033343145,0.7545623372338149,0.6042111450111763,0.447908884412168,0.2069259248084521,0.8222588350296567,0.7687203311891172,1.0,0.5809919711083393,0.0,0.9643488742289955,0.9100691984718641,0.8194269899351581,0.7005935923472257,0.7098812164966027,0.9069955921165785,0.012542841464153982,0.881611951794185
qry_12152cc870df95fa,0.4805909862215667,0.7821779003321341,0.7638036147064631,0.0,0.22509482219813132,0.3740816756795207,0.4354350220098081,0.5050224372011118,0.05171984395252032,0.787527260061847,0.8880460047453194,0.5332246097477682,0.951034063126628,0.7014201033403146,0.09777582940171489,0.3525653623592673,0.5746445493701248,0.9116587446081607,0.6374780381983304,1.0
qry_d548104a533dd7e4,0.26979691140991147,0.1713968340995916,0.311230865926143,0.485427198932507,0.5984803294490757,0.0,0.4666783371275963,1.0,0.7162003319597229,0.44869118393470137,0.9094547304021016,0.28235078310147105,0.36033059332904094,0.7769090423547874,0.472253962041699,0.6755918011217729,0.6163928247089047,0.4298683910939636,0.9431213163031184,0.3832891590671211
qry_9fa2616b7e2d72e7,0.8213396483338246,0.4857921652618568,0.7026360865311455,0.013574662642314444,0.40332506212625435,0.6066790970958799,0.3866953670177404,0.7504314441806592,0.4498744270447404,0.8003212608585867,0.7626046696257973,0.1112554422577707,0.022247032870314282,0.5925777718693082,0.30500791614118594,0.8409343239594963,0.13465902330960494,1.0,0.0,0.6261121315368366
qry_0bff6c202829312e,0.35400161659495566,0.8740819463590691,0.9490546685509342,0.5124899807979829,0.8473949659066105,0.26304029179826094,0.883542292861101,0.14366156548025563,0.8767384241141051,0.3688810822596848,0.05577069203426616,0.24469094054546794,0.20362320312661167,0.29712239967320075,1.0,0.7924450552650649,0.9497492582490193,0.13806661662364372,0.0,0.8255733028095485
qry_e82e1dbe65683b72,0.4775554666150242,0.3542496686437318,0.35060140092191405,0.08852728713015288,0.41680575101697914,0.3371002408321295,0.1539921688935524,0.27999430851371454,0.5320388692470578,0.0,0.0650153427516562,0.24493736804947414,0.26669343347730573,0.20441886371955365,0.9326484470574281,0.3943750857842489,0.3043163122476114,0.648629927873779,0.0888441355764745,1.0
qry_7d8df09f68bec43e,0.5290551681962229,0.23696137600332276,0.7309972685352693,0.44739560966004743,0.3843823074313877,0.16614042993936676,0.31640742440166153,0.0,0.5164225179785139,0.815342421424419,0.5173567928820126,0.062468977758206576,0.16547169011168414,0.034150469901123026,0.1308348252225657,0.17073951607274881,0.5914520123563679,0.7574935715488899,1.0,0.6048165061230897
qry_7cae8d46c16aa6bd,0.6998978682422937,0.5581698018111104,0.7510058550486785,0.7892210744245931,0.7632673687833663,0.20307524147265693,0.897580761439418,1.0,0.7694750603433836,0.0,0.5269759248145022,0.20773988696411297,0.42441717612084856,0.6402372221578526,0.39177850377115364,0.5638530222365573,0.36765882521094617,0.7415719880207718,0.7941870535382966,0.21087832064404213
qry_83c28f3618ab38b9,0.6505450113678414,0.5784105194524283,0.6785738807011379,0.9581250750318184,0.0,1.0,0.3605071582542821,0.7134479131239364,0.2119133548666594,0.4943046847331179,0.688795826456636,0.7084043457888286,0.0895429335539977,0.9586872636401492,0.5780136265147858,0.8471210815309689,0.6695614474055392,0.7582088503461385,0.5545490337456992,0.8417738011000766
qry_84482b897d49eade,0.579830556395083,0.8810488478727851,0.4680527416579907,0.15631140915725736,0.8635126525633362,0.9303103041183485,0.5638319957321303,0.5741143740817364,0.5409369954779721,0.6118590809813775,0.43549962684138394,0.3651298533418644,0.6652879896678403,1.0,0.10350729988112277,0.48114507142704077,0.18492794143518157,0.0,0.977580158903049,0.8189558677735777
qry_09b8f49eacbdf3e8,0.8648276195710939,0.491034979658362,1.0,0.7317084733191569,0.8450204096842573,0.25911214773751484,0.7656353802675321,0.6309836214815688,0.41451464335417687,0.45790876324899876,0.28283452528811526,0.9645466404360516,0.21774987576242266,0.0,0.5363899762965514,0.3966970270574364,0.3183209884619489,0.08352120010534715,0.3721646872290963,0.37988757339948975
qry_dd1e472114768edf,0.49157714291669813,0.09571265497118736,0.6112951531108948,1.0,0.0,0.5939879130286598,0.5887077701742494,0.2435637856478507,0.5234805483588514,0.32703000394372195,0.5767080961795309,0.6720310219794663,0.5290135684325117,0.13257595814896603,0.6332021530929678,0.2185049276111795,0.8499889647253404,0.16654680070781935,0.4353759295182528,0.5308124710943694
qry_ce10c6e358172501,0.2829259891577649,0.7599545860334944,1.0,0.4178220931879347,0.30122263027207735,0.0,0.9607293665423247,0.7238457432418477,0.6511796798998185,0.5795580211938205,0.5788920411880497,0.5166213161504133,0.49813642859353907,0.5981528519737588,0.628237424271668,0.5034762997212401,0.4089612328295543,0.5119119069301337,0.4916167812618215,0.601577297926429
qry_756282cc439e047e,0.7855002116625435,0.7234062588614448,0.7058812247841216,0.5526388802896258,0.0,0.9254403669104913,0.7645697796475469,1.0,0.5716276994281492,0.5680298081198817,0.7675564241461916,0.25543158074103606,0.6721712789272636,0.3782249184837637,0.9390871999465942,0.4958606967127871,0.8402678759372455,0.6697912213889895,0.4816738193633595,0.7174031580308542
qry_a50cd8e71905d53f,0.7065501923913284,0.7397058732925974,0.319264255033193,0.034572279864253055,0.7520638963621149,0.323340004043472,0.44857587775027985,0.5366449596826205,0.5015744113208956,0.6579759232993477,0.04208447172788468,0.14946603039871942,0.0,1.0,0.6493533951932131,0.33670212489865414,0.22059508735997457,0.9616057069406666,0.5828743819381932,0.34002219207228235
qry_35824a9d8c262763,0.7413593909663105,0.9053331633471781,0.6165130516762808,0.7973354219512799,0.3595303214415925,0.0,0.5192937307096446,0.07662716979189803,0.1584512984348055,0.6494686105381103,1.0,0.6794008798419009,0.49897601208910664,0.10494550732130122,0.2758987213189092,0.6475357547300283,0.7873319838341931,0.5874618417976781,0.6446792564226359,0.4681754641486777
qry_3ea1b6ccb61093e9,0.2831962465282204,0.2567061789428241,0.5308953276533223,0.9941979110544505,0.5602985838927952,0.18724512031164045,0.0,1.0,0.5002638591099822,0.14573763822420657,0.2994595283544391,0.18025120544439524,0.28105212774499855,0.3015649185002932,0.4931707526350062,0.2538963969301608,0.12782792696415715,0.341414882775335,0.33986240308848537,0.19623764340335076
qry_f43a88a17171774b,0.666453352706746,0.0,0.17494782804227363,0.2654100597048495,0.4753444841907777,0.8222191745959877,1.0,0.5261413530525362,0.5905677562711367,0.42783237340391156,0.6736181188207238,0.37242463811542653,0.5927630800250665,0.7690516278187429,0.6879646275004465,0.8161491557946987,0.46060795831633167,0.6105104836403759,0.6384279434049285,0.5957662166777279
qry_ebde2f4b640e2889,0.2682306812112345,0.004274439277831784,0.5880857802020182,0.3988634927857406,0.49868844083070163,0.45982266590966375,0.8046544155729988,0.0,0.4617923371278081,0.5214638247676437,0.24140506529128883,0.458777900675836,0.6014465015614548,1.0,0.22770725670740893,0.8684547274331004,0.9246840233489162,0.2333012353700852,0.3835100178885837,0.8678628624749813
qry_578b390175f2ec32,0.7542684339826432,0.011648210814531138,0.2957521649746994,1.0,0.9386299353977253,0.48361874599908544,0.3687088093234015,0.0,0.43745590415440777,0.47758363761895223,0.07674975825330296,0.7527876723319287,0.07832325222734285,0.28901545675060625,0.45767250782187946,0.36601570252705234,0.7749910165659207,0.7237489873369329,0.39050222703727483,0.5969677527010082
qry_52b9447d7d395ac3,0.1738525287448946,1.0,0.0,0.6389535010560092,0.6881120903226228,0.7124810219582639,0.7465481804380898,0.7373521492203888,0.5823092248807854,0.6069258136207798,0.666898531526241,0.9342125579734419,0.7980548891270034,0.9404695681695372,0.9253156055522943,0.6007675179070223,0.6646966960128017,0.3094760053258375,0.7740613918478119,0.6139468300227716
qry_5aaebd57145aa352,0.2785609252174844,0.5621878181617853,0.4279297181254679,0.9440510525172975,0.7443210837757338,0.49641675860643664,0.529741469018543,0.5496217914068442,0.11739955155255406,0.25907574632900227,0.5742956000140597,0.48920022976379024,0.4796486110056567,0.5813939104736551,0.8968727329564303,0.7876255150642612,1.0,0.34907121629292565,0.0,0.32395680101606256
qry_03b9068ff1c6ec82,0.6313702049062221,0.549653717749572,0.7048341637674465,0.8518558472669261,0.5594457582371742,0.20000359423650635,0.43361857312703544,0.3201632915192447,0.47791366832035853,0.49038642764518753,0.2637760073025066,0.6372315560173002,0.9309371544518628,0.8170660770734022,0.6989358034424532,0.37203632784696894,0.0,1.0,0.9302786436462395,0.2730713688867078
qry_12c37b96713faf7d,0.9851569798724295,0.806657011216862,0.15647241179060548,0.3049533891605998,0.7913884758866095,0.15148376095679075,0.3653638935323829,1.0,0.7598435227092577,0.9114635788693299,0.011749447143898386,0.9133236085963427,0.8137465969353288,0.3093428062336674,0.9824607095228619,0.41556942501128774,0.5771886292520725,0.9893977616855018,0.0,0.6517989094121704
qry_85b87edee2300718,0.46332695725564566,0.7799912224362795,0.32240937263084973,0.712116968420472,0.004335974391784497,0.32821737424727254,0.243464331807521,0.3478916301513133,0.44034827141468985,0.0,0.07748233439948045,0.024193407352034353,0.013271213521973444,0.3667979103407965,0.3569689614405305,1.0,0.7489448125460259,0.8049577866855078,0.5676084797945897,0.9113396558068135
qry_175798622b7717b0,0.9395724608731022,0.9980733821184893,0.6782411870443372,0.4265268714964369,0.7686390648603285,0.2798132348312306,0.8822250198244215,0.7835607259262538,0.2859360981540289,0.4518271868106018,0.0,0.417866502366285,0.4771579612509379,0.8835814538116182,0.9530014220079469,0.8027568157752101,0.2851207960015994,0.8088854254806535,0.11800594309510429,1.0
qry_a8861bd4d64a05aa,0.5603288691007478,0.6137377203608714,0.6879956938407562,1.0,0.0,0.6275764015082925,0.8630514995402048,0.22378314554244455,0.15756539709997158,0.001841015743897077,0.21759353330462566,0.1655590153415684,0.5244068757369154,0.06393292450660609,0.20744112973029838,0.28163926877460643,0.3748399693947765,0.5602763051023358,0.2075743764451828,0.2306718728573917
qry_1d70e7ab3df753a9,0.7567719326392186,0.2496519557283984,0.5716501998723322,0.6011756164418454,0.8334922344416438,0.7763606784021134,0.6141086094356745,0.21317923718468754,0.8453199561025047,0.5130852848259017,0.4054777173107544,0.3095428892552318,0.358095051724455,0.1525034091611729,0.8689127889479699,0.0,0.04875228920883881,0.5608442761113167,1.0,0.5035414257750064
qry_4ff3f7740924135d,0.9860183553353136,0.6387573098212154,0.8508748054991441,0.43459074679913345,0.545909556886954,1.0,0.504864676138152,0.9694852995340258,0.25372800557795827,0.8168059933294709,0.797300482635634,0.49658350159185494,0.4678217775328524,0.11092421276480113,0.15370450338651906,0.08280836454633195,0.24115044698648874,0.7182170202761435,0.7043486691785354,0.0
qry_f010e539e0b3f0f4,0.2639925348700431,0.8079273318000231,0.0,0.2826621860140929,0.39605070598600545,0.37694787165446025,0.8512756895350054,1.0,0.06494469442297612,0.3777428653844808,0.5830344866052519,0.4525771905222698,0.8761980462342825,0.7247657482573255,0.21824006635002277,0.3108564449299033,0.42833559136895627,0.6837321103313676,0.9197853300536654,0.8667322909633024
qry_23521bc09ffc188a,0.1283236797709,0.0,0.9268206175940471,0.39415235107683216,0.9258840711517724,0.8706946626267829,0.399753338385269,0.9003517798322392,0.7064807635337962,0.7750504701907506,0.8283748031027586,0.12196691029632935,0.7755317960454847,0.5837708104262943,0.8732974122017825,1.0,0.17825420609331816,0.475946539749692,0.4792124173825213,0.7065024862872199
qry_7647396940de0e12,0.6723544525229235,1.0,0.4268938706661587,0.696684520125493,0.284145618119754,0.8677652434812141,0.6235417139393252,0.15322198567892567,0.629369204036637,0.3978883966265353,0.6946789158149423,0.0,0.7532965315848024,0.6077310006302957,0.3066095163386879,0.6320214142977038,0.6576123962932436,0.6347678448053894,0.754145008438934,0.30723602932212574
qry_79058808bf290fc2,0.4091335408373637,0.5145749737976475,0.23619875392640288,0.5443980065180452,0.0,0.6052510174628214,0.44355214495106077,0.530784740670628,0.9347393663290365,0.0026932546605806006,0.6967270432530458,0.5837050735289643,0.5269042603640509,0.06180327779612218,0.46516547247162904,0.20946941415893355,0.04850701482236273,0.2687609839221271,1.0,0.4993014779415116
qry_8ec98ed1da455f86,0.3192675582120808,0.46730779582386955,0.9371307672150673,0.8621826099977765,0.49924367682552084,0.4199022707863407,0.315407507040751,1.0,0.966171873980522,0.7867220099474841,0.7175431479810382,0.0,0.8586353059104523,0.8040999030554199,0.844183133527965,0.8408977440441271,0.4005031011800446,0.30565593472537306,0.8579803050889314,0.38525858635698246
qry_f462ce843503f99d,0.8688307298358774,0.6351947459309877,0.0,0.5762207132453813,0.7212394011190262,0.5858223575130053,0.4912849053308505,0.5523273556129902,0.26607501588793486,0.4947422307717628,0.8861203315148295,0.6352912491332785,0.47736755662606095,0.5901399295151205,0.4893545679883364,0.14048927014734455,1.0,0.544704090321238,0.41628092318340026,0.9632557038079196
qry_626d47055a1367a6,0.10279887158914293,0.8056901392933563,0.0,0.7573390097859147,0.5699027562403325,1.0,0.7007605059858439,0.0010426608634916802,0.6739229871778912,0.09188326239836193,0.2312169629535054,0.7383247117877436,0.13183469636661194,0.15439439303515448,0.09610394863056235,0.1536058193147918,0.27881736410008184,0.47684022014620775,0.11310097451853769,0.053597519083513866
qry_af6e84759a89692a,0.0,0.9283627708573093,0.8375043393754629,0.5782628539822862,1.0,0.47174984682698456,0.36832465661344777,0.45332814452963793,0.6127192392027965,0.5936019050741602,0.25463311708633496,0.341934349969027,0.9519905993799566,0.8938924078930944,0.6864134753909191,0.6325672342623175,0.8254841569216228,0.3731406836686068,0.835656757800997,0.835289680673959
qry_2177de173c25738c,0.8652613452714769,0.7272016714580423,1.0,0.0,0.32394556073553077,0.47447218740507335,0.055669281543412094,0.7885287586478442,0.7758791004281375,0.4898807743634011,0.31049621050658216,0.26230957863984755,0.16699388634221457,0.8124770244160235,0.5322136487446673,0.5379037357145237,0.1688890507136894,0.6275082936997007,0.13826750129846627,0.5481520134329992
qry_8c6636750665305c,0.4990146412489808,0.3022167980645007,0.25092451337181654,0.8835055264680666,0.7977080129397294,0.7226701648050136,0.4741716784867278,0.7508081636170006,0.7761287752476846,0.6661039452323814,0.2476177192675501,1.0,0.1778036542914191,0.2512144526819295,0.920793203283957,0.9213748327182568,0.3451954754661789,0.0,0.43920553946033003,0.4658977813178675
qry_af8a63a2baa308a2,0.47309622310463134,0.20203056383695422,0.3829937602277031,0.817916130035822,1.0,0.16888796123621422,0.9581957338554475,0.22326564193802853,0.471517854859667,0.0,0.45174467607906377,0.6061435933866888,0.7877981777395887,0.08254692403102508,0.13496013478582458,0.5310808913361881,0.2744861629408455,0.4027919761187516,0.5456617455148564,0.7566867730984308
qry_79bfdb2318a1f4a0,0.23624823556987615,0.37563795801120514,0.2327999875600612,0.42586880776572006,0.04593840825950337,0.0,0.37887109596499086,0.8915093157389229,1.0,0.6561018966128027,0.14440603046143752,0.9746695654321751,0.5178213454771284,0.7446409268177638,0.9728105047472573,0.46648075356436186,0.35050118453148305,0.3406014930679262,0.8093540796790616,0.45572318468105427
qry_c8ceda0e9166d737,0.7721022056139355,0.6637442483391003,0.9200555379069905,0.8232719617031045,1.0,0.0,0.29345372507885464,0.649186089740412,0.5215462716327077,0.3884675572512063,0.6271351389163647,0.7270635661982503,0.49934989924035184,0.44868818229760216,0.4372266399735267,0.9857039770622683,0.5651151303419204,0.053592742055378756,0.8707650613833934,0.6869413579400411
qry_afd9135b3660f74c,0.38708261748242584,0.3200766051649639,0.5035466506995746,0.2718600635188624,0.6470886333140945,0.6101327854830223,0.05560314335536035,0.08454154615646214,0.9707730317145645,0.8614475105408637,1.0,0.4848948056265038,0.49839919222156176,0.0,0.056676590940300316,0.31655155040333444,0.47733525517872955,0.7377865654206892,0.8538486028112137,0.17358012217072777
qry_c543da6c54027282,0.15451194657832923,0.5280682986832058,0.9628937253403641,0.0,0.483910744211425,0.32664896853281505,0.7719997316997802,0.7019340564339304,0.6192445047836056,1.0,0.31790146689659066,0.695187117076295,0.8201934974107495,0.7283202987793089,0.762187388241681,0.6758968541298819,0.6620749947022869,0.4269066277217837,0.8227630434537128,0.4774896811802678
qry_1e11d5ab8fbd743d,0.4297114132222262,0.900808474977393,0.2911887646882933,0.9551003833780766,0.8407606597180767,0.8608526829885078,0.9087369637543405,1.0,0.6037591764708687,0.9583228033095113,0.30438911729670487,0.0,0.9956837500348538,0.9769817284587484,0.9748271681039804,0.41445610175349695,0.6334997080133045,0.623930410030808,0.4080449606821763,0.3878580144967366
qry_cf83cf11c7dcd836,0.6917004763924057,0.9752920866724408,0.5497100724081998,0.20335871269169747,0.5139299492587655,0.0,1.0,0.6401354855276504,0.9113214076212429,0.42564517299529686,0.6986955202381904,0.48640089023414723,0.4019526503344472,0.873242153333229,0.6194358491377959,0.17293442247950955,0.2663878873588026,0.686434490478727,0.6974981458443097,0.39061561298582154
qry_ab392c1ddd2236ef,0.6823583187073528,0.8417254145699286,0.11061824455346597,0.34136062421636415,0.25379869618803996,0.728065103785895,0.41811802608359616,0.24951617764380374,0.727955788009234,0.5236894587133039,0.44967117257220657,0.4137859746345507,0.8960688407401902,0.3116672598389116,0.17465757210861205,0.22354381424423808,1.0,0.0,0.3381119228430641,0.7469912658725516
qry_e31d6b97befef631,0.2778383830544045,0.4145454969597533,0.4775228606908731,0.9105266581116548,0.0427425437766765,0.7920454885302357,0.3198633807126282,0.0,0.5300943630644919,0.5562344794262507,0.46515009596720375,0.9937182943486257,1.0,0.9212677020048661,0.34686702705445727,0.1326219839513143,0.44219289375880505,0.5331933867018148,0.750229731492569,0.5194701801770427
qry_106b95ce97fdb4a2,0.1783842073636419,0.36410433019232763,1.0,0.2262211139648048,0.7903791386923856,0.3456256803749616,0.6649221052188636,0.6364396517660477,0.4527124064275474,0.3315354317484513,0.018955736067532064,0.449391702712958,0.0273171039019226,0.7516342759208001,0.0,0.4093849669223523,0.441888893550904,0.22216222756125112,0.5946749756863411,0.1826943966251489
qry_59b7307bc4b0a52b,0.22277419649959604,0.39727873915361156,0.624591071684222,0.7625355457023941,0.8935739410290017,0.412818119592318,0.24150674104645864,0.6186886081994316,0.7177586039226467,0.0,0.1956546954947747,0.10564030102633584,0.9773867766754791,0.3147794436466208,0.8229846791634948,0.9705700510769433,0.2493105853304912,0.3322024594367453,1.0,0.30579990424920045
qry_dec568363c2320fd,0.0419287627400241,0.051394687714089206,0.0,0.1628276048630383,1.0,0.6554660885408244,0.6357983453729292,0.5816964391098015,0.5935159353744247,0.06041916352414023,0.4263944945063528,0.32432417908147715,0.43661222639216385,0.84903763984841,0.45079482352729083,0.30337200729119707,0.16045833179437818,0.15683501140528092,0.6136990427907054,0.37197108747741703
qry_07fce3967373d553,0.9740010210012061,0.0,0.9220269155965186,0.17786167369418007,0.9300635222679045,0.5710319475368338,0.3864295626215228,0.7252595881834928,0.8233667425404199,0.4192770910265241,0.30440109465896836,0.8073304418391462,0.36681222446049333,0.48693672396038806,0.4327445428716313,0.8454935731329861,0.3417987047228104,1.0,0.5842746738016791,0.584044352009431
qry_e8a9eb5a83bb2dd5,0.33372587786191243,0.0,0.5903249786584625,0.9180568862347134,0.7852545736779737,0.548355697374594,0.49421840778447607,0.7929370088837291,0.4705142367702855,0.9981882441297429,0.9988263364957529,0.9593543684183157,1.0,0.6355089713511641,0.3485263393154948,0.7508082510476904,0.7502415288864646,0.7252175002002808,0.6801910459889787,0.6906944619701846
qry_41041833629c0cbf,0.6471677289695724,0.32096376192932896,0.6141654907271071,0.9668083710969283,0.5241592262804348,0.1735882603999694,0.8966600761513935,0.0,0.7716074491852126,0.6803539952622628,0.7497212129356384,1.0,0.8730069117497204,0.5876228429088693,0.9409369846681055,0.5255882062344841,0.8483437867067809,0.9760202355764056,0.552149007196626,0.4403211409816652
qry_689102e4a3a6cc78,0.4070273010466491,0.0,0.012555362289534208,0.11980030209607134,0.25105899372934126,1.0,0.7095109679039329,0.45016349257347965,0.3342709334858431,0.07243003936675196,0.0807474613445878,0.08231893577825139,0.13608705598484924,0.2637496752201423,0.029755816928157142,0.3609066442937137,0.6391535655258656,0.09837433222342783,0.4697156109222074,0.33245932476793794
qry_cc8fe5f53799b39e,0.17723280589517595,0.10956282161699729,0.0,0.7561440076942961,0.19943661514599917,0.14297674867637977,0.7253878353675873,0.905956589203155,0.5864903155153779,0.18781434421798468,0.4003617131287939,0.24907034161192443,0.06264124388905659,0.6287143263735421,0.024701243531927815,0.7548287663102233,0.050825620557516125,1.0,0.9714701413328726,0.3250156310110184
qry_072f79964116457a,0.9466049618743185,0.5346061500675778,0.6529345412165797,0.0,0.8362516075938488,0.7772260176198437,0.8340069852070721,0.9497869894879242,0.7221699469430382,0.6751314822036354,0.4540197632790848,0.9908401984218457,1.0,0.9018512895028159,0.8292580644419827,0.16844132307723797,0.7125097891613567,0.9714940572142485,0.9677875067160928,0.6288934040130466
qry_647aa97222ad99b5,0.6031801538358276,0.6506088346205131,1.0,0.5597591697057195,0.5123546956684791,0.7325184688770885,0.2973564541615034,0.8719168314159672,0.40016877577874327,0.2569005698264564,0.4805045021218421,0.5260947847193931,0.9271817397356436,0.5372967937453921,0.6980343679941874,0.0,0.45726245840618823,0.5006876721984584,0.6459397879676856,0.7251663586233166
qry_0ab532751be9fa4c,0.708977632811499,0.24521546943451777,0.0,0.5699402035508041,0.55282696675495,0.5792498416267678,0.27829976049735794,1.0,0.8262955403054887,0.967902242743893,0.7852703383416871,0.4387674559516499,0.9890856314634231,0.6494320734085869,0.7648011922400737,0.5460249145088282,0.6425752971511999,0.412688925750595,0.33581714469621765,0.2266846997102581
qry_4fc32784c04072db,0.0,0.8911330486180706,0.7116731189259862,0.8084067119004011,0.7615984640981431,0.5792263588984685,0.45801584905062914,0.37219578215792193,0.7490411522357653,0.3874388992746782,0.8220167401288327,0.1908321440612043,0.9815320699083537,0.7068443094086687,0.5330352979628884,1.0,0.7963682579477358,0.8036664445415019,0.308978536903178,0.7685077600749701
qry_4629859c62d3dab2,0.9130184950701493,0.44926588252190197,0.4338772824940864,0.8110895737632182,0.32743249982134054,0.7933614375363363,0.29956376342005775,0.18447151633217956,0.7595885852611154,0.650923940621115,0.661375675396381,0.44532766111887806,0.0,0.5318128001966704,0.3262019774807987,0.6682665946827331,0.2656399144271759,1.0,0.3557130172943153,0.5842252476804959
qry_d55bba6aad747693,0.20481932970182334,0.8125892866221953,0.12102907415178547,0.1734628298185939,0.0,0.8728375484283241,0.7175445203760833,0.9143565210043354,1.0,0.7218725625173151,0.6614555056219724,0.1492441749263259,0.8427552238905254,0.17478777343492607,0.6558744659573957,0.14828924495408152,0.1088490204428494,0.6982186258720066,0.44424789845820356,0.289584849141469
qry_45c06095eeddc169,0.9764494447622766,0.8716221706913052,0.10881903173216986,0.13737584127931904,0.7788004066136366,1.0,0.5310254221999838,0.6956237264466268,0.5312985162030094,0.10170614828749917,0.5883052574630863,0.0,0.5904926574146576,0.2855509116985352,0.016107646292762547,0.641814303611445,0.4961019368818821,0.8734524289060617,0.35996125295015624,0.8955413033849154
qry_8c802c2904fb2311,0.5036076905030054,0.7255079253346631,1.0,0.06447868822738417,0.31122387279391933,0.8499863937246717,0.9602286547878043,0.8699108007827825,0.7916134737286009,0.9788165989843485,0.0,0.40325971991720483,0.27635251985924725,0.4737230792845131,0.3213969813695265,0.52708084397209,0.13639087321779894,0.6383302990553944,0.6478230066437014,0.41951528167202184
qry_4a15d1cea50d8e3b,0.8411587715649312,0.8105105975785342,0.0,0.3296035262218663,0.7780196003107716,0.5430169830455344,0.2438513645731606,0.4394034159657674,0.9186589397073023,0.7576279090097491,0.720767819787756,0.3730719830161053,0.9099696459367501,1.0,0.24410762183269608,0.646476170805922,0.20066464742274506,0.8092999546161975,0.3982316638308451,0.42885520604142185
qry_b57bb7d3e88cea22,0.5731311244627508,1.0,0.9667194833870646,0.48732809004780225,0.835365149183418,0.20587788827385514,0.6958425801470922,0.5631124064609688,0.20339537377088932,0.6783421664520426,0.775328908801018,0.9436221942758305,0.2876034152026553,0.8264713539195827,0.0,0.4784204450300157,0.5800303378712391,0.7447252869893397,0.4534995608871965,0.1750048408723176
qry_f14ca4dcb5792f10,0.8067913939045035,0.515712163837557,0.6582383101436688,0.3751410133524247,0.43747662614771476,1.0,0.20701037217016302,0.40120510499300477,0.7226989257890911,0.0,0.9197095930905003,0.23631157405741146,0.5341200427730581,0.9866575630653649,0.5462219480292887,0.015004178196311533,0.8313428786625172,0.8073972024468856,0.5345563613934902,0.440129161807589
qry_a69cbd58624d974d,0.9120638325597574,0.2882541851774979,0.0,0.669693465664713,0.4367160277151419,0.9148313630609348,0.21780609949835622,0.5543388579009974,0.34244299136204326,0.04790590618910739,0.12715512128764803,0.15070236298488895,0.9950089167499677,0.7519118494922679,0.24806676871155386,0.2703458805270534,1.0,0.8230025041335358,0.15112331973462095,0.5825426393701978
qry_b513bdea60612bfe,0.0,0.5557431683360111,0.10241306531712513,0.9730075494735875,0.5854924246793696,0.43081053025064076,0.050568753528756796,0.22051930989354293,0.29787737803790443,0.6629896843607737,0.7233815145879375,0.5606264068484321,0.9887007665925771,0.7039402328287245,1.0,0.3062131080400097,0.7580762536487515,0.49779279288394535,0.8044846930829198,0.21066033661724734
qry_b23ce369a1907ea7,1.0,0.82659839319537,0.8463959006589531,0.7994653960997989,0.6611489098500638,0.7123549087764633,0.7865024974736393,0.5453363114031805,0.08780882997212183,0.510187248298765,0.6926275762534313,0.869129462291131,0.6827359802878756,0.0,0.8478583303432032,0.5787943490980049,0.6618487278819277,0.11512484663771204,0.3793320179612852,0.25921975947785136
qry_88074691154aa741,0.8487640447071132,0.24092898819323774,0.5668405072401235,0.9867338817402036,0.8294640307334126,0.5424579832669965,0.2713566160860893,0.0,0.5572337025121014,0.6179110882694793,0.2264746689265783,0.5935168399787805,0.5081205629316322,0.4948714364385611,1.0,0.7487884391474632,0.5994164360998289,0.05282844547915593,0.807704958262902,0.25248996114570066
qry_061739b91d89dd89,0.7814319161200652,0.3589564638482867,0.0,0.35896670260878777,0.46431814272190414,0.23451274323368784,0.1287161554118227,0.3533509022985014,0.9834038499479678,0.9827541788979259,0.47037917633376314,0.7640424624240703,0.2195032392515108,0.9046651404427848,0.3876699608968,0.8927480547864712,0.5068414523191885,0.6818229865505918,1.0,0.37529792542796475
qry_1f0d0d8209f6991d,0.1573245821062688,0.5331318954068305,0.30454767596484883,0.0713589274958583,0.23938146266374383,0.6983051238416064,0.4769383908536827,0.10619792577471258,0.13631549589412578,0.7628567100504393,0.0,0.24284319775497806,0.5768089067944857,0.2488875119316036,0.2997725274069701,0.4974798210226408,0.2892000215229708,0.5255222123893303,1.0,0.6733429600032705
qry_4fac83284fd9fac9,0.3505655485338088,0.5809118226545265,0.2832428125192177,0.25600942051102565,0.4902690056617854,0.5293842245692244,0.7512765576720727,1.0,0.37580673002191706,0.08013649980349037,0.3652964682727951,0.9159923355075494,0.43842469110915777,0.3968191566569995,0.5634874669977693,0.7311818089791138,0.00665636558313461,0.0,0.8831787434265487,0.40077254442648913
qry_0ea9d2fac90e0eac,0.0,0.6914709352742507,0.4305466716082659,0.4875608697441344,0.6119744914403735,0.8833360203033148,0.6536036712108694,0.19771522257068627,0.5718681020564117,0.5896098725385118,0.6543814830904422,0.8423105928242863,0.9342643626534425,0.6996124693959106,0.4673817819171118,0.2509115081291564,0.7833164595931341,0.3607408408185778,0.7703701069478124,1.0
qry_c8e0f47fdb1582f3,0.38281740762017935,0.8102371946503077,0.1901428136298951,0.379292848869652,0.8840708993202887,0.2508752056108095,0.261882982490109,0.1643459815090853,0.0,0.2893405823759425,0.7134060340445488,0.3993171653608205,1.0,0.8290914886359085,0.6128180191885357,0.5869769410168896,0.9236918079935204,0.4252562209146686,0.9832123030165519,0.36640066096908347
qry_1c847c4d89497526,0.44503186630188,0.5552034641195912,0.6013952170377742,0.9804439522499748,0.02913470691565437,0.7489746245926788,0.33636008824771535,0.21438368931015192,1.0,0.8416722758321792,0.0,0.4989164437072672,0.9322627111077096,0.4555117812141851,0.9334732839190306,0.35210335315379854,0.8733412638206696,0.9570842707407168,0.9768023138943716,0.8021184080850655
qry_e453d0f7da60a57e,0.15663124731610692,0.9223979197432628,0.3231462848321531,0.17971647228958368,0.02189538294485783,0.5162502368515538,0.08708816937395471,0.32939999160264727,0.4301915178533125,0.7505792852531598,0.5360595765740269,0.0,0.20555750998425495,0.24936473028707082,0.5705241243669769,0.5943502132807889,0.0027829601358846626,1.0,0.9684017602660164,0.3923873973102441
qry_ad250c610aeb53b5,0.6717741367227719,1.0,0.7884779942770432,0.19044217761369753,0.2235273157808137,0.0,0.30459493125981885,0.9861276156507472,0.4036720581500557,0.27906243211020315,0.9673208527312736,0.9346392986876674,0.5481416994146495,0.4894886014945452,0.2981332220688546,0.2433734955828381,0.6374614797915193,0.5754950167837767,0.26698176490082415,0.909412341432444
qry_a2bf317306cad46c,0.6886137219508662,0.4450429628390954,0.5121562059173144,0.5424287809812905,0.3655536257138456,1.0,0.5067240825409564,0.4913806851645997,0.6001045235821455,0.44656952974056596,0.8592244136073851,0.8342687059610824,0.5022648352745903,0.551402683607349,0.5775694022429761,0.8786009310346987,0.4286178272248069,0.0,0.9892934302169976,0.5441180842611599
qry_697c900eed3bc971,0.18191088861884278,0.45811789527746655,0.5581291114082333,0.6753328262619944,0.27891106430546514,0.20900060914329838,0.6576502442274809,1.0,0.6787062682466245,0.5360454085489414,0.43225307304935023,0.1226206278964741,0.0,0.9646988763551125,0.46248101730415103,0.25788745466550556,0.5252425463558756,0.42188351958436715,0.5056451307581064,0.05739041469393537
qry_fac84c50ba430e08,0.8130176724951433,0.31120322184988447,0.5495242184879552,0.27748658435326135,0.9348580096385816,1.0,0.7166110330759089,0.4575308263987973,0.5130953740630896,0.7976309159064564,0.5799481669321874,0.5948605872271322,0.0948209604634636,0.3194575159995361,0.87257713543276,0.5671396300031235,0.7777624464079649,0.8701269421806297,0.9993064906706834,0.0
qry_dd0879ffc7696fe4,0.20680804184957607,0.3159302577717726,0.3007958935165776,0.1285326869226999,0.6492844608710153,0.6957084108118701,0.31547572494936227,1.0,0.12056113776854788,0.6348313876934971,0.500980628366443,0.5471364850433326,0.2860039243673568,0.740399543167062,0.04571982129682108,0.25722361335407745,0.43768018929092656,0.24633498020633238,0.0,0.8933002368077999
qry_0b0f707cb430ef92,0.49915880165499055,1.0,0.8570469524533147,0.5401491882071388,0.9517799614176747,0.7728654905296236,0.6674566527536752,0.22990588922126087,0.0,0.6166434436983832,0.08079683491492427,0.18435130484772427,0.44114075312333884,0.8073983451574052,0.5754695429402922,0.6698324291193372,0.8958220890591375,0.5882972275245028,0.5709284127705635,0.0923556530003328
qry_ab25ab464f5dec68,0.9839492225104763,0.7998334336841936,0.12708476682259423,0.7459449273197218,0.8611536316678806,0.8673939414376419,0.8203785728195065,0.7632812425689974,0.680293677249123,0.3710757540169339,0.11005169847992322,0.5123152840309267,0.5167430098542318,0.7665690088087231,0.7252019552601546,0.0,1.0,0.6206602731820867,0.6631749319933989,0.8241909589938116
qry_5cc2ea6afb06fe07,0.8872350411866492,0.718937996051761,0.8753577628995513,0.2040543572036764,0.5532604168346555,0.5338218330026098,0.7998697567591561,0.7702373297131633,0.613960169370403,0.808935595880127,0.0,1.0,0.29385577438787447,0.31074975836056196,0.7202812185399309,0.865502234871505,0.6912027029181717,0.9784062659091274,0.28019147510494563,0.5550399975822101
qry_79abfb9256d71f0f,0.3629613686988278,0.7482394698049547,0.9042411918697858,1.0,0.3837462393232484,0.2699858108948578,0.25258141311935955,0.7184551787706551,0.8539911084432387,0.46217499516841437,0.6874647003038151,0.5572514325934043,0.31005309767577904,0.7113877574932714,0.4584497147780785,0.49064269043935044,0.796410887631298,0.6516836184203613,0.0,0.4251345377126012
qry_d15f4de3e90a3ff5,0.62834424116746,0.7641728398418087,0.7240453048382294,0.3460473078936272,0.09834410825032004,0.28643237465838595,0.49664311474631684,0.546629822163105,0.8612402781397852,0.7455281063960224,1.0,0.3489210486026745,0.5791516692269822,0.7088984161268586,0.0,0.22709172907906228,0.3790960482367858,0.5772064301264505,0.5710275472065013,0.21804258088777392
qry_c1b7465044a312de,1.0,0.8748102784459352,0.5530657420068251,0.5755473175900976,0.6892579527763683,0.70201394763829,0.48490942561789774,0.38752382550635794,0.5106242235530891,0.5206901562224612,0.7915188924895008,0.6017013337913135,0.5206143205786526,0.0865368054400379,0.4608958985244246,0.17292833709896363,0.0,0.198659227179262,0.1729906839092113,0.6589450688731823
qry_54d457bd3f5b5b97,0.22717205453356942,0.858232285194279,0.5525771197732887,0.9880308144369019,0.3602054265427197,0.24328015409649573,0.2859565097269892,0.27011588580793017,0.3626541042949087,0.5632099596904865,0.8512036564045462,0.28369563255533553,0.4125433624353647,0.27018219378564384,0.4319751527227099,1.0,0.46526028768277927,0.0,0.33047013405398623,0.42729097409993033
qry_7311e5b337840138,0.9717543084560525,0.5420701437621523,0.5046168338225312,0.4262299186488687,0.640505813223497,0.8901927530392745,0.923244968397778,0.21224655231986786,0.4166997106937041,0.0,0.3390791154208529,0.26946006828636,0.6629545934848627,0.9560431849779251,0.12595655645657805,0.09824841974660184,1.0,0.5479080020315448,0.6789583319095672,0.6723011380089431
qry_449f8dcf93b23207,0.7256700732697969,1.0,0.20671531055081144,0.5924204027649934,0.11669728430911182,0.6220686340905001,0.5402223242035766,0.855496994307009,0.46156679960941593,0.0,0.6800593106395998,0.282010300450695,0.08221610654851463,0.30667275310029235,0.12342482016048115,0.17508804418997376,0.7270433894439898,0.3662160598818502,0.5055768524023972,0.2805393797278146
qry_8958c328894fc15c,0.02843071342933353,0.7325671328683933,0.24356202084549064,0.1627355714315999,0.7986012549552087,0.09687052887878876,0.0,0.04726363250003333,0.49477343430265347,0.0640054216029223,0.1126803512240159,0.9907290279273929,0.6420880968984891,0.017427550426301747,0.29386554415251304,0.9628684095398623,0.27685712792317574,0.47399636808601314,1.0,0.15442213071694802
qry_63b4718c7d1bb614,0.8099081951543708,0.4082547428107246,0.005906909685430711,0.9125806712214819,0.33142288924261726,0.946056935338426,0.5068087212835899,0.0,0.2256070019722699,0.10375216369004825,0.7727020456662392,0.41476410068192626,0.6596906522782432,0.8703439366495024,0.4494079822106685,0.927070826490008,0.6947844144831057,1.0,0.5611781399244561,0.4423038546479429
qry_1ffffd3d8492a2d1,0.0,0.5902358393372201,0.6036030738205618,0.23125787738188852,0.06978885774472506,0.508971043212794,0.3826001098864516,0.49952151683289747,0.5093590385427351,1.0,0.16139941179828968,0.0453907967163085,0.13250991537974233,0.09663497602261999,0.4207980006668569,0.37908400461455855,0.7981879726821908,0.02661958359871254,0.39649190680133334,0.5333132198134053
qry_80e783b26fd14640,0.8008184069030345,0.5775340623661288,0.041401400801673816,0.5246534213123047,1.0,0.5960576496071924,0.44637295069453914,0.8204245985134928,0.41941721408966764,0.49939092461273354,0.9680992146691476,0.579848830178038,0.6439389597465186,0.658779434662619,0.0,0.8707101370422766,0.9945674232588353,0.1519390172627439,0.1561807009805392,0.9710105375389239
qry_6cb2e8f5f3d71d24,1.0,0.0,0.6092935338399186,0.01729716016168943,0.8086678213307057,0.7789233118532072,0.5903784541097842,0.46016947356465304,0.6330753443582573,0.6588666517934454,0.6714305836932413,0.6205494063576851,0.3456711294776786,0.9560057027943047,0.7623492839743002,0.06315614721987811,0.5712614323516436,0.02837842819779006,0.9641580930867133,0.6685908488191077
qry_ba76356855bcfe55,0.6009233092510563,0.7124478577329785,0.20892053569502936,0.8014230324544424,0.14324904033822045,0.921832517419114,1.0,0.6002682513083277,0.2984517197580778,0.6484597960675814,0.7102197583405185,0.8419007264958945,0.8109020741021136,0.7595639268471667,0.9192377882062434,0.7033738537025661,0.14955559759404596,0.0,0.04380847818867889,0.24677430093615815
qry_fd8ef2f8340fc120,0.04423481998049161,0.1661913340886669,0.6217916901194093,0.3165541472814322,0.8594011193694782,0.0,0.8888298391435702,0.5001898583249191,0.06629478650437427,0.5473296964686308,0.9931370322626831,1.0,0.9233265037004929,0.18744313360133213,0.5710403885743979,0.6892119196150597,0.5168491634751003,0.34097128148004296,0.7427163796769822,0.061444095047033076
qry_59412151188d4014,0.17897289501816357,0.09626378527539813,0.77875601166103,0.899010639533893,0.6826586078480483,0.2677377636915698,0.3208053996251519,0.7674497125789479,0.78790666520979,0.29320697312962735,0.05398659897747898,0.34107140160082566,0.5518303317551855,0.9928873928035425,0.6188539359124392,0.60867950442317,0.5421400523409442,1.0,0.31553279209272,0.0
qry_8d430500b69eba84,0.6445543543222619,0.7685853797715927,0.9277798182983515,0.7411598844372727,0.8168519475717104,0.8415606868840433,0.6374609239682397,0.05094263157037518,0.8537872340319975,0.9346633961341736,0.0,0.5512731914175281,0.6886317135942273,0.3226793259999379,1.0,0.3520871936320781,0.38083711101198003,0.7971424594725716,0.6235802005891371,0.7943078571075868
qry_fe85d41e29c51849,1.0,0.2509359962528654,0.8234512047599336,0.10412390565757751,0.34385906318712617,0.6976553252879556,0.7757179262199619,0.6942007967636452,0.5255096039372666,0.681052958871471,0.5741038198735787,0.6898136793835684,0.4193212365853205,0.565722586538964,0.6975069715482024,0.18770810131423565,0.7208716111597891,0.33796268046356787,0.0,0.4261539334261347
qry_fcc900a8ce82a5e8,0.9190056969883935,0.5776265812749264,0.6949901789564296,0.5899700265477668,0.36746434477146356,0.19898853219002394,0.8795216259866716,0.3185684017857228,0.8878756185127987,0.0,1.0,0.8423264773772963,0.6042142040704666,0.30338384493980286,0.24406056433997103,0.6900035640866107,0.24228838230426375,0.8635197849513245,0.07448078514312755,0.5836428651504892
qry_4ac3b3a2aa3c4aa4,0.46244073449110085,0.9364097963098498,0.9205181953047019,0.9843100038919641,1.0,0.6994912984451636,0.15041386587989855,0.0,0.7253445274304446,0.5567213365932847,0.6452256091361248,0.8822431738822099,0.8417552524593057,0.2579597081299283,0.319046230633043,0.5879395203597761,0.7768305511922171,0.14323124107054072,0.9326510456770493,0.2108110818224646
qry_48145825dc955f04,0.8455331094635822,0.7979799702605618,0.6356465224801512,0.46853536175782656,0.9945585144817212,0.5600215725520046,0.7243506106287074,0.7912507667692268,0.8101270076249937,1.0,0.5221711456344674,0.7764136053854171,0.9511652613393847,0.6394140154233571,0.1276224020169365,0.509148992197054,0.0,0.8357968861405998,0.467149088577051,0.7469247479160704
qry_8a1a92e3194b9901,0.6132651362191295,0.024092628315962213,0.6729073076908235,0.7380840435817986,0.0,0.6129756838751599,0.9365369932735353,0.6032728469289765,0.5748797092895963,0.8141103827020537,0.3743262951186025,0.3001274960950421,0.5507478628662066,0.5473467813265858,0.7432899409521262,1.0,0.41103265442298415,0.3357455115826323,0.3328867133286789,0.473200128676914
qry_74007a8b0c1438cb,0.21887734821489968,0.5925283260262078,0.4239688094763297,0.42535231541698676,0.5015697317431661,0.4839221918065709,0.48209442895499804,0.0,0.3040535455002744,0.48679274572662834,0.18201504938194754,0.8895090888143145,0.5589262280337695,1.0,0.2998270487050693,0.45553371340142806,0.060232997720087784,0.7839753364837178,0.61128149975007,0.533071352507202
qry_a3d4719e5e268647,0.7191571954259481,0.2448425272922563,0.3044657224257735,0.1549519524797813,0.5514761774911662,0.6417441713898847,0.529753669747161,0.3662234343788524,0.5710720385968212,0.19969700779296634,0.29056193306943573,0.6037464582929437,1.0,0.0,0.39061833210436825,0.615422181092544,0.8771904573489335,0.6586840827123784,0.9627165305756473,0.17715881625078583
qry_dafd595d455a2675,0.539028187428129,0.12843139189801953,0.6217867316258578,0.03307001104182809,0.802151648305799,0.3859585762136626,0.0,0.17574486560244554,0.4421214452742931,0.09621659188741308,0.6287200819338602,0.6042828693959928,0.2703892570086052,0.7379562487234547,1.0,0.42764787537595345,0.7356882079738385,0.462511208521406,0.13291910096224632,0.32539811398468776
qry_8f30a6975a3777a6,0.6311610222353596,1.0,0.44699377397636086,0.824994683840575,0.281406816894897,0.7710004550021066,0.3912853868734826,0.8321900551540562,0.2378150414119201,0.9816638079023879,0.8811428435711971,0.8653442829546812,0.360437339714886,0.5241554361188179,0.7897449142852864,0.2152908889370837,0.9299561729564221,0.0,0.9879660070786556,0.61763425161331
qry_b884fa944a1b0a24,0.8493537834125016,0.31515892131760603,0.26812460988761094,0.1416245482474362,0.0,0.27813255253031927,0.17386130916711698,0.9494901977397756,0.7664512169598162,1.0,0.3368009269225565,0.33241696829266276,0.9642645692304617,0.09497821890097476,0.9454248381775642,0.9713674494414405,0.12551641872417527,0.2627621820338876,0.15757715783634318,0.37173504118352807
qry_f2e2c20867e3e102,0.9290051381065927,0.8593256665047059,0.27842730773818575,0.34329352687712805,0.0,0.9534077921751277,0.613235290620298,0.17919237008305136,0.15332964252422626,0.9304820718434096,0.20916422070817728,0.975759775159957,0.4441736421985853,1.0,0.26118726475323306,0.09939341179274981,0.555765837512776,0.2521753120201274,0.8764950116030256,0.07930527821296515
qry_f8a1e5b9212297b8,0.5937941410088875,0.5009811546179519,0.23533067364106344,0.2107678961240967,0.2306359640599491,0.35492184617936123,1.0,0.0,0.11825236717308472,0.8847806911671723,0.7472769839124739,0.8686685371371762,0.9222924823862518,0.9269770098226948,0.6351017045121877,0.700734067076976,0.8266643152471725,0.7611319799854875,0.22926361795380099,0.8604933082875037
qry_3ce4d974fd3ab63a,0.45721089308027557,0.11349034706908294,0.6472177254314921,0.38881436110472667,0.7904441018588123,0.9102973600043095,0.660526920922461,0.7503376624380826,0.4998013746733639,0.0,0.9154737216609533,0.3873527517788446,0.4195581741549926,0.4663845814808654,0.6477976488022702,0.5136493546470281,0.6991624001435688,0.7570759963420434,1.0,0.5024400078461422
qry_1d8ccb3053608d42,0.41264546476045705,0.30708872178351265,0.5549736348856326,0.4396514183438362,0.0,0.6938079748257855,0.0988018957567892,0.6534710093455101,0.7212320300194707,0.31745535008144704,0.5928769794712607,0.3019959587549391,1.0,0.4369598140938265,0.4293474444100136,0.4746671808709003,0.11833195184319133,0.7727587436335278,0.5594473599836506,0.5991900417188831
qry_d72d2789bc9affd9,0.10010345185922116,0.9355593034615399,0.33849701588659775,0.18408578884936413,0.5219728602288383,0.2367431583628837,0.21757446749302276,0.5634771204726505,0.0,0.8188274208494181,0.17845568059961095,0.11007380531922442,0.4359113463818352,1.0,0.3865509717181397,0.7826914355231636,0.34678928531842684,0.7129193366897463,0.5771422750629871,0.431865365478769
qry_a852490592855a73,0.26889753779240394,0.49789459436474387,0.30826784318756556,1.0,0.5154007176466405,0.1912072822446575,0.949394687830074,0.8080510088469058,0.6705964535639222,0.7915911047923632,0.0,0.864543463908885,0.5824553894753809,0.2838028707500115,0.27461739767515125,0.08655135258297476,0.46848624865023136,0.670616806119296,0.333324101199183,0.6849961870981403
qry_865dd4ee15078652,0.27832125054825274,0.931685313081833,0.8472728820331381,0.6538195384729999,0.6575685306071641,0.7638571036569957,0.799454219234352,0.19898061506986897,0.6626598052824971,0.2820144573008009,0.47771803134189167,0.1999542267954274,0.6548037201457356,0.7938298999045507,0.588600489212766,0.817183413254787,1.0,0.6526767482460101,0.5037364513943983,0.0
qry_de49c2e0b80a09e3,0.36245058270316005,0.16128016397784364,0.06416921069266225,1.0,0.7412644585664482,0.16274060095100035,0.5193620192131099,0.0,0.27921171328808503,0.5696800909180358,0.02658319933757874,0.25669609828839124,0.36876864417211586,0.6035150620953892,0.1240062635190829,0.4463386908713843,0.2700052039331671,0.4643994749144396,0.5205951825596646,0.4202711492936001
qry_03b814a9ce38b04a,0.7748144299337728,0.6341551911224158,0.0,0.9387942675031894,0.8557610341496235,0.8226782894235171,0.7431446258605949,0.6969400495150275,0.2688204576002444,1.0,0.41663891561289823,0.8373476297702401,0.7600405002287756,0.8408736793451072,0.3846861529022279,0.2655003839723628,0.006377828290409456,0.9052733407034641,0.8015071379259896,0.13261063061747125
qry_26c4edbea0e3e2ad,0.02642623720037469,0.3448221336670575,0.572452612720492,0.1149320525088457,1.0,0.5707123298392927,0.58302898163812,0.6032967710659707,0.42046233216231066,0.23243199762725603,0.5746640516250654,0.3962732139040073,0.0,0.1692344097962931,0.029699823597673237,0.4368721804706734,0.401649746730111,0.23362056092996653,0.9822449040863594,0.29792582837029113
qry_a485eba569240ddd,0.33400228080219085,0.4786753260474031,0.6222560876366351,0.29986852535504177,0.6550831866768109,0.40767749884073495,0.32319830440759084,0.0,0.3108895697746044,0.5872118997176556,0.31270327640881546,0.33251566361002677,1.0,0.4963939815041264,0.6196847846169918,0.14763101276383747,0.32781873483356616,0.31475478246831107,0.4280736122831891,0.2103137723570658
qry_89fa9d55346d3516,0.0,0.48444229517201315,0.7390905211452843,0.9192301384839672,0.9980754991939986,0.18887330953753495,0.05416152729701071,0.5778580011591792,0.7164653779420633,0.7348042644438074,0.07559344943098757,0.9947310769331135,0.894277594050787,0.7166283046485826,0.7564782832224408,0.7805728916094619,0.5067596042177664,0.3221278703265042,1.0,0.019704169246037576
qry_9fecaab55633f703,0.9514563179019283,0.5732418806067432,0.13297652594550485,0.11350893594826615,1.0,0.834325215718335,0.6074745032852292,0.7073880988352311,0.8465803972049532,0.6211896270055122,0.4250919553553715,0.9419670602118715,0.0,0.3197834825183428,0.6759226726793455,0.48423613775895763,0.2858775035721992,0.5418780614915858,0.7472239105597246,0.8830171067116248
qry_1126c1b77e07357d,1.0,0.3609941573762343,0.3666139935238219,0.3997757835413037,0.23349009424879522,0.5462781246486133,0.2268803600372961,0.0,0.6447084471499677,0.834012339355877,0.7530208688879304,0.47502640351175546,0.5502705963373534,0.43410274957866846,0.7214525073572807,0.5149031215232167,0.2937170546568123,0.36271876075107534,0.05127227824274272,0.3222832826589017
qry_ea78dfbbc0651b6c,0.1807401511448624,0.9026496160817628,0.7365794722593272,0.5185420222354328,0.24211545500535078,1.0,0.9803439761364666,0.0,0.2605128940730131,0.6094284205011861,0.566047439327252,0.8745715182292332,0.4200672574756686,0.08095218858788616,0.024733723338549563,0.20308372952305034,0.09847403511687942,0.180247468597779,0.1751507137506632,0.5953315327184704
qry_63cd75043fe128fb,0.7381724661996719,0.7100874419697542,0.4857496091899489,0.8213409245228681,0.795871340412964,0.8191576843993661,1.0,0.8333740518067255,0.8631982020733788,0.8582785376651819,0.4385810993136856,0.9081130800203088,0.2627624595418412,0.8722491805395218,0.532019829977109,0.0,0.9017759157065796,0.5011886363144692,0.8318274000686634,0.7604588745725851
qry_3353e74c2cf3a45e,0.38951258582864867,0.7379029208768941,0.618422442537614,0.19607725759949693,0.6006798483485081,0.33407833704509615,0.7745080838539397,0.6443405307758747,0.14465163666912487,0.2570084432290029,1.0,0.7055367973212996,0.9032720475853432,0.8786927705380974,0.7263246089575933,0.0,0.6949718649955343,0.7178423548095428,0.26145091328187836,0.44120889192644613
qry_88f0dcdc0c938453,0.5872749243726082,0.2400877810288048,0.45581229563037995,0.0,0.9866057680988704,0.76033125514719,1.0,0.9547936754461636,0.7205672256999285,0.18287233212068468,0.22544573794802902,0.39510694263616625,0.07593353621294247,0.24522663262430905,0.8663944173623334,0.8007249512795229,0.13686691860251243,0.8644799839639512,0.6196522791503145,0.9429448530683413
qry_13f59cf54f7cb5ea,0.8603459914203393,0.5664086398222793,0.7052011819648917,1.0,0.5023571724042595,0.0,0.8745173298059806,0.6354963583848058,0.7311595754289504,0.4453529118032893,0.04817677528065152,0.6898315739434214,0.675492300976831,0.9325301543004676,0.10739488884141313,0.7682671939458269,0.6127106685066893,0.3820073585574752,0.7890534538703771,0.4573312045702294
qry_ecddec95f36972e3,0.04341106261253514,1.0,0.8155012216204789,0.7276125525854534,0.5423575526365151,0.1206135608543209,0.5426422157261721,0.0,0.6878787805076183,0.82294498139502,0.6643453664231773,0.6532668048559878,0.5474674276734123,0.8172178812610652,0.7537423099366224,0.9236327300190285,0.25382894469306627,0.36231966829901197,0.20328241425397658,0.7004597102589867
qry_b5a19a87bcfa456b,0.487833635332837,0.3038521881443724,0.9373522526364518,0.9956698454771947,0.7164571265996778,0.9463938111421404,0.14006907647515676,1.0,0.5513196260808696,0.0,0.36081769665504054,0.24006681631921803,0.760649137112714,0.4595704327677871,0.6713679207694727,0.10973002164348335,0.8980084700411239,0.6889362562074802,0.5962196730974145,0.502358540267305
qry_255349d4b090b420,0.2773983695628273,0.38114435493099796,0.24048546767739654,0.18955094598706135,0.6013136849748415,0.7591874770836023,0.7524266873510664,0.6165529979763386,0.0,0.9979198134525089,0.06934458818635829,1.0,0.5882046624652119,0.9338552333056589,0.4115068814887368,0.24576747186533163,0.3447469945985219,0.4348732724818753,0.16958203285086662,0.35149417860258897
qry_a79d2659d509a33b,0.8159320350587661,0.32147026896781294,0.6970777091310913,0.37258443053884127,0.37081974477094043,0.1940576243602331,0.5747461417960977,0.0,0.4469225030481196,0.2723037859775055,0.2986559488154406,0.26187497426499984,0.9985574377492747,0.2838033233263337,0.13716421844179827,0.6958096858016548,1.0,0.7161503118150425,0.4608882997106075,0.22057307274700014
qry_5880cf98bab65200,0.0,0.7122211089949524,0.9009228400504827,0.41614819268712705,1.0,0.5974794007627011,0.5619726856033249,0.5798294262967327,0.5504657759934841,0.25296422734176727,0.4417838382632225,0.5523667514305554,0.27378681548365474,0.5026384924063116,0.257589028889324,0.038461900166234436,0.35213868652603136,0.300825907272119,0.0642724187243593,0.6148034388637095
qry_4596ee07e2b75a36,0.4130735937601627,0.4553148179638198,0.1808483613440552,0.8019697210098184,0.8945257627893737,0.46741136064516897,1.0,0.822099928086857,0.20202322548872745,0.8123618613948017,0.0,0.7357825653171348,0.4117379466015806,0.5698449713157546,0.6223572067541142,0.8605252250786334,0.4436399926001693,0.8786805101977853,0.5054297219868225,0.5807192578721132
qry_276e0a3ff2c386f7,0.9303552632973667,0.4632487099153482,0.9852608285682888,0.8994842942794017,0.6537550713954454,0.3962403394679979,0.5425778620945775,0.0,0.5492906235832882,0.7424856938788248,0.366015054052902,0.44719058870330985,0.9365469901896218,0.5492390681437608,0.38285647769443293,0.26854482401044266,0.8347700165408137,1.0,0.7054074567256696,0.39028906084379117
qry_18cacb71565335f8,0.4208608492498976,0.11266721228009233,0.8271542638609243,0.8572745165895155,0.07213744276722478,0.49584259643347284,0.22741899235416158,0.07309403548232526,0.04901453789742432,0.5310352934588426,0.4150708354668393,0.09607767643415623,0.7619547484950523,0.4489614590176495,0.0,0.39512447462053985,1.0,0.37376470182411153,0.8661136558923443,0.7944447855621024
qry_940b4bdc72c8eeb4,0.5499101045601501,0.4105629860395827,0.27036743797717006,0.2790646793649489,0.4909889664157931,0.23888811641577767,0.48349649584777493,0.8313470623467656,0.4627647226973363,0.7294645237221837,0.6843569120035944,0.16506103304766373,1.0,0.1434310650161495,0.4619269484682303,0.6863754510712038,0.1801875906873446,0.0,0.17652722912470203,0.720034939012998
qry_aa7444dcd5b90856,0.37491892528907533,0.84177205633669,0.5591646313042189,0.0,0.7356483544780429,0.43452109683494844,0.685610524317125,1.0,0.07286434866098963,0.2900789067016078,0.8330591551498175,0.7211626469505629,0.5675417566679877,0.7419757554953325,0.23028727394188453,0.02104895257006914,0.2981969250049298,0.5585735473655983,0.5497370244814088,0.5886361999437448
qry_ab05627559618419,0.9209209517056715,0.7162774104798475,0.5355545200856824,0.21379007165996794,0.36290930615247036,0.39408828144213964,0.6461623025932234,1.0,0.30464626173720594,0.25039379440477544,0.7496456613232089,0.5044959089880999,0.0,0.5095364151225509,0.8074190091619418,0.3140800848612497,0.15561971821274706,0.4355287280586847,0.8172791682672229,0.5021747848808472
qry_56d0764bb348d768,0.0,0.795363812874454,1.0,0.37410787044609295,0.5360633884258846,0.3248333708005628,0.45656890393493094,0.3412252639802678,0.9676326463467441,0.4233276664072092,0.7166500679603223,0.7913631718238404,0.11353324118785461,0.9001712381421958,0.9702093587406957,0.17353457156349136,0.5165975089497161,0.8919773443096676,0.7971468716200046,0.7608578420791093
qry_e6ff16172632f5c6,0.13965494775912135,0.7448977832195316,0.6568428188069639,0.3823703154681717,0.19916571560583526,0.4593299930396894,0.0,0.5947392009958598,0.09910856154996972,0.4547813357030604,0.5583059345057332,0.7375305317786175,0.278105827945941,0.6454502067633566,0.6040163628324805,1.0,0.49336459962544443,0.538749661389697,0.19026398823337634,0.7341993415558631
qry_d22dfeea212e34d4,0.9469033429780159,0.3737191864937648,0.38656690246943215,0.3027727099215795,0.4946078623027937,0.5584588055977464,0.9537337119032339,0.9921521666257304,0.6521497675759458,0.6764179877135301,0.5621204329415347,0.9921283042258459,0.0,1.0,0.35306300209988417,0.38059478911829236,0.1446726974043548,0.5525339877367579,0.20316079031019246,0.9036151309590704
qry_56bf287cecea208b,0.8416674024138848,0.10170661565518292,0.6001670542501608,1.0,0.18839401396352778,0.5361699477412327,0.46235957120785137,0.7108094761908377,0.5646065230916405,0.9837256256909067,0.3427938498557773,0.077595943942118,0.25535077592842714,0.7445567974534995,0.0,0.49288281700571446,0.5212277943603422,0.27583263116169837,0.8420702284813001,0.8048886278413578
qry_c32cbc48d67ee0ca,0.7604182562135118,0.404005636450307,0.3631436160607837,0.6201165573533364,0.7580686456418605,0.8571084257483558,0.43605225021492794,0.6541311251288418,0.5736679372936716,1.0,0.08339104786149998,0.8098656333685651,0.6927890027582526,0.8914724424695417,0.3359060341485125,0.5570506984237327,0.7904305210305905,0.7435941945426064,0.5187221251104311,0.0
qry_a3a64315e4354710,0.7028682686306879,0.0,0.816140357885788,0.7701161550105298,0.8611209292321805,0.8603006288086514,0.9570495241824479,0.7118179111896246,1.0,0.7926415092808367,0.8906880303003085,0.5447902712765958,0.5992746694383299,0.4571579759324897,0.8744490956234251,0.6581039677072618,0.7047461419359882,0.7966967355186184,0.9136637027580289,0.5540670819118565
qry_fe4f50728a4192ea,0.7413288443729611,0.8622009493550302,0.0,0.8990178034779492,0.8023709391752498,0.36611866469667087,0.5965838234257312,0.8664775106766609,0.7572974270766524,0.8728854252543414,0.4375892827638175,0.37959597234372805,0.8146975015243002,1.0,0.22645841719771082,0.6435255531101294,0.9223175182951263,0.9101464309210433,0.5815569876051995,0.5392018672115544
qry_a616107726f44e31,0.8426981502190782,0.051598622449069424,0.7324200200510471,0.33325089275468145,0.7010952974824702,0.5147492360046523,0.5296618696915271,0.0,1.0,0.937714545582674,0.7755458675235265,0.32699200850835436,0.5495064941743167,0.68578377524147,0.3033909145673199,0.8254265378375387,0.8271907897407991,0.4147103637143833,0.677324671147182,0.7041729152422442
qry_f19134b16cb6ad4d,0.6543866212695744,0.8797251264371052,0.38058181192623547,0.06897760675635925,0.30561186743996827,0.16288206821324328,0.8717234198250727,0.4298615938396197,1.0,0.39517224992204014,0.333593091554081,0.6981717636306023,0.3519821356600732,0.34566593649337873,0.28130869379557727,0.7034701228992742,0.9801011922013466,0.0,0.883747494949031,0.8476891271826147
qry_f66516db27a4c439,1.0,0.6864001520049227,0.7758134972060222,0.8455500261976132,0.7933892686959517,0.34503093044939703,0.35205177039736923,0.937470381130102,0.589788940460292,0.5728041342046424,0.6333882200971814,0.64743946772004,0.6900332084524404,0.5716623126842303,0.970909970689169,0.0,0.8601327597743675,0.5133723113946738,0.8035992128599846,0.9022768012058485
qry_376bd398149ba6bf,0.4902923460411782,0.9453897962144426,0.5644624538806553,0.7246914399947129,0.5170421916470475,0.900170074798041,0.6957721023108155,0.21577536995131216,0.3015685446273878,1.0,0.9160923273801297,0.5318826451555574,0.6303643526534194,0.5582852865844796,0.6990641493818218,0.8229090432758644,0.6732351297399725,0.6340099215625217,0.0,0.3295186797704349
qry_4408a06a72aa6aa3,0.13098758694389243,0.21088759046946,0.49269255609605467,0.3168431947804232,0.2451941534548753,0.7327304038489507,0.7461048511625535,0.0,0.4036878007835703,0.036152955873684084,0.7429583725050773,1.0,0.24979624956676644,0.7756508917950035,0.5061188804284789,0.12418336531596044,0.33378588695446665,0.5879632287280204,0.45621504131302626,0.1748858332824367
qry_c38f52431a6f17e0,0.6992786182842904,0.7910567753969191,0.9705053779883928,0.34935318073532623,1.0,0.30334310763778016,0.578085176640895,0.6199060114837308,0.5147855786383991,0.7209849790770574,0.0,0.532851319536411,0.25140269751430877,0.5869080015438157,0.8418233231542366,0.8994806047388562,0.9242675964496474,0.5519968018576766,0.27922010444616385,0.36591121428287426
qry_d4e080d66270d411,0.9349515186629866,0.604310679521449,0.09881225926092653,0.9111304474885682,0.7089692121370225,0.9083258413616451,0.48345315090893254,0.605879656031111,0.7397225786631418,0.9966790725154475,1.0,0.24211020136136566,0.24416118664902672,0.49396673358909177,0.8264060259576291,0.8647180801545579,0.4786422808650276,0.7999685855647883,0.0,0.8781657516765398
qry_c82586aff16c6847,0.8201447437175021,0.706247834659752,0.0,0.6595939225106937,0.39747397175896904,0.6517695089326844,0.34648297319801225,0.24435055113436197,0.7468521128655746,0.3553038456553431,0.7366456875730678,0.6300881254276864,0.9311085149891389,0.6331715045099413,0.27904081562053124,1.0,0.5656651568589032,0.53452057370706,0.2787693452491829,0.5544341901010809
qry_b908904bd283cf13,0.3251804945540133,0.565422608991564,0.9274970365454092,0.5008618283012076,0.8317211261354721,0.7392981418572365,0.849097888875863,0.5528348367040703,0.5509141892396769,0.6205594073347089,0.0,0.869583139415195,0.1388050443461089,0.6952808793249109,0.5361525148888169,0.5752152484266442,0.7039731949355639,0.830239068268326,0.8549246791202183,1.0
qry_b49364ea3b84acee,0.7683815893472327,0.5658837005757398,0.7397454369636859,0.5407519707746483,0.654275455359031,0.44269073522199043,0.44758626091081816,0.20853286399859117,0.24711085378625974,0.874371466852323,0.14974764519581674,0.0,0.2630053142105517,0.6622380662216509,0.08606515948442302,0.5485740067604907,0.5867550279450361,0.6412155570167324,1.0,0.1653257318934158
qry_c4052ec4a68e7f60,0.4251538105395217,0.5997107534532393,0.5170963276535899,0.7594786553126769,0.6624229753748234,0.693285229375531,0.5089952667315377,0.49084227729424684,0.14547222197682486,1.0,0.2892991383272086,0.5470122400775853,0.5103250269164347,0.784465527560403,0.7649312083301426,0.0,0.17996307539097917,0.6168075807182218,0.4141879300495097,0.2922389370621298
qry_fcd9f19e5fdf2e9d,0.5636466977467609,0.5530243561895519,0.7635133547346235,0.44507675025079163,0.6473434409380151,0.8664100621309194,0.858239494710566,0.0,1.0,0.24929931419665807,0.8944102738091675,0.4988588846305932,0.8141524330035592,0.7444269404233589,0.9409108084737232,0.4454011059206713,0.8708124672438885,0.7586106917934157,0.7097125511699417,0.6563369800334903
qry_6a0673359a4c2eed,0.0,0.056132649976995734,0.7956413960924791,0.7256444519737093,0.8748384204350743,0.4326589719692182,0.7953164234677036,0.1703006748828132,0.42848768853666647,0.1064003640168925,0.27719494382497234,0.13834642221293117,1.0,0.2909349959004996,0.21722611556766958,0.14549844992174787,0.8912771795276011,0.027653204112393883,0.17032896269491915,0.5080676428701029
qry_f768d65211a4abb1,0.15582885298668905,0.5335236528844486,0.8085794056767657,0.29022517926668395,0.9681011218145895,0.41523714460516004,0.0,0.26778350417772,0.6225099901230321,1.0,0.2605833651788733,0.9756995628697448,0.27677924218453953,0.21022407914998412,0.8442746772123382,0.22878840278667134,0.9290967427214788,0.8841446832639317,0.3140241137007105,0.17205284861363235
qry_2bda0fcf0f767efe,0.8384963364536945,0.6235953391503163,0.3482879632972443,0.777247616973546,0.34704305600296176,0.057675728487040535,0.35759609708257506,0.0,0.538196925361366,0.5066481360507054,0.49127733287093805,0.5378056510475496,0.8150719834157755,0.7793901825955131,1.0,0.3141031854675904,0.17368805174421695,0.5582957148987971,0.6611670184577599,0.1455563767560703
qry_777260c21232b43c,0.0,0.6648158873338834,0.9134444054688375,0.2762466979090246,0.056920430835108796,0.23140256304532866,0.38893766063411456,0.6237856727712945,1.0,0.018831700044808247,0.7778482607441433,0.22778662978627476,0.8868553712383564,0.04766744992408277,0.31050223451565123,0.15287886133732892,0.4155381816897809,0.6397450021918837,0.8302662569098176,0.6409892925568683
qry_f3364fc0417bfac4,0.0,0.15296537608896424,0.5745719881348654,0.7164309980356635,0.9155419431222649,0.04953235198989387,1.0,0.5559927001314575,0.2055218339603708,0.6918464308352511,0.44956317080841657,0.2668450652506976,0.1262787333895734,0.3380087327577182,0.14772856129865541,0.6231180828638875,0.037992903176848475,0.026506734964229988,0.7603964825665152,0.23185071247882455
qry_52b32b4fb3db2e3e,0.8751556166770472,0.7601314402320233,0.4361394939075095,0.4122789008313603,0.9207389274947366,0.7156341177304545,0.6977204605324268,0.42210206866066324,0.47794835433606364,0.0,0.29346296913429215,0.26158887472614056,0.7189507126293375,0.4000029460382312,0.46467957760711087,1.0,0.07389218918294473,0.8761767289759205,0.1579147385548325,0.37689596106239426
qry_dd64aab91c12fc94,0.8896138893782618,0.8602867559400522,0.4754578833913101,0.12178701807344425,0.49959640496843116,0.8229103740938493,0.6258727837276019,0.7288070137310875,0.5198944594128102,0.6155887583488152,1.0,0.8002995961563758,0.0,0.6130346700869962,0.3003968472780128,0.4025524946904005,0.9079677996365484,0.6500080227960223,0.435858960724216,0.7699644379335382
qry_d432fb81b0f0077d,0.9062064672152059,1.0,0.06692168088527053,0.6911747110001422,0.8578903178018041,0.4220823749032006,0.9026424794979765,0.6126635983562149,0.8072230853685815,0.5028693094427311,0.623983815119256,0.42485190269566775,0.28858745579511813,0.8903297107804031,0.2410124123085513,0.29347995078654426,0.7393021025487021,0.31369368670396824,0.20580140705520208,0.0
qry_82c754fb7e4dd3ff,0.7987022523284905,0.8480114911754376,0.016642596014014285,0.9428685855811657,0.46749923206018257,0.8831628280563656,1.0,0.8472630672960589,0.0,0.5007045115182818,0.6709371911297085,0.8319728530413475,0.19348196981519025,0.8326425648809495,0.27497859119196516,0.8734717401560567,0.27946545412020435,0.2318875020937559,0.8662484125115775,0.9576862593819414
qry_d466f46e72b7db84,0.041454072791441185,0.29323560513236113,0.2381524730128724,0.8589335041270648,0.21077466012244134,0.38433536154327574,0.0,0.22226558387109654,0.16827474359273623,0.8509329902194582,0.6936520924675589,1.0,0.22631688983372816,0.9149385138053768,0.6162281579887087,0.16126644653325892,0.1438389514427896,0.11827873248977337,0.14720383671316403,0.5933040899731634
qry_37efb4d715e31385,0.306041856755901,0.42267252039560443,0.18519854487793924,0.41724234267638155,0.7950016185722188,0.0,0.44591847510293936,0.2942908770130201,0.43109219415576217,0.7542064915707821,0.8244456844744783,0.5377741810693566,0.38085306332464025,0.5297236111005611,0.815657035057522,0.49223217201079134,0.06837547683881198,1.0,0.3489651388166053,0.5348005084157402
qry_0ad2acdcc88a099e,0.8769588592822436,0.7637234430274157,0.882630300683624,1.0,0.47549865653326134,0.8613352066453172,0.48150916007461714,0.7826899495459458,0.8235737226373598,0.7647981945578192,0.722456918754541,0.9494239316537335,0.402306854723655,0.8078781598421364,0.38454377046308424,0.9506238130794603,0.0,0.3478602766471263,0.7922027721202166,0.17763895050262568
qry_efca0355cd26a4f4,0.6132765717622068,1.0,0.36071615155028747,0.2514051471091983,0.8641266451817066,0.9182033826148851,0.7717428821094657,0.4279070101190701,0.11008294331819789,0.09003737549618084,0.6535039925693662,0.053456334903765154,0.0,0.22254620579217207,0.6230451345928526,0.6386222288547189,0.6876817825406961,0.6001225631998393,0.825168529584803,0.25442303195022103
qry_0b738b52439f436a,0.2774381391314593,0.514049508252489,1.0,0.538917283307035,0.607446919824382,0.07922042346846471,0.7758654277352047,0.35014022482594837,0.6230802293404807,0.0,0.5916894859124218,0.9788215313549736,0.7923732922526417,0.5668466651893902,0.1470788492229488,0.4846776691655725,0.513675999929395,0.2630752603045597,0.17233949597850418,0.9306735192175274
qry_0ffa539872eff5d6,0.08764521857946275,0.3669537345188166,0.14527810955422382,0.8433074655136267,0.11490672377644069,0.0,0.10608269089327957,0.2829580766582943,0.6135894113539313,0.39543648347189075,0.25906463791195455,0.1357671733298836,0.30609820777191554,0.6846320234877511,0.09961389516848058,0.6366502267552431,0.1488871232872551,0.3714712316613338,0.8015308713235431,1.0
qry_8844bee16f92c074,0.5976969425985215,0.9715773142525395,0.6535506953408392,0.9979296785185129,0.0,0.9795371647679615,0.9585913908764584,0.9946438221372009,0.9600986138752624,0.7507327548436954,0.9766877714177942,0.814038728717579,1.0,0.7907435659834462,0.8158832889921349,0.6703021910155574,0.569438111729678,0.803085411912131,0.787068797015185,0.49187042376463797
qry_d4fc7906b9f1852d,0.8021612032057278,0.9415749671085017,0.8660164192858847,0.39294919047442844,1.0,0.6498488062290171,0.5753347167073424,0.7153038089559772,0.6861138038105766,0.9117346399978651,0.9416610016823131,0.8832468968630296,0.4708353691716658,0.897269326769471,0.06751056316250958,0.9890460416090563,0.6807011845476866,0.3558093123899997,0.0,0.8547599334120117
qry_9a7c9b1eeae330be,0.1054966825486482,1.0,0.7406418679764768,0.9046675848040483,0.34745980867343884,0.80832859338833,0.6893170945627667,0.11123237733080688,0.6131087049533743,0.19817980333844498,0.1928837344567979,0.24742791998405708,0.39569794041409057,0.18791815104052706,0.6535980289808156,0.21776489772338886,0.0,0.46815630315374124,0.9862501320909918,0.7527427244933185
qry_e33e4879da705c00,0.7286032306437786,0.34703158737037615,0.7606066504178759,1.0,0.0,0.6093133525178078,0.9958225132063744,0.5586162938997368,0.849980336825824,0.7105827388864991,0.7406075917738698,0.7762260573519353,0.9610776777697159,0.3909688905195115,0.9453866732285159,0.7448606466630144,0.5703462474996476,0.899000969730206,0.7223028256449942,0.059240821553078804
qry_af30ba9e382e8c39,0.7508291907045389,1.0,0.4306155930940106,0.77970202520612,0.6707779447420785,0.0,0.6695631856283445,0.33575657255036306,0.19305212253908338,0.5525758093447806,0.17071235852734717,0.5808552190109973,0.8508623886068868,0.3156372762824525,0.1393634668468808,0.7418661285562115,0.7861494687360885,0.19396733867436922,0.29717172652555857,0.8070204748556219
qry_4df5ee80f31f8049,0.44708110154536257,0.739000145843173,0.8109767076779777,0.5684073420761844,1.0,0.0,0.8780678923203954,0.7294797351371948,0.8988733512968912,0.8247988113299953,0.889814756707609,0.14652764173485777,0.6718937454977542,0.912768536929284,0.06451421692177273,0.8352221898406925,0.9686551257569581,0.9967713927955574,0.46258027742595614,0.9832639015677491
qry_49ff81d0b7a9b59f,0.6977672377752955,0.3549173176304734,0.24167517029894736,0.8040233803694837,0.37141111561945045,0.5932359951924913,0.32247436926372836,0.0,0.8094428088255459,0.6868340993962535,0.8512661658559341,1.0,0.6577579113214801,0.7062215349320929,0.9874823952057933,0.5536288373208558,0.6351037311565613,0.689108424254835,0.742962651816566,0.06653221771113295
qry_9f3e3d32fee5938b,0.9184288191892334,0.8803168704013292,0.7680167945495395,0.1457855038997448,0.21837739197746472,0.4753607122784264,0.8370377731391877,0.06760181993415275,1.0,0.2998916759623051,0.9667250985530622,0.9483400800030631,0.0,0.6156254828816502,0.10919396044851831,0.0014965389117282395,0.9242863096555068,0.40068449577373255,0.9104742607907164,0.260304245196603
qry_6436dd3d95556779,0.23185583744352012,0.5043423656526768,1.0,0.07661617358930715,0.6218485430733495,0.5704469942769708,0.8477157023862708,0.5344907398274006,0.534883045688691,0.16572527609493354,0.29850325329242344,0.3997265247981206,0.26649948044887334,0.6303593258684834,0.12525187122866516,0.23912608253605125,0.0,0.6623101703887596,0.5586220205138516,0.40593706446656874
qry_e06ec397b56df610,0.22599542974709189,0.20382860737677075,0.9691220297869155,1.0,0.9488179899176891,0.38515482175177784,0.24074375495163103,0.6286045099410845,0.34018408612576573,0.5064144512344967,0.28268821997949234,0.0,0.957888504717991,0.5692334692851049,0.20240830552396502,0.4866256281224775,0.6602691710194959,0.17059190775755773,0.11495902056491039,0.9441431058031895
qry_7667782ea8445512,1.0,0.6621729820078381,0.10512660249444222,0.9847355325024139,0.4613288434917426,0.32013349114076395,0.5520444123679028,0.9165902013791624,0.5820180518948141,0.4894400588224804,0.7469858783537027,0.3550543739824309,0.0,0.20073453942407027,0.4181890504534351,0.7830669136949411,0.9377362075180963,0.8534503983764952,0.8898539208124685,0.4694221927349969
qry_edf039bbc466d7b2,0.024367458722104406,0.4164621678041364,1.0,0.8194920991494451,0.6262481839133208,0.54113944462151,0.19138635886739327,0.13374977261714888,0.3879977401736782,0.14304410175679907,0.05261865318975567,0.1310114827167995,0.09500705129777863,0.29013307755118417,0.0,0.34051257615869535,0.028018458682381855,0.2549086603567535,0.9053603303485293,0.4561162587737958
qry_4926846fbebd3302,0.8887975464117034,0.7037940754261315,0.869447489008377,0.3356835497521547,0.593885255315938,0.4810732274008142,0.0,0.3815861347850085,0.2841994059158786,0.8585580845637828,0.13272132594671873,0.3589330192225946,0.5069930946869572,0.30553397115038206,0.29271280238283426,0.26628254668961304,0.8546906027874759,0.32160690353852234,1.0,0.0014168226678553076
qry_c6460e7a46d65747,0.20809969157167252,1.0,0.4643945771622526,0.18444414511799884,0.27592301215295445,0.16853047790514794,0.6570944859361594,0.30870759078753707,0.13334430621095059,0.3264246956608614,0.40543928593087014,0.20690598798752727,0.7559887521202013,0.27218039794026005,0.23599533438556564,0.5270158158918292,0.19337495493280724,0.0,0.5888561289200885,0.16954741957981995
qry_6321bceedc865a47,0.7545900354147046,0.8320876781911819,0.3439505236316862,0.6671073432885658,0.8881543869228011,0.8969587840592436,0.7598170743893297,0.301178744084181,0.4582945863534958,1.0,0.725799981343583,0.9463511195869438,0.8641884783020546,0.2472096954142011,0.4678757478047839,0.0,0.4609831442940311,0.6060787204482231,0.9082245639566681,0.5092698472644743
qry_0dc7a075830231ba,0.4980447991651269,0.0,0.5699855306395827,0.335713029698752,1.0,0.20119950515492796,0.23455548810776766,0.03337263604115451,0.20776035938966814,0.3372578427555665,0.14696055942122285,0.203828414948693,0.5910594839358527,0.6231307793999405,0.4691401692144492,0.22327975799577612,0.34727801370414974,0.5017993248033803,0.024397603242018815,0.7346531023946895
qry_b1bfe868facff150,0.2846643158881743,0.35705447955797426,0.003620223642175586,0.8353770232835003,0.5926775653995785,0.5965765520350313,0.5690575399142617,0.7442783804470617,0.8011238425644329,0.34399301753544753,0.018755586340836915,0.524060464517037,0.6370712734297601,0.46900201335508335,0.5411531841027784,0.12121000795980633,0.0,1.0,0.8869338240631174,0.991620783725792
qry_e81a2a2fc5774714,0.6540822770287177,0.5849285131254807,0.8737630738764948,0.5735256194608372,0.4208214853367599,0.7204053943230111,0.0,0.5571446423031671,0.30167692837185994,0.8019033824053075,0.8831000305324597,0.5738274868516139,1.0,0.7930497662638141,0.6324157707495418,0.6796475470741518,0.37087148188348773,0.7100121697951258,0.9504806463965983,0.7481176058551824
qry_129cababed4659d0,0.5467510709519845,0.7454987233401467,0.04015566356680833,0.03441992874657474,0.3830381333119161,0.686545295205027,0.7078432269534524,0.044928667519142915,0.689166130030762,0.028999229836018756,0.5674470875691583,0.2691985882610679,0.5996598210470705,0.7224636791177415,1.0,0.0,0.6540587544555685,0.13120211626027373,0.732800743709084,0.3574290828053354
qry_3be3c8c1ec44473e,0.4115052424368575,0.9680666170708533,0.8995582474756298,0.0,0.3805114935502991,0.6671673480329156,0.8856066550166812,1.0,0.24571837051193418,0.6507108845034019,0.4032246861430673,0.7858356577154839,0.8168299606094133,0.4010078325460865,0.8168916238943794,0.46954759771104926,0.9356564301631699,0.68148327036898,0.2672697657927542,0.886792145989954
qry_2e1b6fb5be3772d9,0.7253290042773555,0.8265202816300771,0.13292290375298912,0.8290596748270819,0.6494292204674861,0.8459283451989813,0.5895235801554101,0.802750854849947,0.6369116835340172,0.5603309714599389,0.913198685414669,0.9226135716447441,0.7458490684734935,0.0,0.3772694056654914,0.8644397777595227,0.34929050721755084,0.6237738932406217,1.0,0.828718535128636
qry_a56cd04b89fbf862,0.3600723091177996,0.5790269731596906,0.319726645336545,0.48685411370572196,0.7360086438697545,0.4054059337823407,0.517381913094092,0.6046089613823216,0.9694538448272187,0.632596709315533,1.0,0.2314957059864643,0.9505512130484217,0.7697321910167837,0.46651628104848875,0.0,0.297274336541585,0.5818367563434242,0.26396955397982713,0.6765486869761074
qry_d13ffbd68fa129ce,1.0,0.27622915952869487,0.3964751632303109,0.5267897732722788,0.6958151711121471,0.9351303731181019,0.05397485183698107,0.6823899150558487,0.4657941789057108,0.6770955700506973,0.0,0.12109335650888393,0.8523616495766189,0.4813445784285136,0.031025670430547013,0.6265901788406089,0.6613392937544009,0.9627535905186956,0.7406000706980058,0.15589771693084684
qry_2d358e209ac016e1,0.8174565655332329,0.3456554842388645,0.0,0.1497246421784132,1.0,0.8593354582119976,0.48567852235416276,0.6487975946209815,0.6383868784736177,0.25122044021229306,0.42733692842228543,0.3681299641872285,0.22463537000607844,0.13456143866726578,0.6998411224906365,0.8987036963449195,0.35607082633047993,0.5963973181254716,0.11099915229988372,0.8995369947841592
qry_ed758672abb7b0f1,0.47344475009448256,0.4746504755241228,0.10706050423875274,0.23826310092761896,0.47196692554511804,0.3576329482716834,0.5493959802121313,0.03164237975906107,0.49326741481799885,0.4126293056169241,1.0,0.46480631511196263,0.44481336189871834,0.5194769401271664,0.2477283063290418,0.0,0.3312427437628863,0.5025311755287702,0.2381772849401024,0.19707969844887327
qry_7bf8afd8976a05ec,0.44509164126706013,0.9044016555047834,0.8280364022687355,1.0,0.946750144136189,0.8751744240726992,0.8524504816088797,0.5881878749356386,0.7917938923373273,0.8103031599705044,0.26507422848341167,0.4894055453210962,0.788903230011894,0.7397648773690708,0.6018303545510879,0.0,0.5619491823941393,0.5221992647750324,0.8014445299573388,0.7443096983790011
qry_154b6bcc6e51978c,0.5484402436334547,0.496775038069951,0.5858693141640156,0.5272363105676435,0.0,0.9741424808641217,0.40331590233237546,0.6013626475256891,0.4025040224053009,0.918002509026158,0.7986336484149192,0.9276212429369114,0.9272099402140827,0.914190893215367,0.5855901173042583,0.8210050113638392,0.886109551299813,1.0,0.9215835876805267,0.3291032682192581
qry_a4f9f7c1994d4fd0,0.5740073514078385,0.7579261864073138,0.6050697944366964,0.713206751366443,0.0,0.6067997512064182,0.7461677539301595,0.32824627458693845,0.741971958782424,0.5565631498393593,0.6278539623538428,0.6152396114001941,0.7450031970528053,0.1974854054912285,0.5146164296937138,1.0,0.4540843444326983,0.40603474806886003,0.8779729584783305,0.29191415322766057
qry_06f814b3f765f992,0.17658540147625812,0.4351706772523235,0.6839927310373555,0.6451717246332462,0.23855826792855714,0.34551558815621297,0.17739884251767454,0.46187299016638744,0.35865017449615527,0.4102484480013352,0.38219009520467256,0.42751961085427426,1.0,0.03733045348143102,0.2530524512747298,0.3473433225662054,0.4295013863953989,0.3060273128041506,0.0,0.38952077348984804
qry_cf2132c95fe9b967,1.0,0.5029909291009126,0.28721132920709536,0.025561836383224137,0.934219767807952,0.6812572313618278,0.17942136860032487,0.545189755216632,0.09509534010917628,0.11105135236533456,0.09859839542699535,0.29408407209130094,0.34517673747827826,0.20341960248672714,0.2698879149772115,0.059020340385089576,0.4894624771711779,0.02351681266676319,0.40201270145005413,0.0
qry_e182d69816e413ac,0.5780529297838971,0.7666642366118063,0.6721649320702824,0.735418108154288,0.44468730621187935,0.602007693690025,0.8899048666577649,1.0,0.22331854565637757,0.5328460759489858,0.3471761480949693,0.8929486724416102,0.849267519326372,0.8173003205759708,0.0,0.8221453892874677,0.7537275443393213,0.8145455516264783,0.33244348219023556,0.5777156694146842
qry_5a6b678369a5fc23,0.8987684564868818,0.4681940243773078,0.7551676834723337,0.8879020712381023,1.0,0.08712607663367576,0.30802523108594554,0.7265636056420597,0.5510888168377953,0.3328602994301394,0.3796496655331571,0.2602744706399502,0.2678312793548815,0.5749344100514037,0.6259347987624008,0.0,0.9599839840482519,0.5752520443760574,0.5615178233675024,0.6774037560459634
qry_3b058ad0fc966ab0,0.6469912786038577,0.4717774334853798,0.7311663189129404,0.8066319689548402,0.5935915202750689,0.954185647465024,0.6267932275224859,1.0,0.8419162938521827,0.5935156848774817,0.0,0.7703091413607817,0.5704711599441473,0.5707178783891883,0.7063811704798063,0.8543865527500344,0.5704232111080193,0.49390285487147945,0.566077375553005,0.8046864066503315
qry_7bea9122428b6a58,0.18990735664096717,0.9032035346205722,0.43795893483302983,1.0,0.3886370695496221,0.8969234643779724,0.0,0.9136927263866091,0.44680366044948566,0.4586241025757568,0.29831263937097263,0.6739359658372132,0.16459590907590832,0.14467381213162817,0.6398917201009938,0.28520563191933496,0.9937487708793126,0.22207780315623005,0.408864290032479,0.5173169121077583
qry_34534d245ab5755e,0.322611342553471,0.5280867453836283,0.9816911026053262,0.6341233309392967,0.32200055412930134,0.42814837954206997,0.2757490018353263,0.4914747834956866,0.25796720335081497,0.99193776659697,0.04306198495342239,0.14154019619089314,0.43058786331559185,0.18245618632366586,0.5465854194533312,1.0,0.40414407642588873,0.5694318461330372,0.014863747755875777,0.0
qry_9dfaf0d61facbf2a,0.5346041023776266,0.0,0.6426834450784468,0.50964685060742,0.16035287327794703,0.5484298149093153,0.2501267175831851,0.19066947670999998,0.32202641768468454,0.8500623227547602,0.5339665012483826,0.8499376717398923,0.7822675016082195,0.508593543555558,0.6313422585936762,0.7656667478591453,0.2448089390194567,1.0,0.0632281618192687,0.5444079355246464
qry_1f03dd44a7e0b552,0.5942475373559539,0.968578148791415,0.8408096300271524,0.8560544181530084,1.0,0.6032126725261021,0.39015696202660466,0.7748030013993091,0.8715803480167184,0.835723343603948,0.0,0.6760940731317416,0.6194718226372976,0.8959011963775662,0.18270176965589568,0.6007293256040448,0.6628961957837439,0.9828852680387197,0.47507868474464177,0.9585469038401679
qry_8af71985ee9e8138,0.920547473722549,0.0,0.3367008469223078,0.08453789268465844,0.5850615993304751,0.1581318892836406,0.252763726514561,0.3284890682712354,0.23477605271232688,0.7763454881932222,0.17623042469402286,0.07330612539508759,0.8968404454333713,0.99941695756589,0.7241396653616959,0.9245108885939324,1.0,0.8870532160713995,0.8376566163884283,0.6818282301017776
qry_ddcdd687dd9ca7bf,0.6827824535140776,0.0,0.45522981747688135,0.7291897819953975,0.7780768763991236,0.8375289460446048,0.5301553455702954,0.8294899290337735,0.6273520939740137,0.9369733488947102,0.7250897370480175,0.3416137875199976,0.4221961532055454,0.26077208247131617,0.23391768391043136,0.775945315509658,1.0,0.09319358452928009,0.9360602494112709,0.7706402338139993
qry_7efa2d807ad4c981,0.3295537956000115,0.3352960470612195,0.30421175809925305,0.24098035528402695,0.35165920936346673,0.6282383225265499,1.0,0.3092378321351071,0.4982766574733844,0.5083814801309594,0.0,0.4463373707218195,0.3782937387318273,0.4652721194474633,0.5561961944314023,0.49251579891844094,0.13653860257783276,0.3432525338720591,0.6445957848111585,0.6266085151441891
qry_f3daf3b56434b8c5,0.2055405413199831,0.06144471710381308,0.04699942589090923,0.3036185561666983,0.0,1.0,0.4319430570702312,0.5023009647716267,0.5646274686838443,0.41954480128012417,0.12800590349855662,0.3493418980313184,0.964717003179088,0.9581349208021257,0.19318437994563828,0.5754979969102042,0.9470782887020759,0.1473850169099835,0.9362358552764787,0.030300553283017045
qry_acc76568ac954952,0.21960849621196346,0.2497387252206922,1.0,0.3316227696054029,0.0,0.20944111253929645,0.31757881353946493,0.8521481417023673,0.3141997491762214,0.31539873568493526,0.7301903210806759,0.7366131232054987,0.19023225183925072,0.16730078255299294,0.17615622897039923,0.18043541493479032,0.24256545762776802,0.2763915064957977,0.2915943143072876,0.7987872038751441
qry_c4355be7f1da2463,0.6800492451343859,0.41225326930162204,0.3459031397653279,0.46817223125737933,0.5093349095492048,0.6265203116893072,0.5026499808051366,0.223536994088687,0.6215009107250551,0.7014518254323829,0.0,0.29656203140915316,0.3647972403752109,1.0,0.9716590803790063,0.45948971971491936,0.8060768212064376,0.7407001898135981,0.5700870173669764,0.5260224293040292
qry_b53f6db3124ea705,0.06298513531676271,0.9201959209695977,0.39348376402618085,0.6507686255766072,0.5162137698680347,0.7760707170132237,0.40722597630197105,0.0,0.14674934561368452,0.1658080958324439,0.22826104163776717,0.12316671927951922,0.6500230392271819,0.9602475654901179,0.36008596745550503,0.27335577312845466,0.13030608076248965,1.0,0.16160281993202602,0.9894592107900326
qry_ca5c5fd1d65368fb,0.4036497119355746,0.561923572482991,0.5736632407865271,0.4388807853885551,0.9720989436088373,0.7688218758698242,0.4678356986476014,0.44467885326413004,0.9209641936149102,0.6204340655722924,0.25726614042587426,0.4473234181646188,0.5465869679910219,0.9665196018603257,0.8654941560589303,0.0,0.8328487396234716,0.8966740417104813,0.9536506639568954,1.0
qry_666b94eb18c40aa7,1.0,0.48488437574407234,0.6426642385505938,0.6611351663777529,0.4184884312140352,0.6808899096392333,0.8172475191096304,0.0,0.5377332388553412,0.5398015897946806,0.2906415565425976,0.6807403866987243,0.8525240172206687,0.21395018206732802,0.8153249377819177,0.3840390102086897,0.6615424138106625,0.6377098042312934,0.6739527966665536,0.2727416726057238
qry_bdbe255de907623a,0.0,1.0,0.6386209795481923,0.9281721251086481,0.6292581798712182,0.9463254718364367,0.882600789106842,0.8990591431479571,0.9188871596264823,0.8153039804849386,0.40952897225761725,0.5803695906506666,0.5760772923891416,0.5563236224808659,0.8688227481644225,0.963894582262907,0.19238645355814224,0.5554612491955502,0.41827323576699543,0.5143415033408384
qry_5158e6af539e88b8,0.6423705353194338,0.2726874054156563,0.5986631679422603,0.8768568517550821,0.8153329801416553,0.9837247473984932,0.8673455706324905,0.8818479914585451,1.0,0.9741498556663833,0.8498737160216703,0.9259146939602302,0.3277209315350954,0.8427677106803819,0.3713868576560857,0.17654900623785716,0.8874373339691205,0.9338613140176327,0.0,0.6655198254216228
qry_f3830b1c61888f0e,1.0,0.48509756674585847,0.44334294380300077,0.47704403068837153,0.6210899752763654,0.8457374262346131,0.8420023637090375,0.44869205866837775,0.3087828775521966,0.5050530405016604,0.12406802281016338,0.7783425586184483,0.6813734589265913,0.8480270040666129,0.2710384130033282,0.18856947469376228,0.05881754470734907,0.3360246887536709,0.4250069843338715,0.0
qry_b8b89f7e255432ca,0.3147003130487217,0.24390853578975824,0.0,0.9269568294854142,0.15892893289221433,0.6676284524675765,0.3686549804332374,0.9639175907920234,1.0,0.2777804757288705,0.4061702849543869,0.6841374391750906,0.8092285054484872,0.7492485985687384,0.048631526769066416,0.7922628166814782,0.8852999891521207,0.8184270432052426,0.24199286948321014,0.9274080376710102
qry_d776f879de7235a1,0.5059845381479949,0.5079196289106919,1.0,0.33094053485915725,0.35361695316721636,0.449720875425247,0.32079980045531875,0.0,0.6545767115710301,0.1042320518431511,0.5085276517522932,0.8986626678641861,0.6144589435679231,0.6794029041727386,0.7575128889980036,0.7540467007270325,0.2681985292324032,0.9333018410444055,0.497301092582533,0.5157624905021938
qry_83405dcaa280536c,0.0,0.6839285551341255,0.840355486051254,0.3993329029369101,0.07027992326461004,0.5302836823171814,0.866793026470846,0.0812807039518937,0.958835323493029,0.13228670564760017,0.7103076243942513,0.6250057635576438,0.23571784388855516,1.0,0.8254720943369718,0.811863141753146,0.16550899717581952,0.8821565889754632,0.9765548930973608,0.27039564195644256
qry_56041a9fdd93c5f2,0.3438122309086035,0.0,0.845744389734959,0.7756177046626124,0.6519296250923229,1.0,0.20000468902339183,0.20769097680720916,0.464453402858227,0.403824239088038,0.8241935875560216,0.34721324610124943,0.7259222635533988,0.2886279525049367,0.58991620844134,0.3956424430578454,0.4564242496782679,0.3873472317690841,0.7106345303565026,0.3232733400295294
qry_319a6cc38a9ef9b9,0.04615341831754661,0.1274520799103716,1.0,0.3086118042736188,0.40479241701713253,0.4701273891810029,0.04163483694462591,0.37529633267364787,0.17107903266713123,0.26707115505512613,0.41259024765311325,0.3020333215762953,0.05265507226736366,0.7778039150363839,0.2886237776277285,0.6161804718218455,0.18683308299791776,0.22150362911734967,0.28364081422862997,0.0
qry_1dbcf8c7473810cc,0.7533955736617416,0.0,0.483314243337588,0.6936311170930285,1.0,0.29696108006734956,0.3889248843268375,0.2205630690375619,0.20990699413418357,0.21197670446976086,0.9291562528436573,0.6267703076844727,0.7823633097203934,0.29214889126757465,0.3227574488272368,0.1505436409166658,0.24073265816595532,0.7588750930635669,0.4515643504694545,0.10858000300475544
qry_1af2556db9f64e64,0.3221525846925399,0.16960869623815908,0.292644234681399,0.0,0.8334320313659512,0.14488195342580648,0.40070126187549165,0.5211258049831072,0.6694392910245324,0.983609823801015,0.057982801558856885,0.025733791953458984,0.189407911243942,0.3474294988013816,0.29091342407772036,0.4227757677648745,0.23093436159553016,0.881230502583211,1.0,0.29530718594741606
qry_6d281187bbfcf945,0.9031091200883259,0.8296128724660821,0.6188239543355735,0.4706817212043157,0.2713185712724327,0.3366219635887905,0.3381999104276535,0.1365195595994689,0.7752676376289421,0.0,0.29722941215413495,0.0760343822540015,0.5366009529471403,0.78659549111247,1.0,0.6067236181634152,0.18697874173029289,0.6217382993725822,0.6143796596818509,0.7792021994818686
qry_2faf35534272f128,0.8873651694024877,0.39320575384894735,0.890774429517013,0.8782991507991991,0.16705947103074503,0.6452849851017084,0.3006324838523899,0.8837457842520299,0.41671009438272644,0.8771406722246813,0.37977370540020733,0.37808696541882664,0.27882670202878307,0.0,0.2753356585505136,0.4472984583540834,0.8135074360457422,0.9611926800875717,1.0,0.07239274919893238
qry_c3866075574c57f8,0.962263959223291,0.5137210134245095,0.8017550006874309,0.49290906854634914,0.44189580483340896,0.47824982061585575,0.5362829641446416,0.16806685832456353,1.0,0.29318503315324973,0.22577644106735675,0.4028074906780293,0.5630144202320044,0.3381512006241398,0.6730325046950592,0.0,0.09983225349231362,0.15920703410542747,0.03650302057821307,0.2756173709556173
qry_0cac1616870852fb,0.5398588538205523,0.26406000466552093,0.5787214777800594,0.0,0.4171457331819983,0.5746232415790947,0.4157712953996583,0.2748369676461531,0.33624939303119905,0.6373826516579245,0.2820479350432533,0.7338353829477763,0.10255303727800885,0.22709742258880736,1.0,0.28742241499823795,0.19847670936434994,0.4438991164208144,0.27982449057910164,0.07028048573654533
qry_375028caf5df718f,0.5418341448414218,0.0,0.9427699558164254,0.26276541564593087,0.4518709692756224,0.9675147496377383,0.8170721094231579,0.6606064715382983,0.7673992276489683,0.6078089271204989,0.6949056361746001,0.6229896683884112,0.6003462128792424,0.28150403982178523,0.3835471381349035,1.0,0.8207260777420851,0.8922233489913486,0.30054931696814924,0.9440924391093206
qry_11fcadd88066f9dc,0.1590763179533588,0.35081771300714304,0.8093179160799863,1.0,0.4448273789083326,0.15493703748933313,0.47373498118524204,0.7378757238676197,0.1969742184959296,0.252679679178567,0.18980590680180903,0.3155525623272524,0.8481388608947024,0.17924853283216977,0.42235165619796433,0.31761935815360093,0.23929351746400024,0.0,0.5733327092921697,0.5219000586658201
qry_68638477b52b9967,0.20681904638838852,0.0,0.7924522845714761,0.7425703521775988,0.9360955622629665,0.838075248253515,0.498655106941958,0.48944049356363406,1.0,0.020003637844362352,0.5605606730063205,0.4101479264600772,0.8921304255437915,0.5523263924790925,0.4017558944785024,0.7628544783544702,0.9852754885064119,0.02696160548809025,0.46276694941922714,0.3714851264579648
qry_857467316a0c821c,0.8595080283464087,1.0,0.16473191948940852,0.504410397553102,0.9801852695853982,0.37852319866324996,0.5387795181307521,0.0,0.5031411361495307,0.04444160075314303,0.9147661382536488,0.5792758571299373,0.8374106441161419,0.37850123619881515,0.7535854545936336,0.971290387516503,0.8629792266666709,0.3706231266862455,0.5129380115080219,0.8186215414082909
qry_e5a72523de9f8eb6,0.421094124888855,0.0,0.974017292154033,0.9997502370463901,0.21087916858879927,0.46298952961770234,0.828573377564062,0.17755170376290208,0.9341312565012255,0.4906435473862169,0.7812172755343311,0.734704036852353,0.6392191599519769,0.12090986063078416,1.0,0.6939553855766006,0.6416474846446676,0.3507615175087407,0.5382413347416172,0.6457546338018507
qry_1771329e9b281ea9,0.8298070265795973,0.9084269108595252,0.9060916725655747,0.7643149869061168,0.361514520676047,0.2840454449765246,0.4985351346305655,1.0,0.5941734157791247,0.6520898716432446,0.99944795110289,0.6718523227260265,0.5579896666325466,0.5484594577542699,0.9620057998695777,0.7009737181104769,0.04629371909407706,0.8082058801176886,0.0,0.4795010455438737
qry_ba91fb0ea39b3c42,0.16434476376600268,0.44028512119225,0.4289629380837872,0.6264221885182443,0.26507571289232734,0.20575185854766442,0.0,0.3176578938229901,0.6862078339748493,0.8363948986050291,1.0,0.8796433459604018,0.3770529890689249,0.6207078983621921,0.6631909276262763,0.5860606854969322,0.1531553653841286,0.7952361842395131,0.6035252766163447,0.3467892806673841
qry_b49a10ba57a2cecd,0.7823814432278329,0.732919059138143,0.7471153814701226,0.8494846850286922,0.5936963884501238,0.5594229626998471,0.88021007641678,0.0,0.45799420517695,0.5715270343213299,0.7961781641082423,0.026088705438647518,0.5772977945455577,0.21862734743727155,0.8969820090363376,0.5904049492417773,0.7519310562377318,1.0,0.2573948514975409,0.3510567547093611
qry_7c3f8da47efeeec0,0.5292557289273973,0.3435685363553294,0.5909802175126305,0.6128671327651858,0.09803786316388272,0.6014489237143161,0.4497951072966386,0.0,0.4245218704134404,0.2142927576580415,0.5545256346414095,0.7700886617037475,0.801675146104016,0.944174025237253,0.33139645622156155,0.5611918614456733,0.7534998273106485,1.0,0.27652186025313796,0.4362882851288362
qry_99685cb7348f32a2,0.0,0.4469005295314372,0.8324854957872823,0.9492027298646726,0.8427197674962575,0.21705409979836482,0.24606274961578653,0.8086495537114591,0.9241625273331556,0.27469054106408775,0.4885076190980484,0.3739290213527135,0.2065247757625011,0.8474413347347681,0.49635782949783763,0.47762707543623045,0.3514902410762243,1.0,0.41688570121633167,0.5584159513525061
qry_5256c41908cd4873,0.668671406150189,0.5937462600943154,0.7995035287433184,0.4064245388174159,0.3186213066662166,0.436537313198078,0.25128421026286135,0.5237587093297041,0.3365270300386471,0.316897588625267,0.17817511554496623,0.6469886259262122,0.4350642950463776,0.6071003538365622,1.0,0.0,0.9903737885304588,0.4645278248701941,0.9361267110030417,0.36691001081908714
qry_49a7021f0d08cf73,0.5987797139570111,0.6108887181881179,0.3542599110155026,0.39534166330449566,0.7518405287266042,0.7298960500794066,1.0,0.7521743222510487,0.7296565433349573,0.5468616062332933,0.14798697300242875,0.8000758465774948,0.39402928337609794,0.743957552347357,0.44207703806979726,0.36655620820477736,0.0,0.27440858981426225,0.5044242631057739,0.34799221032601046
qry_d2c3cdd837cdca67,0.39235005374934584,0.25836308696781063,0.2866987847276818,0.25611884491857806,0.23609053591094234,0.31499508994543524,0.015968889154429105,0.5485028293009054,0.5686096081151926,0.31571373755405235,0.7636664953545594,0.6278261260808503,0.02286545482369566,0.7652228638739152,0.85969636355248,0.37353212100704,1.0,0.5054215907224121,0.07008692686342574,0.0
qry_3de24f05bee00328,0.5330033960443544,0.4940947329258981,0.26348389859488514,0.18090302610184048,0.31994215003749515,1.0,0.0,0.7727142795938444,0.10689251449120885,0.8622305342785741,0.9264889077967396,0.873986161008251,0.13295998807331666,0.1467310960842989,0.8031232730121033,0.2731105387982364,0.4147912651627727,0.9142216038342814,0.5534358710990358,0.5776190008496817
qry_0dbd2bb49a14fbbe,0.6649223875866123,0.2833402819415747,0.3012885845255206,0.02935225833679023,0.5246984066908529,0.21993833076047917,0.6020820345798602,0.5433552392710544,0.12944791888854926,0.8314543627262264,0.7370025211660901,0.4458771473413707,0.19410669036981681,0.8665668769569378,0.9371819638305766,1.0,0.15370160070808503,0.0,0.046503568533637255,0.3066753405398267
qry_6e8003257e161130,0.46393615364134483,0.591353021523212,0.3291303925414163,0.5158036677933124,0.7103874674747015,0.7443826812452861,0.47255444449105366,0.4120834788008368,0.8239569682430741,0.21778277183105232,0.6980277957186574,0.16539368192459122,0.7744340159809603,0.8584666863820246,0.5281058693261768,0.5009289855559074,0.8207347845839902,0.6398657858219206,0.0,1.0
qry_89d964cee4908e39,0.0,0.9315217481587978,0.8207495160917485,0.7502017703095641,0.28530983901779106,0.8094937457145843,0.6080900150348774,1.0,0.6008502897870824,0.17237190140884243,0.4562490826656845,0.5290582778952528,0.8524629624665354,0.9637816565986848,0.1587230012207386,0.38021158675781014,0.9228145423086704,0.7851507458656816,0.2630047154729749,0.4279877495156079
qry_75808c03ab6e8f83,0.7058127070252977,0.8581141111305437,0.8636841053654158,0.9807348039530746,0.46866432055556667,0.23191822860158118,0.4656159607291196,0.5364530977306,0.708192303635571,0.049718845655776625,0.0,0.30870878418602327,0.7836820403375773,0.9929761611677836,0.8109020618728734,1.0,0.3513055122113757,0.2791375272298261,0.48245855211448097,0.8042674767648974
qry_d7c6af0f0c4abe78,0.6359937981212306,0.7061297090596229,0.6723180586719779,0.31601515035817684,0.7629515896027249,1.0,0.15993493246206034,0.22694996167648318,0.6615376684165852,0.9719196803063068,0.22136209803011508,0.4313034903335656,0.26828056779203546,0.9249685871881933,0.49049209547502753,0.2938658193034316,0.16684379460532875,0.266912940218044,0.5404242813153163,0.0
qry_a5a6f1b82ff993c8,0.8735362202866014,0.8305194556820403,0.9708008340791732,0.8717160151248415,0.9889814679841625,0.43913817409296707,0.3183804527724716,1.0,0.8746916030460222,0.8118426516880933,0.8773665963893299,0.499761448579006,0.547980393254344,0.6765177915196812,0.6729469016960528,0.7517064645782214,0.0,0.7105075822909481,0.5555954082872661,0.9510252191787252
qry_a77f43ae8c4fc9bc,0.2142618474402802,1.0,0.7345593660010957,0.8843991213787373,0.5352002064379086,0.3567435208638031,0.3371623853541385,0.0,0.8450964932560662,0.5745339954515293,0.7852776288993779,0.3197752699824065,0.5391682801163938,0.7602472663514155,0.11649392056606925,0.03658946058713378,0.8763394974764496,0.05326695840780326,0.7183989646467808,0.31129962963584673
qry_b42aaf16ed30ccd2,0.32319309213115505,0.468085817177566,0.7894900794141622,0.29629565638290933,0.7301049401247762,0.0,0.8295260267500686,1.0,0.5305926675912213,0.9111635973560298,0.6369999814481521,0.31931956173429343,0.22572488135304966,0.6866804017437715,0.22912620207196582,0.3942920141793705,0.26167239755022004,0.414897235341417,0.7471096485316427,0.37211954301593986
qry_4982785fc6d1638d,0.22193100517252154,0.8708304263131805,0.1040734258711618,0.11290992822194702,0.9783411797107512,0.8849140490747226,0.2953271782426811,0.5365995453713631,0.9483628536576811,0.8245422366587158,1.0,0.9283475030267813,0.9005020280017725,0.4983331080858127,0.6205310660649926,0.7938800219449804,0.0,0.9530264918785921,0.16215432394871596,0.33954456774391906
qry_0d52163afcde53ee,0.6025748585354967,0.5024437097649428,0.5220024240331662,0.44217853928442785,0.8288124670540664,1.0,0.6060939722031371,0.598293384666295,0.11878683563992312,0.570600775642607,0.0,0.31976167798540867,0.2161894343938931,0.8742482300945785,0.40889675614105503,0.8883430604990531,0.1710509342349269,0.3732344806116382,0.4114597205258394,0.5122761662887865
qry_c71d7135d90d3cff,1.0,0.046435354237311835,0.6114139155425744,0.9154090859025047,0.0,0.167365120376667,0.2671785721779591,0.6601895263404406,0.3841233944271412,0.8925107512902424,0.1402960761170233,0.10743426679691682,0.22643865866143056,0.20966178393328,0.6096964768152111,0.9511052859656743,0.14043166323631176,0.17015128525780768,0.8744034818452681,0.7876308114024654
qry_7afc656753df5a82,0.2800431763109132,0.9476076280810396,0.8816920616092009,0.3790864623004296,0.7207337323490376,0.5580688438803488,0.2849250620465487,0.4051027548287162,0.851930798631133,0.6079863421658785,1.0,0.6816618897556519,0.2672001877620243,0.7841369140743429,0.31588509570845996,0.3216345104578058,0.24974750212114694,0.0,0.39425269615817754,0.0935407317390089
qry_129cfa6dfab39637,0.8977826928119181,0.0,0.09567435990794675,0.6804202989526249,0.5453628532880319,0.20629837647641522,0.8691112712352544,0.8979782411913848,0.11694496454330831,0.46644002954727815,0.23008393807825364,0.6465873929353653,1.0,0.8342933459922091,0.6338773375657987,0.11834583391610225,0.9027936539892712,0.8087592935412519,0.18087675903344497,0.010351229752844948
qry_b6e76e079487bb29,0.3998167050191704,0.0,1.0,0.7143192054275879,0.20376775819601511,0.5566884916908827,0.7600417732083988,0.5021641777542258,0.9348116270288175,0.5077061184722902,0.47160465948762725,0.5711229915322282,0.3364881937280536,0.005211973765796811,0.11451100512719092,0.39776480780501894,0.5330815840209385,0.43034086896268653,0.639942020489965,0.0741006824965748
qry_8c4cbf5b65668c9a,0.8497878960188171,0.17984778110684796,0.279395474332348,0.8156461456480477,0.35712960165797136,0.3160760820224183,0.4973768552902412,0.8760610223663003,0.0,0.5328505306220208,0.2698477955293137,0.4900225799460439,0.28202689979057305,1.0,0.6742651155657193,0.49029842034681304,0.7487606427518932,0.29643016473864214,0.47032943099863506,0.30179933828187977
qry_9e96b3a91561de6b,0.8747838702029352,0.7789180714092128,0.6973574791930086,0.6906315758426528,0.0,0.8988315844255231,0.10492149440251637,0.7043065795093669,0.5031496823351754,0.5566741132767953,0.8358076344860861,1.0,0.8106964029266837,0.7448190925090081,0.8602930469232849,0.4589511730385882,0.8170878227497417,0.28264694629680603,0.715365021469413,0.42295789250168453
qry_343588337f3f4967,1.0,0.9662362375541241,0.8475111749488041,0.7527412763907368,0.7736549167825376,0.40400750223215814,0.7445191161876249,0.5059374669665668,0.9306305325581161,0.2885986241998657,0.528841430680585,0.8002832844181447,0.5666790105525885,0.37676264437920265,0.3273654310044458,0.9664066676207205,0.7302114773538694,0.9619229999882775,0.6990581605924528,0.0
qry_bf9df380d4cf3a69,0.4082551479054492,0.6653910467442798,0.5081842230188265,1.0,0.6762923045455356,0.6141185110932296,0.6170061111720507,0.24632722881305705,0.928582394808435,0.32581604303566836,0.00037688959813328036,0.6403599731274197,0.3497048212821808,0.0,0.6313995155158928,0.37689300638447626,0.7488733817829892,0.513260843894379,0.35371643493136395,0.6853402913147703
qry_d54ffed1c7c3a070,0.5510210494675521,1.0,0.6148592797895486,0.34677085493971704,0.019475049597725034,0.19922459580794744,0.0,0.7284589210294226,0.5916447342557469,0.027911776467312785,0.49321161503004707,0.62987734147947,0.6665070755238176,0.46637564549054894,0.1380506822613674,0.6349663377926731,0.3834052246759641,0.023522789444524256,0.08356466457808683,0.7195011847654373
qry_0930e2569bb43eda,0.5877284135166003,0.5013250246400573,0.6729506520212879,0.7696514953217838,0.0,0.14623500534058442,0.649268179852735,0.042372529044734916,0.7837176962786171,0.35572450180160325,0.25534496485341224,0.1500897035355841,0.7336326006722358,0.6796533509390766,0.5813603825612406,0.5950148141208971,0.41049695266632563,0.4264213248611214,1.0,0.2713570180508782
qry_f07a9404a5d8262b,0.5081987472184532,0.9369750644652738,0.19779144423782416,1.0,0.4972189429723215,0.005740187849035811,0.7451815411067748,0.18575732302090198,0.3493795182933205,0.7457388938204272,0.3043558945070217,0.15144969058842356,0.0,0.6679755516653652,0.20912491316970255,0.3637333705194065,0.7960159142688954,0.6334114424634514,0.2193551534994258,0.4000299961381548
qry_3721a560a8704609,0.6447355356931637,0.6933362006443714,0.7568275756438118,0.558693843456555,0.7466028671051762,0.7186380934047116,0.8490900333978961,0.9973803459474914,0.932741582514018,0.9954134688874182,0.30794953846757606,0.7891197945637513,0.5595173199672183,0.44167778014688636,0.8519388488942351,1.0,0.919699680826695,0.5174455454684806,0.0,0.37684030744485597
qry_1d023563a51d26b2,1.0,0.9672031754534602,0.9835560026870545,0.36457877272534783,0.3755566806019032,0.36552827851744607,0.824142534438975,0.26877253639022136,0.3794716556772605,0.10602187440402044,0.1951190945779387,0.41689585391433776,0.0,0.47653179697719683,0.8895442633379431,0.6096106234930708,0.438553021287114,0.4869869510298031,0.17721231767976314,0.37555136189735977
qry_6bf3c8be57cbba6a,0.9489612702903137,0.44707269222123114,0.1292628607801135,0.84625727186751,0.20163630034401947,0.64736395916894,0.12072258244473233,0.3671483899729993,0.06936419264746994,0.0,0.6971091494148577,0.7616859802043381,0.7759734805532186,0.8399512627240281,1.0,0.5963295082153811,0.3004458031305446,0.555183808975452,0.7443805803513326,0.5164279404190119
qry_0950f8d8e22fb746,0.2716708601715461,0.15990733957152573,1.0,0.17071307410967396,0.1929954522520463,0.0,0.3324657552523459,0.5625318003464865,0.45312794091958036,0.18027189337301847,0.5129154107961629,0.5249187364329285,0.5602251353683302,0.5346104306373283,0.3845886719747503,0.6237793974960739,0.36266945048598437,0.022086257817744533,0.8368855736996637,0.06578301645670158
qry_78d6a8b2423ea8b3,0.28406295529473236,0.6938903127198022,0.331408801781375,0.6399744150324687,0.009775805443469515,0.2245177148632328,0.0,0.7743601861435871,0.32269996390601874,0.23635854178671709,0.16313295134873906,0.2878410683997927,1.0,0.5549880226389498,0.5961298943553622,0.7377333253238822,0.23091577239883807,0.6427340839334542,0.01001416399071391,0.12718770964605025
qry_76100c9dbdb7a347,0.14170924547350586,0.3058711549958896,0.6332524799375339,0.2656902832327706,0.6135475367620352,0.8155535948862592,0.8862525296837794,0.024935271211550418,1.0,0.5964157850426033,0.8076431084622432,0.9542964356522328,0.5984204495061277,0.29758297866531697,0.0,0.2668795576921085,0.3515749677761484,0.6688719620836516,0.4815485169972228,0.32540320397597866
qry_1f59bea80916f413,0.9992225300190803,0.10310069512221871,0.0,0.7127621248843832,0.27920506799913736,0.36439210365005625,0.9373336293339466,0.22445356412291775,0.8874552702048237,0.48510580741270043,0.6135716212748678,0.5706939475258996,0.3019431958249969,0.8059442170685552,0.6500298106583281,0.654344846485731,1.0,0.661915798879268,0.08826834324518527,0.9297494815527674
qry_eb24ce0ae4feb5a2,0.0,0.18473224552630435,0.4587890702732006,0.14346543758757624,0.3673995514134606,0.34292970032472125,0.02664293859514873,0.5360902505358913,0.7320157391458588,1.0,0.5373835944092543,0.5822472421024251,0.6094646901637202,0.9966105176173179,0.5261066345175612,0.4840718913186296,0.1258318308705478,0.6205568017745139,0.46172417697639345,0.48948027566722246
qry_7c8af5749fdf80b1,0.5777787765878446,0.827880300428772,0.9762760406254956,0.4059843452041534,0.9144821720685775,0.8962502332105051,0.6719642525837654,1.0,0.7979556118092189,0.5581537387408518,0.3472207927964978,0.2282507002840269,0.5108896015128463,0.0670696257418627,0.7163988507413835,0.8421125670885049,0.7732057522981498,0.30452211173196725,0.6544957345297506,0.0
qry_ce909e1e5ae172be,0.8872768842583432,0.6842404519491903,0.32227147391664734,0.9551347194274838,0.30260416432359855,0.5688519519426403,0.18853108449288672,0.3126448771515777,0.39677156574806083,0.0,0.5923878937363843,0.41705433308719475,0.39682576267104963,0.3177295380291222,1.0,0.2740111133927691,0.9605832541967935,0.490504243407387,0.652981506915323,0.20777661006283998
qry_c6c5d7d900d06497,0.2412340340683691,0.8592443421486293,0.3957034742696924,0.5245704668648884,0.0,0.7569240494941969,0.8457228537929602,0.9577205889283105,0.10346715856454018,0.07028197228554686,0.17126346994623548,0.26389192522322136,0.3052133867263306,0.6619125408701,0.2686088256952059,0.619766617679184,0.1626887398052813,1.0,0.6849139872698586,0.8322623403228113
qry_0b314614e9ebb9de,0.24168189471693075,0.7636269366530144,1.0,0.5263108461183952,0.4712265236333949,0.0,0.27424687602908526,0.8819538537265685,0.6512811175048434,0.18689670938740702,0.5811600202124183,0.8465789781656304,0.4694713237418156,0.754880528128586,0.6824542926031181,0.325683120586039,0.8338468765532815,0.7751807534139348,0.47188784387550997,0.21387799931437254
qry_ee55fdb961d283f7,0.0,0.3975329683208186,0.4012955819233618,1.0,0.24167625569986556,0.6881796406557595,0.4474445987053051,0.8538447961146197,0.48696721517353864,0.7084869419189191,0.28919618801310354,0.5063283557651526,0.7116615247761303,0.9174170204967843,0.3373000947269951,0.4201522082869143,0.5071530276065592,0.7222689798068624,0.4011367843847772,0.4403513504150069
qry_f85387c970c64ea4,0.38879115372961043,0.5769896623354119,0.5276542918705179,0.4128681366710373,1.0,0.3671383602213502,0.5991962303136019,0.5717978265938942,0.5072676957180551,0.48355783798324753,0.5657400875619142,0.5969663878339628,0.6233418112844609,0.5794833509843826,0.741036604476855,0.0,0.3843368391173212,0.7321348351600674,0.7401659252914551,0.2921494378725878
qry_ab9178861ad20d84,0.10083014143510323,0.6671444268932564,0.24817296462870675,0.836558692184166,0.6064815041527114,0.2247639516623949,0.5054648864635123,0.057801584021346754,0.6075278001582776,0.6540530542819113,0.6845303560426858,1.0,0.6961868824733554,0.2662327497934925,0.08088147739061405,0.9488026528946524,0.0,0.8735448857525002,0.37351244170077824,0.40412784411590313
qry_83eaa9768ee913de,0.3477060865986677,0.6269742083955289,0.8130359192801785,0.314752343880393,0.4897303004247021,0.3994612327380139,0.4017660824992994,0.8214409156882687,0.2699924506634657,0.1365980158516879,1.0,0.5920930331960701,0.39585689057462575,0.6141644583491772,0.9022778877161849,0.40292494807278967,0.6804104836852475,0.598098701864717,0.8397756597122401,0.0
qry_9a98e450715ca1bc,0.9376532495656982,0.19071094138284364,0.8288877911085066,0.1270846467113966,0.9073110729968443,0.9341711185711662,0.7054114971756291,0.2535916403686878,0.7302831996433392,0.04628020937241063,0.8676166087485574,0.9728721068804653,0.0,0.9645212010153698,0.7356938048778338,0.4471698764360296,0.31319973890942293,0.7021212833217212,1.0,0.10128674920803059
qry_109d595dbc72f530,0.8718317332008427,0.764308122133119,0.6291787108117725,0.7277432249335741,0.9832136359499815,0.21343702632543488,0.17148754755154322,0.35433395177068044,0.21263888379100548,0.6374060917593841,0.07959133247111765,0.6794238296830192,1.0,0.20957802100774553,0.7580997269176534,0.0,0.7009335389990863,0.01233503724640768,0.41218176600518786,0.2545506549915812
qry_f99a29b98cd1db49,0.2281533498325601,0.5032792643075635,0.9754832812311075,0.3116996412943635,0.5434906055497623,0.9149237177000199,1.0,0.835617135602447,0.40352074660010656,0.0,0.27454571689868695,0.22657654212930606,0.20250586907998397,0.13677126445328225,0.6567595843337123,0.81548971950401,0.8295210625240936,0.2768689806871147,0.9654276865925663,0.5832158454782155
qry_9c32d868795b02e7,0.29362636442555035,0.14575167699758101,0.0021380860414351053,0.0,0.5181504385849828,0.22013445565536507,0.026354903387049527,0.05260822757034247,0.7993464624517677,0.7613995904850376,0.7360807909979068,0.061179713389984514,0.40857870739830304,1.0,0.6508954999076793,0.4292991551209618,0.4709514712195696,0.31262575521072455,0.14875436235040185,0.48543526088234323
qry_12f4669e28161c8e,1.0,0.7150351111444728,0.0,0.5799865684127036,0.7746077990805614,0.24390888382909964,0.447841737017891,0.9246134801948758,0.7262985098691906,0.9187493624878798,0.3691878774941409,0.2763184009529392,0.774819648153401,0.7255404386727782,0.8574575947215426,0.9591123917791124,0.7039769847409443,0.9182467677724118,0.3401382386957666,0.39205430554133563
qry_89fb3ef417e49111,0.15857628114007255,0.7602557685071833,0.7794344835283938,0.3899460617216856,0.8402604064211249,0.19730097871655367,0.8993126633422982,0.8798274781476034,0.8041655594819274,0.2627482166077599,0.729107848893991,0.4325618987205755,1.0,0.9171885265717917,0.4205648606675273,0.630202670800418,0.0,0.7484776120141433,0.8867584192525002,0.8297559465714951
qry_d098579117eec60c,0.2468664622291556,0.8764933762192803,0.1285626827126622,0.6420722715525179,0.8510710925657721,0.2891507895743775,0.218707169810522,0.492522049496471,0.6580773454480847,0.5161242161777765,0.957615878532889,0.27047501807685015,0.8645622011120969,0.05907740520886193,1.0,0.9646131318481617,0.05607345370330218,0.7367992636488079,0.37821090166109167,0.0
qry_dad6ef536303c4d2,0.4957058748840075,0.7173665323814995,0.3561328831013527,0.665131204404823,0.31824823022471793,0.8829973663757756,0.27512739092139754,0.16476375132479934,0.6559263309024487,0.5852182641579622,0.5084635692101194,0.0,0.7018430656312631,0.889835016627276,0.5492664217133003,0.7487056233914539,0.5850969912881643,0.789240163942399,1.0,0.6127438676239988
qry_b5aa6a2be361ed55,0.7338013991406177,0.9115212810019786,0.4068618716933591,0.8214975691555477,0.5962758926461135,0.0,1.0,0.8743884649640069,0.6152359289489405,0.8447677956702884,0.7075400894451658,0.9507687280136684,0.431260801245953,0.507888108182508,0.9110782145621438,0.9783416779568694,0.8997082744603166,0.9565482010800808,0.37993206887432307,0.7914547133277722
qry_aaffd9ac83f8d442,0.9156980955688538,0.475354364104982,0.7166890087599113,0.0,0.19829192377044078,1.0,0.21554039375801742,0.41642708978430965,0.14653373387474738,0.6141670699905174,0.6998731286795402,0.45456964124308546,0.7588962753565075,0.6516015856994315,0.20397158276998636,0.9809327912201593,0.991841486022796,0.4862426208918173,0.6452865383188229,0.3771692637589889
qry_3d7922024ac9465a,0.4299654795778047,0.13231745500776257,0.13340416612905887,0.34939944113235855,0.9224561531349591,0.8727232257122429,0.8837242011052041,0.8158669198038976,0.3937848023487844,0.47245986645724003,0.4287673376423499,0.023970648205292284,0.07462149932769659,0.9508740005916387,0.0,0.3202867904045826,1.0,0.2840401349373858,0.24002437638662483,0.8572487956928648
qry_9ffca2ee3ccce928,0.0,0.6543221103078919,0.1436109099755854,0.19499850500643756,0.054861960085642904,0.610802386979019,0.737685695402746,0.3483453976407234,0.4211685204892506,0.9103238417518977,0.5243019813694746,0.4183429324254661,0.5939241997271669,0.12069378218180367,0.5195413457956336,0.5394039249591748,0.4567263632882657,0.70375543213027,0.04118784933135905,1.0
qry_8557e80673ff04bb,1.0,0.8238904097091638,0.38138897719745957,0.7472690265350522,0.5337944021659958,0.5101164095277464,0.8393401905839027,0.5393565791511346,0.8043905580457259,0.07516602916171582,0.6673813244134662,0.2075259131936828,0.579465610815289,0.7060538100032434,0.46636660807482794,0.47224429373428833,0.35388604050429867,0.7922517267984982,0.0,0.42806711548276194
qry_320a97abc4fc3a94,0.6827135774145726,1.0,0.8090670804261157,0.16991799184527978,0.6610649157361966,0.5106344603706263,0.5254986632454199,0.8730145683882764,0.6662842052021868,0.6526837550326062,0.9532561826520553,0.0,0.6630413212505929,0.33311524404896264,0.8165364458753753,0.6110779916493909,0.6288962787676275,0.7259033340719122,0.32436159229244116,0.49353134492641054
qry_58f7da646b64e1da,0.8163186384907994,0.2706388853787332,0.2650213712570769,0.614328577228514,0.6377537414586276,0.9996406502351435,1.0,0.6832096361607938,0.0,0.5022594786881754,0.9119843493198048,0.4608790399217564,0.6192347616205023,0.8432378521880204,0.3446065190842785,0.6085519358467737,0.041179901836668795,0.7603900088475655,0.14359768937450298,0.6770544926745515
qry_f346a5f2f4a6c9d5,0.5774235040801522,0.8382106858797801,0.695401260904492,0.7783310948563371,0.5847923264595879,0.5972223556764423,0.3236351932923831,0.43507984781540765,0.5322139079307826,0.5542068458673484,0.21061177249027854,0.0,0.1499391659156432,0.5601599421432208,0.5104061933905844,1.0,0.48042649535409787,0.5328087920128242,0.1577448189855311,0.8737794350786007
qry_c12df9b670d20888,0.24947461054182377,0.14950934295211069,1.0,0.3154273002772033,0.22114055269599583,0.16334193545492723,0.41681621166450566,0.1703192406889721,0.10233294051896104,0.07184176037527484,0.18772893956018247,0.08311986112558058,0.16044913211902043,0.2406859107596819,0.0,0.13494742154457237,0.11775573655380597,0.32572684432528376,0.22851446252354563,0.4031970822838853
qry_86a45659f9aa0925,0.432314072305123,0.43367312489768445,0.6529230798317093,0.6361827882768714,0.9236633312825184,0.5926998426546704,0.8205081617561053,0.6243863510962685,1.0,0.7177584387624114,0.8525818372600892,0.0,0.43815762766213306,0.4979811734454029,0.35288891979016757,0.30538374723958833,0.5549575395266195,0.7032395383029052,0.3950907523169473,0.4528651984262132
qry_f423307786656c8a,0.0,0.10098417812172099,0.4606926702353918,0.7190226228850622,0.589751900064362,0.4704073935047081,0.4694783771435812,0.010227934370394091,0.12297600857274284,0.288471260270383,0.2632225181404661,0.06399241353521934,0.44831070200447665,0.4352944494841875,0.4192206222562137,0.3252749332077861,1.0,0.35688851088180096,0.14841216346263442,0.26448723230936305
qry_bb5a989fbe230254,0.845779791233415,0.7515634942276347,0.3645444059345448,0.0,0.7136219094431846,0.7712775560025267,0.13473481541339835,0.789331106695979,0.9321347963886986,1.0,0.9133510489026444,0.7653885672202869,0.77067709297796,0.6869897823810939,0.7815814610904522,0.46328213083004144,0.5352782599101508,0.30207547183906175,0.6291596534128782,0.29555769993880754
qry_e57ab5419f2e0ec6,0.34377686162637133,0.38767149168963116,0.5993693414895306,0.2473460638310392,0.7969117882382722,0.2303646590238695,1.0,0.570578948052088,0.6238816683269653,0.8589759741134356,0.1296195480966584,0.07480524170896398,0.47614834628478947,0.0,0.16780514994973014,0.8531281316818097,0.7391042203825245,0.45913747719957404,0.5528749531791711,0.4993772612781555
qry_8697cc4529e6ff09,0.8375859139397552,0.6581707832157875,0.6513785574809737,0.5783515443783739,1.0,0.2511294602488026,0.44626862025512065,0.7800972216233638,0.1661981979234709,0.6175909872407251,0.04827805793400387,0.8061730552844802,0.7200653844020192,0.9108663271549131,0.09371798168812775,0.19208571809711808,0.2554007118229121,0.6376805340175301,0.9476757798804317,0.0
qry_6724c14b35e49ec9,0.6887916257727462,0.32417703532267567,0.6882750777198973,0.7276618605968735,0.405076997783986,0.38120742411298253,0.05828989817834326,0.20489157837899738,0.5538512239178753,0.21248544873394112,1.0,0.7930735341202815,0.3148092248729417,0.0,0.9064360282797058,0.3595658871979714,0.5477685959460508,0.8093166798759042,0.5711468028448032,0.8031377962482834
qry_d52664c89bdf3ceb,0.2164739216201783,0.778324768716014,0.7619382622004361,0.0,1.0,0.004204334663795494,0.245983438150428,0.1254019240983623,0.7591461988228194,0.28162546066123684,0.2796384848226578,0.047198990790660096,0.522479405463145,0.35552756331321655,0.5183806001747674,0.3562123386607474,0.8260110521565094,0.11872366053611716,0.2297577943271585,0.029774149680930718
qry_4e79f6484e2bcd4e,0.2687515757674629,0.8662698992126915,0.7317090199870595,0.5145129582908207,0.49462597380953965,0.0,0.1849719420963107,0.1612555232897856,0.7159412084132779,0.313256664999554,0.4010662561214437,0.5148046853567597,0.7399271315452334,0.4488983935370972,0.3551822979475714,1.0,0.4612468378983098,0.8345705689729475,0.8777450757630885,0.6461421237271826
qry_17db1169105c25e0,0.3444020884357732,0.9465622886223373,0.7438084415795408,0.9039438355761933,0.85246988359775,0.9397696286087031,0.41873685106363684,0.523873166799837,0.7569369643991167,0.7819772580254439,0.958837406543916,0.0,0.5583366094947398,1.0,0.8552824729398877,0.3961192231833294,0.316992855605445,0.6698632789771515,0.8885483249592928,0.9369221939852237
qry_137a95fcc98e46f5,0.972913885954433,1.0,0.8696789365533482,0.32061926896977777,0.637178940015402,0.15684706835255047,0.7203086543504366,0.8107626262500204,0.3417619016959632,0.9018962046589879,0.4038426951291388,0.8953170043982728,0.613881840377494,0.2402189019705371,0.12346827105612435,0.20042819054386765,0.0,0.4481399269796447,0.23438189497892556,0.861986822340234
qry_3bda647d7d24e2f6,0.22864279579230418,0.6317372634698194,0.784298565846864,0.7967409600612831,0.6864570462751278,0.22627026823793286,0.606199355367714,1.0,0.16860103136910998,0.6179261886837398,0.6893000765916507,0.0,0.6899082207829282,0.8806977829203801,0.17404961923644444,0.6859716017609387,0.7813851044418945,0.6519918523078186,0.07872314365257929,0.18271600567979013
qry_a7fa4067a58d5ca5,0.27318528372190476,0.2877832821682286,0.4047476764642968,0.11930303036592933,0.19809069182869102,0.7098893447676486,0.0,0.014985812475599826,0.17877446654160112,1.0,0.07959953800060016,0.0620088235859253,0.334311574557165,0.3944901035067076,0.6716729512762388,0.5580283574138373,0.6568880582288842,0.19134009417738562,0.0968672779253814,0.5229780791880839
qry_766184be094c3b29,0.825341635096672,0.0,0.25058445315701683,1.0,0.5892216649179594,0.7681934756817059,0.445887514927254,0.8829316292002356,0.7008883400047182,0.415524678084397,0.8401907683456146,0.8659264612020807,0.7189312367726627,0.3838948532371118,0.5535821467166152,0.6827461062911183,0.37087441623766926,0.8810892157534841,0.815970576592256,0.7963309695206608
qry_4449a4b88945d5da,0.3630063060380018,0.06349333768908556,0.10328784242219513,1.0,0.588908591891068,0.8452709196499139,0.41088795514067533,0.030534395762809592,0.40674810980396575,0.28485829887718883,0.29786409042821294,0.0107031949531834,0.11700266517061533,0.49521089631913967,0.5788661355644957,0.0,0.9891171872995521,0.35801138086477147,0.4664116823064577,0.48797378315149026
qry_09445e3ca41e3535,0.8429347066108369,1.0,0.26698248093099763,0.15869214818522454,0.8935934671912256,0.04810069245164593,0.7179027193183738,0.9094755979057865,0.7235995314093208,0.3135574085758669,0.0,0.6097133712475586,0.7001276885718806,0.9913112873937932,0.6038016277115806,0.30742637015591195,0.525041346161703,0.3580379651572602,0.5485391659721238,0.5267650031935579
qry_fb20369774daf2b0,0.32163859702231845,0.6157004222812824,0.1712870794832512,0.3747455114702112,0.14512068448814652,0.4976950517047939,0.12374152223588031,0.5380673522005677,0.901102714693353,0.2068829049486039,0.04026878335491081,0.8581454985614495,1.0,0.16889133920869084,0.41202978216068725,0.7160026420759912,0.3448745549661719,0.0,0.3398853241549004,0.42932586608697193
qry_b1039eb72799a35c,0.7753859364515172,0.5850117596288443,0.8553826502627835,0.0,0.07527468845272454,0.2959958776569733,0.40856036184195954,0.8911945731279113,0.26198924976039745,0.9174651104534021,0.2790126652398956,0.22053466711827327,0.8080944758870461,0.7287000947230962,0.9934844746193193,0.7599599682768116,1.0,0.6103846666146765,0.8081849956610752,0.10861972678321791
qry_6caf1b4e956fe517,0.5612714662354524,1.0,0.7621746586296124,0.6386599922979331,0.6046299136040981,0.05674979257898082,0.025945792860134823,0.30472483180334,0.0,0.7034688070010193,0.3184366982408331,0.7628118679968343,0.24640181713594683,0.07356105840620425,0.6759540553243691,0.16934236621320664,0.17678125239511688,0.2041466048185138,0.36225737399572805,0.1628438815946649
qry_12a730421fd6aabd,0.7662174652145383,0.6552594002652027,0.6219089970865088,0.717946803055047,0.925937388581417,0.9728641698607394,0.0,0.8334126027945911,0.6411195167596325,0.4570096360861412,0.7684731702056646,0.9806005207315097,0.1930898386788762,1.0,0.9594003774769049,0.47524469081359644,0.47181554853747704,0.9649901064808942,0.6868099650179347,0.5837268511661928
qry_560c24e1ae1454c3,0.29163622609922174,0.2741212096140176,0.8163139473993463,0.37251072122016404,0.956677919515117,0.14097708726466726,0.7892977593541237,0.0,0.6283699736567612,0.9982009332662887,0.2934041302438516,0.9248666215142035,0.767796999623454,0.3250895450091682,0.07912098379025269,0.703928155900012,1.0,0.7794907041676905,0.8138952284363693,0.7831534943458646
qry_4fdb72fd1fe841af,0.0,0.4070721234106656,0.7288467201989934,0.7852300214754024,0.8178171981287653,0.5318371834734329,0.6261691603957457,0.7382176413060229,0.8876944973803464,0.592274258166644,0.7970221627800416,1.0,0.29307772478339467,0.8841575299417733,0.7477926960825837,0.36326827256113503,0.46858001010159495,0.7522435519123011,0.21945146906416133,0.9083891597312412
qry_dad0a3add0b4c953,0.37857890545830447,0.22725777203160713,0.5876776625540626,0.49521508552999416,0.7056955404199671,0.41459694447588996,0.45899359225953834,0.4992268850636306,0.3971557335556845,0.549883923471693,1.0,0.4696236860720702,0.11916330429487632,0.0,0.18723721883607947,0.23967212182315284,0.8797748613978064,0.02268366193270766,0.5211523207802942,0.31145603245070985
qry_3116338a1d668bc5,0.0,0.5030468568516199,0.6131813924442701,0.9546353867275792,0.8523035400141192,0.7422378400163958,0.9805007634706318,0.813943772974206,0.12100096122675011,0.7754861749400053,0.7130935054016515,0.35856796593281276,0.9610257003305214,0.8279590643331183,0.29746210990303373,0.28508619710158545,1.0,0.7170110274987331,0.442505263551006,0.9424071576326004
qry_680ec71608fe6008,0.33477436103034675,0.3217605868691893,0.7939630964718464,0.5336208087313002,0.22562049254697425,0.0,0.12027782989144639,1.0,0.15521469037747304,0.9764779118912336,0.08785558449586944,0.258848465325504,0.9056566298176011,0.3168872150191296,0.432171497611364,0.0759785017740566,0.6213993705959502,0.8477599996934816,0.27963252206103517,0.6775293801739779
qry_3b6a5972fbd6a803,0.46643990569880156,0.5675735172331301,1.0,0.3827224970597997,0.41953001978714305,0.7356346389373803,0.9540153518878174,0.3281561376758231,0.5352282905494742,0.9126886363208796,0.9690855094938411,0.02152334302955566,0.7830325858576647,0.9879949358741243,0.7554119779965405,0.7955500234487694,0.7385002835903467,0.0,0.1448253401474291,0.34327818067861826
qry_622113c0ef1c25ff,0.949754128954609,0.4058840700582144,0.08677473813180618,0.747313201947744,0.28649180114880973,0.37743062388360726,0.0,0.15233614224936293,0.31017698427222745,0.8086849539898526,0.4468591044781733,0.7879181363132982,0.42932836001169855,1.0,0.18345622721016813,0.4843077337277954,0.9494514070662714,0.312353878169243,0.8273708079796175,0.04662664508049231
qry_511118e75c4f0fa6,0.5274323686943106,0.9772586260069833,0.18090570677808646,0.5778737094486858,0.4495293924639942,0.7669984895810886,0.7793756531632605,0.15809000294691505,1.0,0.5960963372712857,0.47126630609726466,0.3345453963641616,0.0,0.8858315534414293,0.3189387953325043,0.05255804548864288,0.5319369536240182,0.8618498637591772,0.9279958291330594,0.7942197310094568
qry_b9cea2d8ceebaa1c,0.6093672383258325,0.5194146088962186,0.904643297469828,0.7461496462856183,0.6657328076450322,0.13150489970167767,0.2894712769748435,0.6166396634042377,0.5877926312856304,0.6887439710325813,0.0013485496707615616,0.26306392253873373,0.44671645419369216,0.04663939466508868,0.15849408414119556,0.0,0.40242720580687913,0.21410176105246026,0.11765993723294337,1.0
qry_c5a44bc97592237c,0.4192773153451988,0.878341493148507,0.9939681626530275,0.8061153426973812,0.6598524263189729,0.48233074468347814,0.44064296151138493,0.7238853376144627,0.5938268956700471,0.5956491093701475,0.34608241935178785,0.3466752555297026,0.42119328881354245,0.30955298695719136,0.4894120315827995,1.0,0.686096006177892,0.0,0.7206533285962259,0.4784498362302669
qry_76500a2f129de11d,0.6745659703839835,0.47892730322373506,0.0,1.0,0.669812097664821,0.7947180707823395,0.4396141367584978,0.8510122909924183,0.4016090877086173,0.743206920652123,0.441971916411912,0.9814285419452121,0.36901807429912425,0.6505824347472894,0.6190937485902206,0.7450397767542565,0.4539025530435733,0.09043750140621874,0.4519335956655739,0.8422519168704535
qry_3dcf7c63fad780ac,1.0,0.4068512136823856,0.7634065928757778,0.0,0.4893758073638327,0.7315252419391743,0.5065450231229033,0.552566145197046,0.09025450509183947,0.31237521067766516,0.7304746325611667,0.698943558257043,0.4982072518611053,0.606170289078562,0.6625032926516059,0.39612353585447896,0.6608349385802492,0.7307063823415532,0.24040437467265224,0.27773657149745323
qry_828e86d6b04ce8bc,0.4401795019868728,0.0,0.29363587019147197,0.28252604764155853,1.0,0.18623956394332278,0.9843246270151221,0.749204456873315,0.7339741018706362,0.6147326346729819,0.12558329980698268,0.795821055603736,0.6635605764113092,0.4140996656527208,0.7318733574492331,0.033588175385103856,0.3559120327523686,0.12608474198588676,0.37604611978803454,0.1798754673819973
qry_4da1a6b9489b8c65,0.661343167301326,0.6844549560546669,0.7323799347639612,0.028484500047497523,0.5054577801026205,0.0,0.6197854083549831,0.8575830022731307,0.16292841969799668,0.4022118330618626,0.16672721802145715,0.3259790192144181,0.9535248099430041,0.36763207397592823,0.3567586460897239,0.5311704971728918,0.5470853480027018,1.0,0.6686800720076076,0.7535027561477229
qry_7870ac5268ce29dd,0.8511214234909461,0.6910430894565973,0.7289190869016913,0.5011627095494897,0.6724698557516808,0.0,0.3883980476937988,0.8323294226133319,0.24995218070758016,0.5953334978117342,0.372494191743999,0.4586684638218797,0.31055975425338334,0.7085801586812933,0.3864602996250231,0.47210587046608626,0.28158357657657307,1.0,0.7390474281891041,0.7045371527190507
qry_4f04c0dc20ef8b97,0.5294816408492549,0.8251994096388705,0.2893022011957783,0.7461731352777685,0.5844091354306097,0.7775986930738309,0.43855010881442413,0.4974750060450682,1.0,0.3837757886582911,0.27040490965982744,0.3239092431678916,0.371762237746339,0.3685960882642813,0.7939733243081446,0.520486859437349,0.439559501598606,0.0,0.8462555876012446,0.1446624948240855
qry_81a68d12422abdfb,0.4900736253607355,0.12557874191694368,0.2995499739524274,0.6697174512551338,0.05866109375370368,0.7407952800051515,0.20338326827231157,0.07535759937820023,0.8663176655353416,0.0,0.14159555146368083,0.6800581171891906,0.13470502307897478,0.921022179874684,0.07865291555815658,1.0,0.06997928924904046,0.2661411242612012,0.9932672814856934,0.21862447056621212
qry_241c773bda0a3803,0.3042845625898581,0.9836426350686398,0.8492906073034879,0.9888607143669589,0.5367922192639846,0.68131102969228,0.0,1.0,0.8778900081972375,0.6360203940039202,0.9451881081547133,0.8637239326361413,0.8083590504811877,0.3792027626589775,0.8162847765044997,0.7177998784228262,0.6986033822233128,0.7237840873585439,0.4507532295426497,0.7242387223371701
qry_8306e855e112fcf8,0.7865809952355535,0.6913518801575068,0.18681504203810737,0.9031155766525649,0.7427212915918165,0.3114508623897489,0.0,0.7423040000292096,0.7770157284948145,0.9890991710119256,0.7036485701910108,0.06947991058981763,0.7966413394354728,0.6413338993385788,0.9727452777395736,1.0,0.2728989395363477,0.016481017387392737,0.10465650655070846,0.261838220345898
qry_c166068161ad6985,0.6407760035075323,0.5773138797913423,0.2712552498488486,0.303589321123193,0.7851257256135356,0.4853076693543988,0.14262417584771123,0.5853675823462776,0.28519168341220824,0.0064195887606535605,0.5243612746681758,0.617964244111481,0.7369282022993452,0.0,0.7507543405357546,0.27717729177466455,0.492805135318575,0.6984844204780463,1.0,0.67562955923103
qry_05bd892263f2509f,0.9744401177269921,0.12807356309860252,0.613351386761691,0.074412685990526,0.17420827321526006,0.4577758522881361,0.8508224735935059,0.4445305349689773,0.4049571156955889,0.7964432140576744,0.29058934822179355,0.4455617162440925,1.0,0.17861855462932755,0.322803238304474,0.3082605743906908,0.0,0.033567691447519116,0.32077880001827724,0.3426261940359566
qry_7c6e342acf402e04,0.7168864167009075,0.6217921414480323,0.8150348128412888,0.8920367662005165,0.3268889501512243,0.6190941438812995,0.1413124966651682,0.6034529238603735,0.9855766332070527,0.8056326828463286,0.8495422750471658,0.5228546810324669,0.6692331015604177,0.6316250971728559,0.6542179911062964,0.7842074409457312,0.0,0.610508085600846,1.0,0.6237500714785512
qry_59a224ea8afd457c,0.8308910983919677,0.6431901890254436,0.3389933434574669,0.9819833059622458,0.5793539635916825,0.9637124914765651,0.995786947747967,0.18852814745355165,0.5778639569751994,0.49395587336517954,1.0,0.8397403745250501,0.3950731355639373,0.0,0.9387356464822378,0.9969777836779533,0.14626500241214246,0.8827746307473341,0.3556351253870088,0.28700248164159925
qry_cd29c985995ee3c8,0.45121242773796366,0.08075289624612401,0.9571823258407199,0.489187359933423,0.30680000307248095,0.5687785594579332,0.7525896167453117,0.07303623158345744,0.2936864893287638,1.0,0.4843023106444513,0.1509719822172969,0.10772006870212296,0.7059935259982129,0.4769820193191993,0.4593939642088922,0.45477251581986683,0.6712301878870955,0.23712422349304652,0.0
qry_aab607ea0115f52f,0.32801786837712904,0.1524510507412192,0.07818604845307774,0.17504274077422324,0.20500869850015355,0.3560045592700087,0.7182348682625151,0.2505421766390374,0.26780189455200376,0.0,1.0,0.956495129680715,0.18608028834610196,0.9015083050518209,0.7234290197986418,0.8348984043746492,0.802955830745007,0.24562448242347332,0.7789621244605954,0.6178635458233321
qry_0a8f01223914e1b4,0.7372536869583092,0.6761427156536596,0.0,0.6997030064613908,0.6093314369840577,0.6353868633421421,0.9945144296225262,0.5785673088436802,1.0,0.7431555381454911,0.5143775195671352,0.7024258605935954,0.5342030204580847,0.8169319116698819,0.8383173641391426,0.6546551762981444,0.9391600392938114,0.8493318729372974,0.6107361264427932,0.7215758643063106
qry_8b015077111a24d2,0.8083896457493471,0.7593267646656455,0.07543467569468167,0.7605361292116353,0.8753444239912522,0.5445914873170036,0.9448708770319371,0.8009742855935481,1.0,0.7607606880840371,0.4076885645865057,0.0,0.21641140689597174,0.37040646941991084,0.3340164463019167,0.3708976218488994,0.30431584014584934,0.4622459415752354,0.39263925589376436,0.7200115541312168
qry_338249a07d6b71d0,0.4199986882750959,0.18977023535005952,0.2161550480712578,0.6360031218986618,0.6978148210280875,0.5096950012535527,0.4289799436399554,0.5992864344119018,0.5801197877629923,1.0,0.5099311742175401,0.8163169649490146,0.37038889954429394,0.5148882974606669,0.10369489191980735,0.0,0.36192897202734475,0.24199057864178397,0.5743166330541672,0.05447832591405268
qry_2f3895a6100aaf7b,0.9098043458372266,0.28312138201494197,0.5501512065707046,0.439312704030407,1.0,0.29657355700025745,0.0,0.08510886457101285,0.13423272218152926,0.502381633608115,0.28546525973557035,0.6214106864820624,0.5513190733427435,0.702562119191551,0.6663699687688478,0.5139264602453907,0.39600189490503207,0.7873699044424121,0.31691070913160047,0.6948626065725204
qry_289f0d0ddc2d5acd,0.4997988290895079,0.8578648375061237,1.0,0.6720786490904099,0.6271691041411183,0.10242856758952064,0.24369987080375505,0.186830181994423,0.6279587025312892,0.6138280509747603,0.759393548653211,0.8406894576858142,0.7362059639201037,0.7409103548032469,0.0,0.46966640872416227,0.6143185676184683,0.813715876297309,0.7086748330080596,0.5941182365033808
qry_988d94acc51a777c,0.7675668615842814,0.4631583898117725,0.17800283804777528,0.4238785503552861,0.7524270452861845,1.0,0.5688653906810487,0.8576670476054667,0.724457455864403,0.0,0.8961938229861424,0.3564823409612122,0.7509064762919484,0.47624907702425,0.28212780689115824,0.7340165826953646,0.10510165702909384,0.6879728947266955,0.6971329280092214,0.9569803742164149
qry_894ed10592707348,0.5764371152874634,0.1472838687467159,0.8038139906527006,0.411889561167699,0.0,0.4734946716274738,0.7388822322996585,0.46286692623185,0.7713359982256777,0.9002733837743071,1.0,0.22158961435926083,0.4220281282216652,0.4948584946612069,0.29039108963424476,0.06399031116931984,0.6856841403457037,0.8720318646218161,0.8507141105485244,0.669777423670248
qry_b756ff5700432335,0.8896753213804262,0.8289214210458146,0.42306813796822035,0.44073214210717865,0.5796021603939777,0.4871971399331879,0.6652965920703469,0.8711993356376991,0.7924428302672597,0.41686762599061605,0.40165967815801285,0.7377646521015361,0.6258801672904086,0.9574371412774788,0.4328666103782066,0.0,0.28206831801995763,0.25051317027562103,0.2324298710079131,1.0
qry_8f5a735886bb9628,0.420839585731428,0.5032496902063234,0.500903985176663,0.4562006457961084,0.20302592653822044,0.7661880747189702,1.0,0.5433601670298712,0.6748165619220151,0.567872796386036,0.05283281407551107,0.018072244583956787,0.26554726761896125,0.4057657046687286,0.2501693204290288,0.0,0.3903092293844312,0.02535895873644314,0.5566983337091459,0.4508459136716711
qry_182a9ee1b7e2467b,0.0751912936257438,0.9960431605831187,0.08828659382734663,0.34294275058133583,0.08345569942021731,0.09616156476993383,0.40551206159993886,0.0,0.6664419456060152,0.5224715031822503,0.4399371241357968,0.35907772790981696,1.0,0.6642391068399173,0.10971415951288514,0.8909708647383529,0.30691410402688335,0.4069768310464803,0.3198582513937014,0.6733724332986112
qry_7884dc42ff499231,0.8218314171307689,0.0,0.39423487113803174,0.3566484725576123,0.9254994176216212,0.539482228310801,0.35220684889824394,0.6608250977738143,0.8042951655110177,0.7942668559467788,0.7016534284145551,0.959494812835899,0.5152038339730038,0.36773891306841217,1.0,0.5379390134096612,0.630604709675815,0.908621831505155,0.7797786999618964,0.11413694479292767
qry_3dcc722969209b78,0.5945545553081866,0.6280036837404781,0.5496568875135694,0.5345728693996014,0.5293987558647893,0.4923575871862768,0.29160922711314236,0.6275395068873248,0.8267242416729257,0.362825133976637,0.5292713827527078,0.21155070510467655,0.300514572680845,1.0,0.0,0.8104319861997099,0.346231125656909,0.49630651171076345,0.7802657215295788,0.5550847188383893
qry_5920b14c6c11e615,0.23642866332553414,0.5472011385151414,0.3074847465173755,0.7738088159400247,0.25232019969249714,0.6671866242008682,0.4994342153213046,0.3404150951558443,0.7682242588583428,0.2810403028138066,1.0,0.0,0.3195238033312983,0.42282187938500343,0.165076117679092,0.7508823875486939,0.40657899112888257,0.28245227272947276,0.22819347026275058,0.27292999298412124
qry_87c512d323c964d1,0.14737751403064953,1.0,0.9588752627551366,0.0,0.6158288836214622,0.5645541748302075,0.6420599922203436,0.23448027397882373,0.10881038289356086,0.8581548562937409,0.8726304599270046,0.2185134558642921,0.8113849033417938,0.42633561288285804,0.46165899935428123,0.7620219073031809,0.668203332149983,0.5177034522875652,0.286855544359703,0.8254929223132916
qry_80c632db5833e4d7,0.43544586783742373,0.7125237361079226,0.0,1.0,0.7897997726064226,0.2889046047103446,0.03611823357097346,0.46682915015418214,0.30500004992938784,0.05271308185807249,0.40561921455009026,0.5002023706348654,0.8335467020778394,0.7337000325138756,0.6102062131596508,0.1623046734824634,0.303720879426974,0.5078957402607633,0.8330846707991072,0.3858766846419147
qry_c6d4912da802f4ee,0.19195812456028158,0.7677058567763922,0.5222268115514571,0.9283080219353896,0.6069843635999879,0.3654121341796026,0.44151821342754627,0.1616569521243302,0.489125096507396,0.4506550260314254,0.9452111305011053,0.5418564991260084,0.0,0.6928796790224068,0.702213729159794,0.04095062710761094,0.37976595967495114,1.0,0.7992347887865486,0.827806491980835
qry_96188f669d6672be,0.5975118675579697,0.33025106025050127,0.7438912732282191,0.24011003709228326,0.5833384129950586,0.24462879843621316,0.4513862289100673,0.8631958191807684,0.0,1.0,0.8713786335995881,0.397428233651395,0.8278652218803486,0.6673879062122715,0.7927155000552332,0.7645663736810061,0.4401523308301581,0.8276107869600907,0.10312617099047353,0.926082110266401
qry_b09e5b0c71f6d6aa,0.1211039610483159,0.013591114443376781,0.9000636077927808,0.4108745182707125,0.10886928226957937,0.9702901233559,0.850015953051919,0.947012868704229,0.07948212535797161,0.4513986419774893,0.3307630828563571,0.7443964629302219,0.31916430693829884,0.06693424492143467,0.0,0.4831201240501238,0.7412140637963215,0.686701553099333,0.4057734898744515,1.0
qry_afc2412f28371584,0.5969323149267701,0.3156601180513073,1.0,0.18553087639263344,0.435146070842778,0.8684245091566903,0.6550055316891369,0.6853323272660697,0.8748116545958905,0.0,0.5909219046983861,0.8104749327467001,0.16934716252931367,0.8402159413548042,0.31462446957845386,0.8223949374850835,0.811626185652422,0.6628620117367031,0.7442706862142516,0.4486042071388109
qry_a2e5e60a9a62c943,0.79816725453611,0.0,0.9921092806193161,0.6711193663177543,0.33718341453713396,0.4826337884785844,0.06167125766983148,0.49497798927212516,1.0,0.6196987759223803,0.6236332586446807,0.7230066026831418,0.022250472108967283,0.37106502988973544,0.4002584656864282,0.09199997732655765,0.6849835624914611,0.4143755556692508,0.02650238664939967,0.6206124236023712
qry_45749fe986c2f2bf,0.06686376207685643,0.47407399001785033,0.01332147412407049,0.652151346941874,0.5078335372163294,0.7297543048836526,0.07127192887770675,0.45359046651963286,0.5858982438468113,0.6219459077310839,0.8168243000158603,0.5908588018486746,0.8331874110997077,1.0,0.63895057251208,0.49193354287833535,0.0,0.5317571013470997,0.9136719973233205,0.3872828869978718
qry_dec65b955a5412a6,0.3900236069843265,0.2996719910660012,0.22608786462066313,0.398911161974926,0.4179788942555475,0.9457207578667023,0.8230616973552219,0.5583031317687918,0.14183356181876164,0.25989963133068356,0.8195950722105481,0.814171037067176,0.2324714669715064,1.0,0.9246899273327753,0.9806310946090537,0.1127087441803871,0.7457539904863775,0.0,0.48952055507504444
qry_ed0599d254ee506e,0.9837064747177324,0.15685324543753357,0.6267821241587452,0.252968223334658,0.727089097361367,0.9021115050537851,0.11275048439720867,0.02814478404448153,0.0,1.0,0.1975617129273162,0.5607034244614386,0.8809584527395575,0.5077092295037307,0.8707205674581282,0.9453019308295639,0.5247663528095766,0.6842723644653596,0.7917001234304063,0.1924392804114048
qry_cb3c949f833dfb04,0.913737513126825,0.8134613334633701,0.7256970032682916,0.0,0.5555656040601321,0.6641696081298918,0.6059605853245597,0.512461344541135,0.9014191641901963,0.9391366821401295,0.8806734642581663,0.554349409483644,1.0,0.8349306421657864,0.22821451872080065,0.8825630987294093,0.18085346056579568,0.7941950590170249,0.944368620944813,0.3747584322448882
qry_f93f144290600ecd,0.5796149785374222,0.8191210579817872,0.693574298975946,0.8927937444784714,0.553826766910636,0.5700597991704213,0.3089916121416241,0.7692275184265941,0.9441840481512038,0.3384569274433421,0.345869388130385,0.38355851892238935,0.7514865786007658,0.37109578951801103,0.396436751914233,1.0,0.6145208900398015,0.0,0.5462022061386537,0.2513195467955187
qry_fef2ea6c6d25643f,0.6552299035851955,0.47865431429448074,0.2221818630119946,0.4605800306633188,0.0,0.320063467430524,0.4715348796002167,0.5185972023811063,0.094868482905778,0.30163033916835913,0.7824902218285675,0.5780685672490554,0.841222501091989,0.3461445544081127,1.0,0.8740036616076864,0.31406513699025634,0.6306893564568812,0.2498177459374932,0.35702861314996853
qry_dc9da8c6225faa58,0.634400850644016,0.6270168707916876,0.5315394743716231,0.4235499651620089,0.5243609283207087,0.36964265185000683,0.6957997707261897,0.26046652639567475,0.5669920026600543,0.9144477268073464,1.0,0.6433417706624204,0.3889322956407059,0.0,0.6977823015695306,0.46025513578304805,0.5798034085594176,0.5762343654611298,0.5127518669884893,0.40392228442201095
qry_5f17d5661db4a72a,0.008266128952867038,0.6973696533772429,0.045714351572140315,0.0,0.6204277120185873,0.2215959145829616,0.3746625791667601,1.0,0.5186243675801128,0.5371899534803191,0.6410459295173919,0.2774091484452144,0.12508131369450287,0.8718835255559378,0.465835479539491,0.8811508907167309,0.576288740421517,0.7348818129372765,0.3311711713961878,0.7842567673249258
qry_10cdf3ab248a30e1,0.06068473760297956,0.3772146677245035,0.19332151237544867,0.0,0.7019864717494638,0.8624387293897872,0.6830340063763394,1.0,0.8305023760848229,0.9007190693173396,0.6572627227939076,0.7504423905368398,0.22571425853752605,0.2830714873883808,0.8810261215814499,0.7650065204955085,0.3357149137716102,0.48070326427895704,0.6560276822651185,0.8125868136683986
qry_50ca37bbfb362f12,1.0,0.5872420305649843,0.4613726832378607,0.017792874342146506,0.4984304762703083,0.8991863264826004,0.41637599165832306,0.681252605061526,0.6324441428534223,0.4636378639281141,0.0,0.09175983661019539,0.5772533621147082,0.5348953641684321,0.2841744793662929,0.15573741755689438,0.7190731325117342,0.8336687966228046,0.7347407116244878,0.7842643907489706
qry_7ef1f3fee7f6ce74,0.20863351639142902,0.9026300905801766,0.19153541404372,0.002678156212587589,0.9730629937610505,0.00807574495581982,0.051951449473696884,0.21167532462527133,0.9971830802378893,0.04952963405087899,0.771285209250487,0.7246237293491519,0.60346648263731,0.895243145816939,0.0,0.12318444201670566,0.6216863831942403,0.6983032583023031,0.6335688520726578,1.0
qry_8282221cb959b468,0.7992419439051086,0.6523831885468249,0.6434410920960381,0.5146023985787057,0.6957017154731838,0.021217256143095758,0.18786031326356978,0.2209436832990152,0.9629830301100063,0.5127388910169479,0.30982424276532844,0.7439510601078048,0.0,0.7831610908487548,0.4274725967913289,1.0,0.5575446385165393,0.21607848311880926,0.8229047536718317,0.41901252828563845
qry_ade118a3397cf07e,0.8502071859441238,0.6414669219610493,0.9131692434264982,0.7592160925530166,0.4643626732417221,0.6700594698008002,0.8418462953268079,0.5863859753037376,0.7743728661318451,0.8398724846104879,0.6566430353629129,1.0,0.5028171990528668,0.1509002408956229,0.9427550195547908,0.0,0.6170397568216657,0.40345082670817833,0.37689615884399447,0.5758979039058613
qry_5e18bc622aebbadb,0.5984835984632458,0.636816533104002,0.5357378059380082,0.6606086282953993,0.45840135758082867,0.5642067647018799,0.7373562593705099,0.6187050705038829,0.4510540506701759,0.5223973029036273,0.6428884999777088,0.6709216477423363,1.0,0.2998880293774196,0.4592043735631855,0.1998896997639402,0.6710886293831839,0.6632474299522346,0.9911710874485263,0.0
qry_986d15c1247175e1,0.896560170998932,0.2698151168726883,0.7399107824461553,0.37536565266152805,0.40207540227095895,0.7213894905348,0.8010215403416135,0.249418237769722,1.0,0.5103048206293426,0.8207924418438128,0.7437324029758312,0.9357977536547242,0.5797934909373934,0.7835911501769918,0.0,0.9542481426536428,0.4722243797153449,0.6441167005646183,0.8003386581191562
qry_22ef3527184a9ab2,0.9706324562126579,1.0,0.46103550828460893,0.346967830636209,0.0,0.8126352133649555,0.427682510169054,0.4093887979489749,0.4145409817960335,0.45196398273311117,0.27553341754956767,0.13784547522703527,0.9364588360779655,0.9775772199005921,0.7904850752613196,0.4059545535558638,0.12302058277420355,0.9786779808706642,0.3682752917344937,0.29892849804712573
qry_3406371a0db697db,0.5713952807869538,0.21444628477906744,0.6647925281207762,0.26565232959898,0.8382918740320328,0.5192358673379933,0.9097611395484146,0.8082488293343707,0.8959808437344923,0.8842207044838627,0.0996268964858814,0.46173325272454163,0.01966214741042624,1.0,0.44976312989723494,0.0,0.9693633818187838,0.557567933583403,0.7169484436969101,0.40924354551387837
qry_243e144d4c611c9f,0.9017034810413943,0.041427376562576404,0.37513623514353756,0.7904105931297186,0.7839200115038903,0.5191369084524886,0.7473333808358588,0.8765407871359244,0.5521568285658437,0.9956123823013633,0.5412954003551346,1.0,0.8122148754273938,0.8507679095054824,0.3887421549639662,0.9893884790546187,0.7881450608449515,0.5129778796077191,0.24825506446195164,0.0
qry_48dd0d072456b6c6,0.5683785166851532,0.807815888470461,0.09536886996055904,0.018446218743105796,0.23295224610726892,0.9132202875294181,0.7936215513537495,1.0,0.29621839796865307,0.09498901038929689,0.8936160144344695,0.722668499998283,0.731058484613466,0.7930532446924757,0.793772011702065,0.6206241799527394,0.0,0.9605612336469783,0.2606277400875478,0.6302722684243579
qry_ccf6176d7fcb2910,0.7603208216031755,0.7342196447734943,0.7653369652096222,0.0,0.7648046477214155,0.9327219315714249,0.7242845724626219,0.6598338646493039,0.9340088424306286,0.8003545999755857,0.6540849146910882,0.3721040667664384,0.3226595298616929,0.9260161481294877,0.3402187682218069,0.05578110295426231,0.7648887008032623,0.7193453468807209,0.5162662171157919,1.0
qry_118095bafbc0cd1b,0.43737686526178077,0.5842319869801076,0.9280677568045155,0.42403603362979714,0.41246316789455917,1.0,0.7045265838140671,0.7126036110343075,0.9057681677740889,0.6726421119142665,0.5680483274294946,0.5434459858219982,0.0,0.6173276775997194,0.657410313697356,0.9442055147928534,0.3237556461263308,0.27152928213646316,0.9014816793762283,0.837648275824233
qry_92438fa54eef14ae,0.8386312708953925,0.6015475146104472,0.5448706304573611,0.24931927241884047,0.21019955904104137,0.3322903588739071,0.7389529897885969,0.8308186488058938,0.6554223579350266,0.6008310853615376,0.0,0.4807657655643405,1.0,0.6368563787282598,0.14202410634986878,0.4966228319609376,0.8197116458152554,0.6834179961236906,0.568154945989989,0.29191140011270134
qry_51537e4a34c8c143,0.4620708322851799,0.27665199569927185,0.4445558242748567,0.4360637727357468,0.5008282524737655,0.9154206995402582,0.0697654223268384,0.787165063612699,0.430636953587869,0.16436424144362158,0.89660273473778,0.2726018844345934,0.03856961961583438,0.0,0.26057399023136935,0.1288616403755202,0.276253157281839,1.0,0.24151064475298917,0.2610327712764646
qry_3c81d8932bb61df1,0.9385464576366815,0.8105302213789322,0.6046216766591699,0.8944540439604199,0.4036749770668764,0.5963660987947377,0.36644971309998825,0.9309818228926898,0.36989226964884264,0.7851682334581588,1.0,0.7517738445770583,0.0,0.09532527572818648,0.7595517724745101,0.2183831858377091,0.8674560512037567,0.7902008791141556,0.04845120540389887,0.8702546363360465
qry_d6ac26fd1e993ae4,0.38745828235941365,0.3921447592026239,0.40059186477222064,0.6442023590194035,0.3527666445228483,0.08556474626018094,0.4792746668445163,0.7355746856911843,0.5486629283473462,0.72497769687359,0.0,0.17219968009961656,0.29924855005407996,0.3652868573203132,1.0,0.8139541744778751,0.018509559386010555,0.2318107027111229,0.08796406783483304,0.4066565220159447
qry_7b0453d9cb39fbd4,0.0,0.10403061486145956,0.4538123329284786,0.45445299128890104,0.34857463472573214,0.24556496904941447,0.6903659461834623,0.757923787590924,0.2795889495369854,1.0,0.6530927353821805,0.5727083412945397,0.26437338251732917,0.8203155996497955,0.8660391732499336,0.7186557790825424,0.29731395622256956,0.001616756715921703,0.5603661925818486,0.14924602390218156
qry_495254d9954ccd9e,0.745769023683859,0.6223205810519385,0.9585012715321051,0.20333330024920496,0.627880810631839,0.9637889285100887,1.0,0.9561486626287132,0.9996483543994213,0.04308024532918082,0.5918786422108411,0.9329268012838783,0.28318435707383555,0.171705483318804,0.2695272816660509,0.0,0.4812271365473306,0.09925667451673517,0.6367707044066417,0.10503614023158261
qry_bd928149bde9345d,0.9191900773287511,0.8718092590298218,0.19139748056088832,0.5880945618865381,1.0,0.26398252389941085,0.8161318700948827,0.252904420620763,0.8392708408638985,0.3711574946001156,0.9191367671525991,0.9415742703617352,0.5423171891594888,0.7495129839680645,0.0,0.36867294901259673,0.19974974198839934,0.9696642195074641,0.878086222596014,0.7730997827994446
qry_f3af81e7b192ef65,0.15559643088695438,0.12230788189840332,0.9957684013764377,0.7318944963398648,0.118854463753584,0.18788254123196924,0.12014248562821477,1.0,0.6987796866930109,0.7233157238215558,0.9224859492341028,0.0,0.572463075415732,0.7062260726861636,0.37520750942759173,0.8357753300705295,0.7785475570429433,0.19976592347992514,0.8081216266002088,0.5284383233157418
qry_f368e9129b2a2132,0.7373566232648798,0.7509965402495961,0.5496267311115315,0.7293290017445001,0.5850887251562097,1.0,0.4222127107991209,0.08561384685503838,0.7809263952783607,0.39200509655312016,0.5358405417141542,0.6300468350510913,0.8716862720293554,0.24150847063658343,0.32677378812451663,0.9301636868626292,0.4642125785146275,0.0,0.561897769334289,0.4754091762473212
qry_fd6a7a4f42c4d448,0.19779343475634878,0.43863681037070495,0.2843589763699853,1.0,0.6561925971579776,0.4500607451500653,0.35131441765329263,0.4284430677158622,0.2976023839800063,0.33903047102819683,0.043641732374069125,0.3858943506656989,0.7971548712227686,0.2837665049507375,0.22856299444500597,0.22325866753002502,0.36240817913768847,0.0,0.4661115499135684,0.2957351162970324
qry_dbb3d56a99f007d9,0.7133042749094789,0.8063134700257208,0.969692051579429,0.13253938229877354,0.4031276200195803,0.1634434026066342,0.8353923084774728,0.6563336550615276,0.8126451859918729,0.98153170596487,0.8863498746820156,1.0,0.51943052902286,0.659381110032507,0.8894006888695132,0.5827288993629111,0.4549239126261673,0.7716659417047775,0.8569357971356631,0.0
qry_e6bf0fc241a7a25a,0.17989454978733208,0.785557675443038,0.07806826575895014,0.700680438636713,0.7799556787122576,0.09584974115442059,0.1349079115275517,0.6718547290789849,1.0,0.7471181828546027,0.5300860489857243,0.33917940516644207,0.0,0.7225681386022319,0.6186362924271526,0.11906359668071242,0.9967932029067951,0.661065728338797,0.5131614643874327,0.7047821816655938
qry_67793f3a9e6a05b0,0.7975616118739082,1.0,0.7819505725257371,0.3576372107011707,0.5622990366582349,0.0,0.9808441010479674,0.4977600674126662,0.6997700365880568,0.3100027771289683,0.7350199389771526,0.22094538144024875,0.28253685139201273,0.6799247411212722,0.8151982234594441,0.865108749342042,0.8922847572380049,0.8158314124574181,0.5244577981806756,0.6303705277610422
qry_e8b70deeb4aa95b9,0.5919817041109713,1.0,0.7244470713747287,0.67820792582396,0.9361445243963192,0.7503430369488124,0.09718194593261166,0.6207145064632881,0.8551804567809834,0.6536202905806353,0.7846796291775859,0.7057149233546618,0.6525858306344273,0.6012493081994998,0.7720427966724271,0.0,0.8067885336323655,0.3837647683823169,0.9047323896197246,0.36479708395385263
qry_4726c190962b217a,0.7102759571390196,0.5694605508315431,0.05401103749787476,0.4680522363607795,0.5511614033221027,0.3602370879554631,0.19583285531716949,0.03487136871916087,0.0,1.0,0.8710838748837356,0.6331392066449937,0.7411786095378686,0.4052717127334875,0.8564933983459282,0.5484373056992004,0.23050263710795688,0.5678800847612079,0.5688389813005963,0.8718242502241982
qry_c4a811fa94b7f101,0.26157462765215655,0.6553619795660395,0.7130534246032242,0.6916330261070247,0.5741991738176172,0.20286204583638479,0.4985513071249538,0.5651702566670384,1.0,0.8981488124657439,0.7499278116718244,0.7981220153712398,0.0,0.8252063765726323,0.2623755310341267,0.9941718517547685,0.3161844089449671,0.18193953805188484,0.5263373460871225,0.09467626752017745
qry_b11138887c76a478,0.8725722479973012,0.08469272692394735,0.371465287151104,0.7226635064741875,0.21602738178519662,0.38014368712033203,0.2325715937617019,0.2977579812294243,0.3985470530669002,0.5401349397227693,0.2159425188966557,0.4337355406933633,0.4911080467365601,1.0,0.6208574100972264,0.32080648062712736,0.26192970827305756,0.2020110194594667,0.0,0.10426462401029446
qry_9574e253020f7dc3,0.8446974626082631,0.17896880911476,0.8326735921657711,0.8365966017154747,0.0,0.18524817862976511,0.2804496696412812,1.0,0.3680174112236996,0.969620032170432,0.24587655917264148,0.27866130611574863,0.7199855400946582,0.15513275407444158,0.837027174256482,0.3152918159798165,0.358324752266441,0.3330924575701487,0.260779245179505,0.21233305494951615
qry_ce9a83beda5fec12,0.643390004530132,0.63170570566941,0.8047873385517662,0.3590802399142966,0.7171307417445055,0.5590276811273437,0.7425472969754995,0.6623425969132055,0.5113201718182809,0.571878274373729,0.8505863198716941,0.3246417332918179,0.496164265840493,0.5894937969096755,1.0,0.4305423096140684,0.4135953740087819,0.5515069643856627,0.0,0.9110254664163109
qry_328f70a98611cecd,0.133246578066576,0.7180521251619612,0.707784417074473,0.9690990142340158,0.9967788522810619,0.35380308974999364,0.8484058140135237,0.8174651449246749,0.9050259939896188,0.9441189232101551,0.6932816695171629,0.8421258034808986,0.4338442263083032,1.0,0.3406436913387132,0.28892149921161586,0.8833471525346688,0.0,0.8114469041385056,0.7324239055944419
qry_589a4599b305fc30,0.4260040674075723,0.571334998576312,0.9801476731104483,0.6422597479275085,0.33633195272796995,0.6328707405213838,0.17289910250058788,0.49217138079103673,1.0,0.5352682673354456,0.4765766790046472,0.48614143694127193,0.2606013708341282,0.4923362159001964,0.5514327528976388,0.0,0.8905093691879731,0.2369957155177037,0.6834837981091868,0.02963843581785925
qry_dc9464741b12f212,1.0,0.7397438494118089,0.9646912631147436,0.5126578346683296,0.0,0.23331213738637288,0.17478626359787552,0.6170146795367941,0.9519098615136604,0.9276552520804354,0.40513488977250733,0.7518221479568457,0.5486720557395968,0.5008772038496906,0.5016556134781633,0.3616072952483896,0.26239298307441694,0.20077428654770627,0.4296119740259653,0.48173351234283784
qry_33760d84a2809146,0.9146048518103936,0.7088641068661916,0.6078403511512576,0.0,0.6116695617179232,0.35570178386063983,0.9083748611020745,0.8667699517906863,0.8562387324787353,0.7777252148208864,0.7157574860869967,1.0,0.16344483195200032,0.8841599553779028,0.1350597322697974,0.7587676464063562,0.9893469062156343,0.8697391601684353,0.6897319078349545,0.5701459884574731
qry_1ed045427394e203,0.7541997495402968,0.5822109718008655,0.519104621128804,0.016458001232387456,0.4353258846549791,0.5697100484931862,0.6249606068739239,0.0,0.24041327573747848,0.17643632390601807,0.23298391495839071,0.19993738049353163,0.7751635421671949,0.7921841789144675,0.7580297042666876,0.4569649386068115,0.8823284648374685,0.9473962289036446,1.0,0.17289290767046284
qry_574bb7c8202547a9,0.0,0.7748975168364364,0.5726452337061144,0.07266423909256507,0.5379703017995896,0.4937218081850762,0.6249193154735252,0.7750232658276018,1.0,0.14571097786575438,0.9674243808141556,0.5379725301900572,0.2754099481271195,0.04317468874232822,0.41271454966394555,0.6442718878175508,0.06095193116764884,0.9936290461441665,0.2843033643795905,0.11210625359519288
qry_8ee3ab06df7c46d2,0.7301569725809205,0.18953850072366987,0.1374069099961773,0.7963302676535998,0.46522144855342723,0.908056520379568,0.5944799154053024,0.829844054815298,0.3659320715779649,0.37827909236488727,0.0,0.41517622839806917,1.0,0.7622514643708722,0.005613153663020131,0.1665784154734864,0.3462527369589649,0.14313868420807965,0.48378128309185725,0.5572023184208426
qry_493e7eaa2ab948c3,0.5817703762192975,0.0,0.10840304637900137,0.1168323246351414,1.0,0.7681386072828973,0.33476445755626155,0.29223828103710187,0.9658962112695861,0.7638414011212274,0.7490801062489096,0.3104103964582651,0.5637995725103648,0.7350699262361898,0.12503407222688112,0.15315755351816324,0.24137254576759046,0.12891353443638093,0.644966246687307,0.9671215521221529
qry_ef1bd03eb04c2c24,0.5573636126646889,0.5380911334005315,0.25149055071457843,0.8046968815049649,0.8210732987017041,0.9332601067300863,0.22764174966831582,0.90580721573715,0.9799225273087303,0.3434965118393068,0.8560812160189067,0.6970969366656379,0.29347382528460414,0.0,0.9719939521860493,0.35855383899384063,0.6516301401032317,0.6849412640943876,0.5649552155319605,1.0
qry_716bd06e99ad6661,0.4222546943905881,0.2613825269225521,0.4913142457144958,0.20110417225896277,0.5245380947187233,0.3320901912156089,0.23532494846727528,0.8948383949128474,0.639182794878292,0.0,0.6226139378232377,0.9042740337203171,1.0,0.6319978977285357,0.9748677472592693,0.4929554608150495,0.3647402793866746,0.3218066057180632,0.07288221438450983,0.9811337173606792
qry_de6d29f8564d914a,0.6765350010728438,1.0,0.4257676417839833,0.2666202815917441,0.2787053881178064,0.5472656028852732,0.37151436002364174,0.2816791735741482,0.3499734443349907,0.3374054887030721,0.0,0.37293609417915013,0.542075677158319,0.7145841065414402,0.7610074766124545,0.11660852219403439,0.5270545016780915,0.7663262147791289,0.5485575573678665,0.6537722528888285
qry_6f94ccc31e2b1cf9,0.12340369858182026,0.0,0.7284360920147506,0.7373542948069238,0.11021797611903478,0.775816496137325,0.9822004988768749,1.0,0.07654339344466606,0.9304506129995507,0.7853682815956857,0.10168321290546853,0.8127297806417997,0.6313405735192837,0.1756433810697916,0.9310869040674681,0.706150405408037,0.6709207399984483,0.3008569141971121,0.444228616654656
qry_22525245d29ec059,0.44911321272743077,0.20453716651588308,0.2565496202314773,0.37135459322073194,0.42432904805692406,0.48033504055843784,0.1030919349337767,0.9589194741972227,0.6988076647711794,0.5699380229637905,0.18323308771591967,0.030913483020334764,0.020968641291759557,0.2935622224810063,1.0,0.22767715194373764,0.20764060072616444,0.63229258738767,0.681205222292068,0.0
qry_4c70eb98e965996e,0.4138528673861938,0.8277579376979001,0.9632644160960134,0.5898636177294256,0.9737674413593275,0.3829779004722662,0.8833887621988884,0.1915972988781685,0.8432615600105371,0.828593998844949,0.8286322438345254,0.696368808135793,1.0,0.7509639054022914,0.42403101058334436,0.36023045462037684,0.492898710116228,0.0,0.2145338250322055,0.747841089847505
qry_db19482b1f01e345,0.17591544293441572,0.5163145252892206,0.09687456338931415,0.4874979876856221,0.0021095606170891896,0.26236245241238493,0.7068948803035973,0.6812849735645599,0.8746970648213754,0.09227238000948457,0.588739580895452,0.5308904891202885,0.748401757971773,0.0,0.4204376477717204,0.551693355943056,0.592804681566012,1.0,0.9590178430573555,0.6849172367656147
qry_e5fa6788623daa49,0.4102423492996875,0.3170831442418252,0.8379124015278313,0.969144226253666,0.9533645050932671,0.046683435181783174,0.0,0.3798636300841113,1.0,0.8657313440348394,0.23403416888753295,0.30067824365997553,0.9360461399904417,0.6538853302320129,0.4020833447618571,0.7201842178954687,0.2389419867052204,0.7188876335680909,0.9365910499628665,0.509233379376259
qry_1438f7c21191a58a,0.6939895092765261,0.7747931994191956,0.7684644457110612,0.8982492036544384,0.0,0.18032563863627915,0.3309002285156326,0.6198197847804903,0.6629519751768901,1.0,0.2212940606193678,0.31663568061667835,0.43562047772083,0.2664791455071857,0.6388874375572013,0.910899297877463,0.9436762679048611,0.3923410093224946,0.23538311480637947,0.5015844960057689
qry_9478856243448e81,0.579755053671428,0.7864584583989824,0.530053489555616,0.5969381132514909,0.7979431830877952,0.6836287736319407,0.2344937304945551,0.6874451122343989,0.0,0.8630381412826107,0.3763124158036897,0.6303302507637861,1.0,0.3355101463504522,0.5247054019571191,0.5172004959547958,0.5927191907023299,0.9900384733065936,0.6008572781637642,0.915371013740994
qry_821d4602e732f3d7,0.4143308787457377,0.5224507664500017,1.0,0.5152204127270482,0.0,0.21899257443073686,0.5565049679491428,0.19267973953718343,0.2729685931596716,0.12923144840863557,0.36700054643324337,0.011253642979086391,0.23028357550032238,0.3677071528617251,0.14979604200382712,0.9048885859263237,0.3635582793434581,0.6997739335612608,0.20202856653740872,0.2859623513137752
qry_59255133dc04b356,0.7871245546370341,0.17149418994835802,0.45257165065479593,0.3667865521144693,0.652304436502023,0.7649651141039988,0.13059955885710153,0.5630522730936253,1.0,0.5042758209560938,0.09292021604407709,0.8446214814114299,0.6454786419207259,0.9498337737799464,0.6743308655381949,0.8796561760892122,0.9369127869692445,0.0,0.7134373274928132,0.7357623973946562
qry_d5c3cef8ab9b891f,0.713459037396162,0.7310726663850057,0.27724859147909536,0.08308866299897799,0.15176442853205427,0.9953395949244501,0.19672669283301306,0.0,0.37855108017443573,0.6402653571718248,0.6975577464830534,0.7948740587772899,0.5483421357654179,0.4607573706779177,1.0,0.3424520718901891,0.5630934973450622,0.7797487322687267,0.8616644770096218,0.6095857334549948
qry_e180d919fe1fb120,0.5716708961456674,0.12182297721286449,0.6268672616628854,0.5480621863352442,0.27012345972604346,0.5028527756987802,0.0,0.19053348773211157,0.33638371883435086,0.2981883398657414,1.0,0.9753193629514824,0.46972053680757336,0.497551410990715,0.3630129858330566,0.8781421651702029,0.25259612598686904,0.6160090618209337,0.9868914231518694,0.08516287611325526
qry_b9ece60d9b493ac8,0.5815655357013645,0.4038097458642894,0.036898257241546474,0.6867174295790891,0.3837760409561867,0.08308257122476032,0.17497635755872876,0.6062749122969227,0.4240626797214251,0.07324585587110252,1.0,0.8502488848519895,0.5939521333218448,0.4754309288908358,0.9707436905019344,0.5268152161664016,0.1991660595098721,0.507229210749599,0.7925736010295382,0.0
qry_800989b3c32c5c29,0.48170012490228137,1.0,0.7607643525370178,0.6307329469080918,0.8789422215894415,0.6042002383743521,0.3359924953796289,0.4096581898107923,0.8052584789913771,0.7725176174951585,0.7124006795996923,0.891206049489273,0.7404762126819044,0.09931131237666103,0.0,0.8292431468305691,0.7445250997340273,0.9063357783242403,0.7071769332761325,0.3002164218428698
qry_4b83e032cdd23924,0.930319232006072,0.6606247571007284,0.14366412775844467,0.17110848454083688,0.7863139458098221,0.19808777950429496,0.16314262642942107,0.5649892468133876,0.9290893813624733,0.7197572846179516,0.7407226509164019,0.7176899717903691,0.0,0.7745483303351067,0.9544869753484908,0.8794127314538885,0.8090673000106078,0.6953245515557073,1.0,0.3473965834041331
qry_c7b4860749815eaa,0.5663325157614105,0.7100747258389937,0.9348061168917167,0.8074708557488356,0.8130722224595285,1.0,0.8746790547826411,0.8463373651595337,0.0,0.9003842428497827,0.834352385128934,0.9652326578697249,0.7247464633243689,0.4877114441095753,0.7154745042598762,0.4836658580353834,0.6356751745069322,0.5771965587353539,0.8261273890491097,0.21701087034070332
qry_4e31583a29b89d23,0.40390870530658246,0.8617719684238453,0.3962859236945036,0.35285021393924043,0.5464830606491141,0.5177788360921595,0.3236464474760919,0.6607898815764368,0.39693268595016273,0.40595169818657423,0.6339793709133668,0.2639856801675015,0.1800501299576298,0.7287874106770752,0.494024032405557,1.0,0.0,0.7472867184723881,0.7230825364877483,0.985330824704093
qry_59bdd97fb441e586,0.5753514222106847,0.843787062081379,0.8979510217009234,0.9940137071240314,0.24475961063761645,0.20647545104244067,0.7880072709043453,0.966623860746342,0.6900836732726459,0.9696467162772942,0.9092561430259701,0.23242200407806793,0.599591785173435,0.0,0.8740503335714097,0.6434020316073282,0.21445027363994648,1.0,0.4331013393252994,0.8430104176494749
qry_28b21784b87c9e25,0.13639172310349942,0.12791204069139037,0.4290124454727212,0.8976099190108566,0.8063118380252651,0.4256665798598937,0.2626368738297626,0.3929327947705858,0.4307828358778138,0.9828445618814462,0.39714758224593383,0.0,0.7446960905370495,0.7146357636284979,1.0,0.4997694876648078,0.6769344237942698,0.5231774389405135,0.6701744630636688,0.7029806365461652
qry_f5d44c529178eea8,0.618806913904979,0.43448771920130314,0.6067513970577472,0.13000286862419294,0.0,0.6001224422672606,0.5364166162061473,0.47737030302152966,0.17159998486583855,1.0,0.3743769115987256,0.9638939878504695,0.4986588842517868,0.4872608292801652,0.8870981528331023,0.6118612114129879,0.6890791050238132,0.48152601897105685,0.4430875743194823,0.5914282869216648
qry_e01f529987e9e94b,0.15766831156761602,0.0,0.8907580215557973,0.7305197990147433,0.18339440697515336,0.5538440347306897,1.0,0.8766767955363589,0.3821803320050389,0.33124811477462957,0.8344875341241497,0.3895013838865464,0.6841609302304444,0.825737245122522,0.5879164760994507,0.6857426741357538,0.542249872315894,0.71144513638371,0.11417921727340437,0.26527444339430084
qry_8c0e6bf435bae89e,0.2922848724102555,0.05719080164688086,0.9219608608486164,0.9349818025870417,0.19911332117427963,0.15422598117721917,1.0,0.700732255717975,0.15780293931711623,0.6022532734537687,0.5306712605613866,0.3610954227641901,0.1953545621846859,0.16383779086086192,0.0,0.5482565717017723,0.37671501000724256,0.8810840464211028,0.8174183368633877,0.03215032497557944
qry_1ae931e5997c695d,0.337990365055894,0.6873013792927973,0.44983503566502203,1.0,0.4365323032024532,0.3529073498323139,0.28242846280490236,0.3609632018918146,0.8946734601708832,0.18128059757135365,0.3259186680909004,0.4834347002127548,0.208250898138005,0.2925850728576608,0.4586851070293993,0.2075690551009657,0.4781928885878515,0.0,0.49616279862848955,0.14202815411055167
qry_45d1dfe7522215b9,0.5038972870403735,0.36727006231174997,0.6478148852554999,0.6244584239189425,0.5143689893661509,0.43773277984865655,0.578911929871986,0.6770121434505669,0.11659254879117972,0.43982389105840863,0.6915942834148759,0.0,0.9044603498908629,0.9477152800106599,0.8470203851713581,0.5400322861913401,0.39105092743554243,0.5223994222590828,0.9820063760397023,1.0
qry_d72c0beb91a8e550,0.8296278950037993,0.17585847481058683,0.8629386847124685,0.826174118443056,0.9004031070793571,1.0,0.18371167050937184,0.7712028167884933,0.9831881700588896,0.6384324501176062,0.6091986008897218,0.8078725351104385,0.0,0.43965008611091627,0.9958360335460539,0.5881650014135041,0.38558361484100445,0.8932824339519708,0.8228451034838246,0.7175080528383176
qry_5267314ca810c8df,0.0,0.33171716464400597,0.3924402049468151,0.549458121090756,0.2824998272077805,0.04477130356130525,0.48842744789730785,0.9528044425992549,0.6385982694292079,0.89851577202306,0.003929842127813699,1.0,0.5079573232376072,0.6795008418739672,0.014056966610958437,0.0837936577617548,0.2614381658923077,0.481791663338398,0.4692639935424581,0.2733345146227149
qry_1397fa9065f95c1c,0.446234710215329,1.0,0.4328748376890102,0.4069627477852987,0.33385367024387863,0.12061231067453998,0.37456352637746615,0.0,0.5375316798617248,0.06867569808052076,0.3695489007663551,0.14228729862357883,0.5398056495891868,0.27531401722525095,0.14007680083617371,0.2071988925423414,0.3277416986070744,0.6719506487238329,0.8219567232380995,0.5814453162379349
qry_5033649ab5e94812,0.501768601423733,0.5690149315656442,0.42277665385392965,0.526494226858014,0.5574473441010044,0.46038591648030625,0.9424399741926953,0.5983223919513097,0.5974927855572008,0.5069631920692211,0.6975853580308455,0.7511735868043654,0.6140706917017719,0.4702779950456279,1.0,0.17980190437748472,0.2913097264460727,0.48103220357247645,0.5386239408393861,0.0
qry_806089d0462c3cff,0.5925546384210985,0.5213137558645513,0.35213413303887664,0.4822128824898805,0.0063550433332128925,0.5507462063357438,0.10199976724045853,0.9166571865472515,0.5554425245690848,0.7381389661118211,0.4269729282318068,0.2893147297734268,0.1851290983862906,0.7750264442186139,0.2040545279294663,0.3396215921448253,1.0,0.5302637126501316,0.0,0.8888495992570653
qry_890edc527b82de6d,0.2254100513103584,0.11105422403353037,0.6798372455390558,0.9641611411919315,0.3692616840553235,0.25907331365603575,0.5268461730511012,0.5419334479497523,0.6327487243421177,0.5792976104653325,0.5361462110026922,0.8647680379170699,0.5399868884388577,0.33303570271367283,1.0,0.8406421436214602,0.5262023830916484,0.5292270088798153,0.3349215447643629,0.0
qry_caee5e111b12dc66,0.37791003857489175,0.5015104289085617,0.2488192416855143,0.2059512307816409,0.44495861396051606,0.08986390387736978,0.3582524867415756,0.34634165120533034,0.21803217984713866,0.8764342211157659,0.5938190237814905,0.06338825315278317,0.7119742022473249,0.0,0.11155657153153323,0.14623145898748768,1.0,0.3126293712086552,0.5533304653768529,0.49629045817506906
qry_3bbed9dc90ec34a1,0.9528923772554229,0.9313276088123903,0.0,0.7433636446340187,0.6101311546224241,0.6769232741295342,1.0,0.8567133310994235,0.5592723780901713,0.14096943024212802,0.5139697121545205,0.7634588839445363,0.7263614828732542,0.3637980356588747,0.4051218796801998,0.21534519738255647,0.9619964711084806,0.9771884236827029,0.3560584523914931,0.8593724448127434
qry_78a53377de7d2ff6,0.515490521590999,0.6888525356073513,0.7027727730290123,0.6849019500614685,0.38581364245094163,0.9864176189651868,0.9710768561952082,0.8163059472344081,0.06953030173095702,0.0,0.6314346171370588,0.356614330948164,0.7384700093217916,0.8169588777834603,0.6458503484804532,0.07611761413892722,0.2937304248996626,0.9658953156573877,1.0,0.925434360557684
qry_8ccc2cb3d3756bbb,0.5127850278530558,0.5255724149196993,0.3309354872749121,0.10545550546567684,1.0,0.8678711809274176,0.5769756376518024,0.6833297770274248,0.7566778149966855,0.0,0.12120030645318806,0.5968515012246504,0.752545599790457,0.15159454819107962,0.25985679801184147,0.3609382786514656,0.8362548064166068,0.9778776703067803,0.19755600285102692,0.8176839248998148
qry_4d1ac701007ac099,0.16137230206906236,0.8496184829725555,0.9865381448737056,0.8900697404132347,0.8979903606744999,0.4542619074007661,0.3158982001800038,0.3015749409398491,0.7635556587185235,0.6931899240219107,0.11838861436035468,0.2983485612204375,0.48240298525801656,0.8044662693803649,0.30281504058857794,0.0,0.7593762993700257,0.7101602657267762,0.7120785980391152,1.0
qry_06e7c39c5e104b60,0.13508146719019767,0.033474272367069735,0.340129073620326,0.08081828008128632,0.6874113516100632,0.11416285974824493,0.15273200108286944,0.26918678627110304,1.0,0.9117652629739765,0.0,0.6609701977287811,0.2915336469651584,0.39973729433139293,0.7621924981209418,0.8133638706242446,0.20437244102912572,0.008496931050147557,0.316339486254433,0.31114476250119977
qry_b69235abdfbfe069,0.2485813823303834,0.5139581428373734,1.0,0.5206551536048559,0.8530160928625876,0.911526102114704,0.01811520464603565,0.5797402839160347,0.6898563995857995,0.7212436846676058,0.22559933195051704,0.7035887614530879,0.5629787475286973,0.07388830108957159,0.2043103430527909,0.48201602925838405,0.0,0.6187622822474582,0.6456380967578386,0.46453734718346074
qry_73f05e3e1ac701f9,0.5035410913684385,0.484892505574881,0.2744932348160993,0.13222960459528335,0.6978168156077331,0.3503576542963546,0.6299534230900926,0.7469723842223595,0.8168881518915114,0.7661091040548541,0.21812581706012915,0.9442643485246527,0.9891264866088617,0.9770105763661133,0.1931947934895081,0.7751587633394674,0.0,0.9129132197582535,1.0,0.29130909538267286
qry_0f4cff54e3c3ee33,0.5520958450829803,0.3126398957320214,0.19378874988759343,0.11881031194524047,0.6297896037881661,0.8762595591823649,0.881925761436792,0.318473055339438,1.0,0.3732559702707094,0.8977067783759928,0.3014028269763155,0.2234083879604463,0.0,0.31146895513279,0.23278967153076993,0.01168026504485996,0.6003677423577053,0.13295591684337518,0.9613795480756859
qry_6c3c37f6fdc35c2b,1.0,0.2890026998099196,0.793333070448306,0.20695556570047743,0.5731638616897041,0.8382827793897745,0.500714392758409,0.4924775482991396,0.8272735746814741,0.7576268210545274,0.6854171389000485,0.45992711102682804,0.43958654575514405,0.22368899509034337,0.8407093815012724,0.20413743966630393,0.22082135189355898,0.0,0.283601775724678,0.5725945917446895
qry_f473b0b607019729,1.0,0.4953496881571749,0.14603424814814747,0.6567978711149729,0.5478408864140318,0.7970834874399418,0.7201743125051885,0.9401656036054269,0.0,0.87074963077057,0.24268954178063462,0.8301198713925908,0.3378116945947211,0.7694808541876931,0.8801886108162456,0.25931634629980577,0.6190576973228914,0.20285127833997887,0.5715372159989184,0.48339882544417184
qry_210cd138d5261b4d,0.6117439916630198,1.0,0.13130793942878471,0.07296569416248488,0.38735128064312335,0.43284962311507835,0.4818279888459933,0.4439080337885922,0.2235268945825561,0.512484156652154,0.8130907542805587,0.7777369776273388,0.7625264817830862,0.6116975646167525,0.0,0.5343040842276325,0.050052979433383674,0.2068736438984227,0.7871180456841291,0.7444932218156867
qry_3e3d42d24b5ab2f4,0.16412459453612552,0.2769687180669737,0.0,0.3518234299313695,0.3911364216462656,0.6150047877023628,1.0,0.9512006216100403,0.5013608910362938,0.09371960016580892,0.3815247131095722,0.961448366889871,0.6035994918851196,0.839184562458091,0.6414866341121006,0.8488886423817148,0.43619599151345173,0.13364092494263488,0.3356352515345092,0.9668591160561768
qry_a524d36d4e4c9314,0.5330399965032435,0.6340818563612628,0.2859198595767506,1.0,0.8236916055857909,0.7380865739209289,0.6955336518728843,0.0,0.5102146083307358,0.4371962367675711,0.39449711627579304,0.7717328828100924,0.6208020266405091,0.520793517506779,0.9902064867218221,0.8104285318566922,0.46223548925644836,0.976342456970608,0.18674207097310375,0.23606560213557293
qry_9fba733bb4687551,0.1411155868297876,0.5427498450270134,0.3078244922181573,0.6428862538578634,0.49795046460886117,0.32303375680301816,1.0,0.5779635081904331,0.2597880834051839,0.824109666734311,0.4721771545718577,0.6458676923599265,0.3040602534968437,0.3325263836837264,0.30423633507082976,0.6769289289501392,0.0,0.6567656490899627,0.5148841754360084,0.3412981235644081
qry_3472bd9de2f89a8f,0.2780871902171457,0.30634131634056866,0.4986746325831131,0.23376261603156506,0.7231556589050194,0.28854994035830256,0.7467068445594648,0.0,0.35268397726303685,0.6632814673974665,0.9119520365660453,0.7911892512375762,0.8030652911572292,1.0,0.1915573197872148,0.08616156528119302,0.49417117702249214,0.7670601719970279,0.22010570565151358,0.6456891661376786
qry_e21f5207aa84a5c4,0.5289848967434602,0.7412609978807971,0.11596579717118843,0.3144175362038352,0.3670061843754265,0.5181754468848656,0.21154012079175522,0.1385599461271337,0.0,0.2384487750913936,0.34184814337968783,0.38635584915083765,0.7706130626726185,0.2792506685210975,0.7604296365659468,0.24968365082749208,0.9651726182745923,1.0,0.29891654236429216,0.6200020658913161
qry_25a57f99793a2d91,0.48115414389884686,0.20291383018197637,0.5177817175823665,0.38194439653066214,0.12283682031010551,0.5686087997020546,0.7169061588822985,0.0,0.7508316740477903,0.5750116188642118,0.5350514812670902,0.7979945060064598,0.6173559043068557,0.5763400565805613,0.5931038513547312,1.0,0.520010608323027,0.6564385122411988,0.24811982174826785,0.42105355463688376
qry_92473850b3fad2de,0.10973788796721064,0.08548452191177562,0.9636982392945671,0.7788729754781754,0.1109446910177642,0.15866584735504768,0.9694512044908504,0.39996625851665873,0.5583529587133111,0.9108332980254057,0.24585436052625967,1.0,0.5965339462823993,0.6865652924513982,0.5755335175729515,0.05449639621834409,0.425432511189124,0.0,0.5743082614324262,0.014206072379238426
qry_0edf6b364748f465,0.6283539832243331,0.003972462469312479,0.0,0.4199142035733478,0.9817777472634605,0.350321706041274,0.1069820011158615,0.7752381520754055,0.8247920876349468,0.4949799836664806,0.9378679525409027,0.44592703402070055,0.2703807288224596,1.0,0.8423310157804594,0.4539143073832428,0.4752986460894982,0.28751177034403513,0.37703902358719404,0.22507256422712713
qry_661a8e112319bf22,0.7255269037927827,0.7910015773005071,0.3931892576891419,0.9633224613688215,0.8675825947941171,1.0,0.7645734894257155,0.0,0.9246837951658889,0.5903643331093833,0.5024421798934112,0.7930581668906689,0.8705339212264327,0.575870488957573,0.7655235148780379,0.8911948706813022,0.5777480397621484,0.3206971690787667,0.7938232799441597,0.846099545488673
qry_6c6e71e442a36793,0.19108914033129284,0.2724187810133968,0.6129535278301201,0.6701875934552765,1.0,0.6111500117806892,0.5942237751701779,0.6424873974633215,0.3371892755256001,0.7031964686336171,0.3620699528178944,0.6906524905039023,0.3160154837812974,0.029894192961507877,0.8854384657441218,0.9380554411020641,0.0,0.8072667012620062,0.792954415193888,0.5691974127867128
qry_da6000faada4dc39,0.010479957446121157,0.6922505876610958,0.7706689824502998,0.8685757959524288,0.7171929829100608,0.44092460584965776,0.7711188169343746,0.6444736533775707,1.0,0.892024749678749,0.7934008716657628,0.0,0.04068915671048108,0.52416307907412,0.1735849941811103,0.8687957703500451,0.9389751480407135,0.4730514860229597,0.3093035721409499,0.7642184344636476
qry_b09f838b3e1c4aa0,0.838375672885644,1.0,0.0945536095228463,0.0,0.21606569906724205,0.6696099571282877,0.9454740818542287,0.5726311926900988,0.5666407715617422,0.5897115971499055,0.20505761991568322,0.6324537165801716,0.6149826766750711,0.8142599742015755,0.20696148757129698,0.015941347257428497,0.13617429585800828,0.171458760976651,0.5618512970370919,0.09340880765090613
qry_4a66bb63150f8b15,0.7593141199966863,1.0,0.7388976567294828,0.08755089296811053,0.5947544623551713,0.5142455063994518,0.5869976241662153,0.6965990704304389,0.6256827853934775,0.3219264972464053,0.19439067644626815,0.7422484782473003,0.4100638867690752,0.35969999334253827,0.4772048207846512,0.03243761744343566,0.2543006739337909,0.06794878621184287,0.6481128068666612,0.0
qry_afae8fa935d9d166,0.178133413476345,0.322080343651065,0.1862277143584833,0.7979288302871689,0.10178067207464314,0.516935255251376,0.5695260384521309,0.09345870281239571,0.36996834783193355,0.08885474358471179,0.3502523192504772,1.0,0.4720171901094615,0.04192594726381286,0.5469876917689774,0.0,0.35737971236572375,0.6512411272255751,0.23828145394258843,0.45241591411638754
qry_691267c44702d341,0.6703980045671172,0.1322043300424481,0.0,0.7065203214236708,0.6665701791193501,0.9596095954459043,0.6364093820068986,0.5758584789736549,0.21406820462435452,0.8223388232969177,0.3801944763469147,0.4908246028663615,0.5723958970676642,1.0,0.2745017291199894,0.6802890044472761,0.41957194427101047,0.34911977637428876,0.23357199555296038,0.9830221416953111
qry_0af4c03e187384fd,0.07219140075786927,0.8767258349895622,0.7738206926442995,0.5264773558578274,0.690921966107066,0.6306700518866194,0.9235440402898557,1.0,0.5354960499769739,0.9577413048115736,0.967626480002266,0.5582052635921465,0.270964352330352,0.8113501357469399,0.7844681368859207,0.8887836863972558,0.15063148052946498,0.0,0.165270516231431,0.8063974616799392
qry_2d42a5ff1b7bb04f,0.33650949561949084,0.2041705695283966,1.0,0.4085478685043598,0.4402535392724122,0.6599526946330002,0.8383490187823853,0.5811104250396112,0.5784362687774813,0.8261247938250753,0.17992837500721204,0.24184831770946824,0.4764480585263181,0.16290102733585685,0.7204445758257417,0.5646546532859755,0.24501604867828905,0.7627579338762417,0.6011281828259926,0.0
qry_42d6c6d53d790d1d,0.04473721227847329,0.058582411430711426,0.5321817373693347,0.4828455491683826,0.29656673869403094,1.0,0.8583666800133536,0.31655125857289496,0.25802370924689016,0.47606389723414044,0.8565563122727906,0.0,0.2026195032310877,0.42704556194498544,0.2549577950164801,0.2947343605338601,0.46493558687098335,0.5833904979805136,0.39103511280535674,0.5815683304187851
qry_a48db6b981e0b3f3,0.9304530769759598,0.6701219259459721,0.6313447942717292,0.3013859790077718,0.9447730041698938,0.1587965194429476,0.6912580549822923,0.744203146107826,0.6045511484041457,0.5479183154106874,0.7961711201382925,0.17528647339184966,0.541936663181523,0.5099450698142941,1.0,0.4872799322186885,0.07787507936029679,0.0,0.7491969319064338,0.1650903463212896
qry_9cf6c60d79016da1,0.05989683074667528,1.0,0.6439183795364485,0.04770677983388453,0.12450906329311108,0.39996384234199384,0.3845410988809236,0.6678920183188387,0.1331587107518498,0.639744805701276,0.3763715213144137,0.5287108039783331,0.33931622279362367,0.2623699519739755,0.7280091223777786,0.7340177504336224,0.46135661337596606,0.37320148469458986,0.4124744730827515,0.0
qry_892a53994c1253c9,0.30579538813283397,0.43521515673988875,0.7597901272276495,0.4628397744979639,0.505068935444657,0.3994422486032671,0.4110490709813043,0.11935852014961862,1.0,0.4728714877963532,0.0,0.28434462008325995,0.8011734983722435,0.4213434576957685,0.2434677603537288,0.3749219474350866,0.4245448934652323,0.42272413924653723,0.8059118071850747,0.34383856138993524
qry_0dee8b60128e20ff,0.8357595838433367,0.43700125250773464,0.8101149663171745,0.4662161641539804,1.0,0.7379922609535821,0.7901659107642713,0.4918774859623883,0.796743397359049,0.3327250076683076,0.26041407386275134,0.6278475729524167,0.993301220300795,0.0,0.8863806207683812,0.49564882659046094,0.3497280706526668,0.7402311244462656,0.6408075444595736,0.5479158281821307
qry_f3b1fe8317f03ba7,0.5296007022491084,0.6449796914143157,0.709449004601749,0.404702708553497,0.8400645445494243,0.44644444918504717,0.5450675758481907,0.4785353585617423,0.0,0.7706777791264359,0.44165114858025317,0.6009611256964472,0.513583146771891,0.6042370243505353,0.34880607286459003,0.5491313341008234,0.6623580553951457,0.22486052667545736,0.32102092804955284,1.0
qry_b03cc5405bd63653,0.922632440280093,0.6972432008268228,0.8432445133857448,0.9943979341327589,0.34411690031015685,1.0,0.5394586456281856,0.44396777422065514,0.40867402264870933,0.7639309923722759,0.8040646390703937,0.7320573582535077,0.9141839299292246,0.1625071171529273,0.470416101716492,0.7896987725030705,0.7515116326725287,0.6926361323714848,0.0,0.7393298684058589
qry_244ff6c94cbc17cf,0.0,0.794458461597168,0.9778084969152836,0.8948619926787836,0.43898588711253667,0.41818128700815654,0.6297981078235402,0.7239972911108119,0.7407225373205428,1.0,0.7506357751647772,0.4136882024394682,0.7932221976132622,0.5567931794613983,0.7931327736767174,0.5286204800517834,0.5776590093602594,0.8564878598110832,0.8139282010508975,0.2397906657817042
qry_8560d2c89fe3341a,0.0,0.6554174760863556,0.38836036222731013,0.8882278784884526,0.6879730822489873,0.5189089634550347,0.22592539160314934,0.5220140900056267,0.004443584018114899,0.23919357166420696,0.13875541448747625,0.6226401172813489,0.3887897109787248,0.7915000294495268,0.5995522962030225,0.8501928028592587,0.8043794014042245,0.8392870846706575,1.0,0.6286511420730111
qry_132ceffec50f0a4f,0.5652803685848502,0.5624501618653569,0.0,0.35868058315740936,1.0,0.36981304406209214,0.8410880346891029,0.041948173005050514,0.23669099884732583,0.4673844426511329,0.8659096061706993,0.3943410319509579,0.3465004922974516,0.5921964705455227,0.5205008290103172,0.6212698222143728,0.41313463430196906,0.8436871374062879,0.4163136715661237,0.49972739561931157
qry_96986f0404b64de6,0.32489304447753475,0.8766545182188139,0.8225376935732539,0.3716503263356681,0.9025673007284776,0.31898894968251046,0.46099032231029474,0.9796056122649809,0.6690338599995388,0.5960724987947699,0.5463266646122187,0.752705410604818,1.0,0.4146375646088629,0.7815168984704512,0.9090279074726911,0.0,0.7748492102382492,0.7788720630877107,0.587515345659097
qry_564874f321feda13,0.25843868204591947,0.3626852058631252,0.26383058795325975,0.2837650162220142,0.85283853985358,0.2659270034321254,0.0,0.37283467138180787,1.0,0.1720386070758382,0.3794909118362235,0.2119398917100037,0.3114112847351925,0.5737600457140876,0.5837534987203957,0.6068247346207186,0.34750318770815564,0.5888040597845998,0.8188507485142776,0.2834934389853459
qry_3d77d8f605fcb94f,0.005316531328309139,0.19669363869934456,0.3210813426193162,0.7930104443785138,0.21846657820007728,0.0,0.8838051886692884,0.9539660158842684,0.8473869554950885,0.32203402244470297,0.9110021856775898,0.12409972772705745,1.0,0.410739995805674,0.9113165319323298,0.8953822564223329,0.6786024201208224,0.2800299527657859,0.33059515705991677,0.9090926446067868
qry_894d4fa903a2bc94,0.0,0.31590051981268885,0.07733859486295803,0.10194931789591752,0.6401140723652798,0.3432863873622481,0.0680040130890729,0.2205301896035784,0.2501306175275872,0.5254345318277339,0.4180290086489627,0.9923005541972884,0.5456799448683956,0.5428521255667244,0.9063487542391473,0.42278622349140965,0.8471667027852238,0.5108045435638547,1.0,0.25386667632891396
qry_915c1384346e39d9,0.37047293512573726,0.7915282727067032,0.9026864697331057,0.44971191782646613,0.21504406804258178,0.37279287517967075,1.0,0.47626338485391356,0.31281957201328675,0.49784997498792344,0.40352614726692265,0.0,0.8170684361090966,0.21058860705017626,0.6385547185265557,0.32335365555167794,0.32810547946958446,0.10737885848714415,0.8183442720860522,0.2861067481334941
qry_edd47f834ed58f64,0.31565661455980687,0.5664675293620554,0.6203663453146209,0.4896818040258603,0.7449080480550563,0.7303357808100701,0.7228162947230317,0.0,0.09391504024445058,0.3941240564630569,0.5362189459674055,0.328987534930044,0.39565201334961975,0.6718240315438169,1.0,0.8814375064947038,0.5242828806983071,0.7093140809436282,0.6177608630329224,0.598553554317468
qry_024e38ad40d45c8e,1.0,0.6223651521095277,0.7234098253191588,0.9808512329199569,0.12449799028102614,0.7104072802539853,0.18600022933779511,0.0,0.6311199290860022,0.21699424600961617,0.4705261466601848,0.502129606193866,0.6332752531787248,0.367857076435976,0.31752483491222483,0.09713315380004607,0.9183746920820539,0.86781271865127,0.7662657113854633,0.639968871510861
qry_b0bfeb3053546fa2,0.9951612468651956,0.07082546695399708,0.6533196057659826,0.5224764144328017,0.23290346603478979,1.0,0.41254901623066664,0.2662981497085494,0.0,0.45417791185072137,0.5140273568841075,0.02014922627366524,0.523472904045348,0.3545882921333962,0.8707978811139301,0.5661918527665372,0.481220232909751,0.48836016447777847,0.9239392252304224,0.5561405137432753
qry_3eeb8b58b25c86f8,0.5225657049810256,0.6661441167403286,0.34451761812740206,0.7505628412327736,0.471519899586015,0.08272512427682216,0.9362375444138578,0.0,1.0,0.8196467198398203,0.2875773497330108,0.13971487537498548,0.2660192006163455,0.5166589240944499,0.3729711903933341,0.27340599194500753,0.7012486942670652,0.546282593851626,0.4195583395921339,0.02749896483903571
qry_afd56a56673d198c,0.9132032672132011,0.7333222502519323,0.24603562034991788,0.6579187759596624,0.027139914428122705,1.0,0.7442671731231747,0.13003486887954957,0.7876018257962133,0.776561722553612,0.04953211563659192,0.035260433793095375,0.689273786116039,0.39085856541273384,0.0,0.6292280753164605,0.18303043919160344,0.2955638856680851,0.6662225877263244,0.42618607023181787
qry_db48147e14725205,0.44335931369625486,0.2951140335288326,0.5178479185171473,0.7589177552718228,0.0,0.6730319747394926,0.5099272945816442,0.588624890261699,0.8671757190503501,0.4831616237704324,0.8887251576737276,0.4602926394579405,0.6998335785747278,0.4161558309527667,0.581119110025178,0.7892138169679429,1.0,0.515651399551763,0.0010776049671193664,0.7980152023054791
qry_856a59d94bf52c45,0.0,0.4732453519287923,0.4904729072411566,0.8717721332803159,0.3669093802533472,0.28569784789237446,0.39669177631874886,0.6651540969750653,0.8402850949801774,0.54934762367243,0.4598490591937305,0.9323275352003542,1.0,0.44024164661975357,0.6317617453081119,0.4493664476533039,0.3372513409387729,0.4904616402722034,0.3807087942202653,0.4825730827958599
qry_af7b10e49e9926fc,0.7617249424172072,1.0,0.3175863345902702,0.6535877712016981,0.2599267964347033,0.7685969092100478,0.534168912728902,0.1701213880689915,0.5510807150568866,0.5444197209258717,0.9330052426113384,0.5178358398488718,0.4799447589572461,0.687430643378256,0.8658629457070528,0.2572349405096556,0.0,0.5798847186031235,0.7776827417415716,0.6195266812679534
qry_656108418f013205,0.5301756131871439,0.7674056773915734,0.5808068606586888,0.9978546750906551,0.1309573276132685,1.0,0.0,0.319065026334117,0.7320756822424379,0.7509262941611684,0.19239282009391948,0.7370646495313963,0.677001000880357,0.512983089828919,0.8896925924345095,0.6382780822656519,0.5536417645848263,0.7677742531077407,0.9095446564723061,0.9530655042350712
qry_2b2b7e6453035a24,0.3590075988260529,0.29802427312343704,0.6397411983395546,0.8617096478046641,0.8692003116135701,0.0,0.2634920804823808,0.9009309258015208,1.0,0.3900866859253301,0.38931808395143436,0.3236203139824052,0.1275247646854376,0.3756387994287102,0.35627854941779596,0.18213923501517673,0.2818114550028649,0.7956301450663381,0.8737902073260746,0.32427987751922643
qry_58e093316dcf01e3,0.7155018116932144,0.2259388035391763,0.24829562119048953,0.5845556811862098,0.0,0.23745033782446548,0.2211297934313031,0.5053359894652688,0.22449618127842447,0.2416451111399512,0.23103909233436953,0.31042238839101227,0.9613005227572496,0.4486400459071147,0.9921093774946574,0.43141446798907396,0.6417840201949514,0.5733566991836636,0.27337664118137067,1.0
qry_76bf6f19c9a0ebef,0.9017312302854399,0.5512202453958807,0.42248457160691794,0.3804360556086761,1.0,0.2099118129888217,0.49547578256888725,0.37305027787365563,0.39789464947474373,0.540409677674927,0.2910185328697773,0.7113509924278812,0.6563055103172706,0.4818406570669141,0.8518371154116156,0.3103787972310579,0.7549592212723754,0.2928465511256301,0.6603043522751759,0.0
qry_201ec729a022d7f5,0.6626013308763417,0.5511864464640591,0.2421472624819868,0.16091449046818873,0.9139488997314033,0.4412278561501348,0.5365951613389981,0.7356728640446826,0.1400999698509068,0.32372329001418004,0.5990618979418426,0.22907284748952142,0.45998604322802206,0.42100689063373975,0.0,0.7795182101142631,0.2690231169804214,0.677401079963939,1.0,0.2532835716716825
qry_55ca1d4fa52b1d16,0.5804839963099261,0.9143802713643272,0.024570514852210686,0.9650982619281624,0.3437738547438323,0.41906940668089987,0.5047749393013117,0.35800700553747433,0.23587254111203937,0.563890372734968,0.34911541554190645,0.9620011923135403,0.9642760324384944,0.2099546942566556,1.0,0.8102604095832361,0.34544175417864775,0.5292886565576379,0.0,0.760494255179666
qry_7e2e47f107693778,1.0,0.12329132620865335,0.1987197923736088,0.3905037060925436,0.17080544524179522,0.672403166790442,0.32516431291455616,0.23367700937183952,0.3619051515971438,0.1100046084615858,0.0,0.4463691899526968,0.6471918587493789,0.01322027426565011,0.7599037577075631,0.6236605634233333,0.025943233622574467,0.885669401313466,0.8959776797622669,0.012471620441270218
qry_00147e66d336bafc,0.09691418911793932,0.7008608315610962,0.7595644004867304,0.5336515971547963,0.6617507438838821,0.912032993179213,0.6796806947642704,0.98628671303143,0.5146856795924835,0.3757302970114557,1.0,0.8977717233417606,0.9663542292389806,0.0,0.8038379238157719,0.7326091149946183,0.30706950744504014,0.4199632767634828,0.9402008143888763,0.3593157100627713
qry_693487a41ab0a6a4,0.23410018205770303,0.3198899051692029,0.3245343855697629,0.484391601873431,0.8117795367273715,0.2234982080904775,0.4391571578211187,0.5756730530203874,0.051711582811400744,0.4012443279028097,0.17586668983289339,0.0,0.44800085215447555,0.30395309397543796,1.0,0.6115550050295842,0.6826177854954667,0.7623483799556318,0.9636671140021313,0.9355404228154464
qry_d342ac6f45716afb,0.8081763650617805,0.7636405712643001,0.35171297395140044,0.302046192686849,0.6279738075756026,0.0,0.9283892643989617,0.8855189734858014,0.7648316634727298,0.5976859763409524,0.4092914859806638,0.6116010952741618,0.8178433290979599,0.6347074194171249,0.42765055715591505,0.2903807037534353,0.3961137272597538,1.0,0.7976689115295192,0.14246390266166195
qry_1f1aefb800186b9c,1.0,0.8397437339093807,0.541144093460224,0.22240708265177073,0.461289444714106,0.9142669373127779,0.5513395368668658,0.0,0.5349971231747979,0.8999376813952432,0.7249438213113366,0.9255933621160141,0.6894397133582909,0.11180772632693467,0.698045072620404,0.8174772375196141,0.5394435979877057,0.26008614611096564,0.7887370636462293,0.33544029908103473
qry_3da6e7489034408a,0.23153827364500468,0.7966258910670735,0.1466776778318079,0.948174252904704,0.6032590771170853,1.0,0.7710248548951637,0.1830295091409435,0.0,0.3182205834728042,0.307741585880101,0.40066297929372063,0.5069607143329171,0.9257229699467708,0.542394748543289,0.7939788317059456,0.8160531261028942,0.8034621507234723,0.956498090367361,0.9381970010508709
qry_a7601f7074ebe04a,0.9180704310748014,0.7077788385052224,0.6270547371997471,0.0,0.803388218928068,0.9830043103995877,0.9517236927997327,0.5192139218537251,0.9349757639269689,0.8583857491065038,0.35584500625530824,0.4031511670171594,1.0,0.528895888055074,0.962416376949363,0.4037634611674834,0.704849463464446,0.6940679700654769,0.744089971544552,0.341388011733757
qry_73a83559056fa52e,0.7291075289354687,0.6819455850636872,0.0,0.2616772962177707,0.12570275253644184,0.503785111427125,0.8058971392845026,0.8485528166113083,1.0,0.0053425059506988825,0.8215979124410668,0.851181733540699,0.07113050284182046,0.36888260995311883,0.5392835669249023,0.3548966397582339,0.8924642345648163,0.44848466174770485,0.4035341191291949,0.4740019969048297
qry_51e2de43f93535ba,0.8508970619654703,0.49075479203549377,0.7008666569907284,0.43339120530302555,0.47703208339288605,0.8932026015220749,1.0,0.8252853815608778,0.7388847743430168,0.5521309159497882,0.7523144384301901,0.5684260240409228,0.4163931326966988,0.9498727700461629,0.49688773137447206,0.6722307867351629,0.2948587127743416,0.40777344182395786,0.0,0.37652717016462917
qry_89559fa70892af5e,0.4082964042713213,0.7122621858666033,0.24409623884089773,1.0,0.0,0.1735126360590326,0.8177088122015423,0.9264699825546098,0.5002658267351331,0.6479005926408741,0.2261045859334101,0.8650656951513305,0.6042765759696299,0.6686779345537933,0.6612096689284487,0.5533948363638471,0.14304357835077178,0.23453757432729538,0.3632376811966357,0.88829887523423
qry_95f5dc9f9fc17893,0.5955089669329401,0.36121517031513234,0.5846074100435308,0.08776528288739492,0.0,0.26015627891150334,0.1276839625456035,1.0,0.07767725437078873,0.27919524794718337,0.8791694682292611,0.9620967868283267,0.34129516668869997,0.9812210178133064,0.7767795176183372,0.12497302603664433,0.07302033892567816,0.11559167055793383,0.4363742634380489,0.038317093893956315
qry_98a91b93d9f8d45c,0.8317111419253046,0.6245553613473298,0.5014657779487761,0.38801734593116777,0.7469699226765132,0.2812196963972052,1.0,0.18801192336112774,0.8021609962216306,0.5741549081819478,0.9332589195280148,0.6061000331149625,0.33961916448093715,0.7080722541317476,0.4708547006714304,0.7487917223106098,0.3114347008152674,0.0,0.5405824921370977,0.4234920186159479
qry_a39f5e02926c1176,0.6094394089213251,0.80631783988251,0.7053868396234793,0.28813894245343896,0.9740090044493015,0.23915505784774513,0.0,0.8718313936609412,0.7354257006274587,0.8781921230679356,1.0,0.8577273647648699,0.3961700216448763,0.9841650521698495,0.2150706739044496,0.2856343815469276,0.3280143849277632,0.2891757303421843,0.18229637856378222,0.7440002168268736
qry_a0d7e1154dde14ab,0.0,0.018832115353690507,0.18027375304474857,0.18683893135290353,0.6069664502066128,0.5239250949171577,0.4542560680322947,0.4484400009181358,0.3784165000088278,0.31699262832633546,0.7841939294472231,0.9817934987094132,0.6026651493038,0.1316748556991565,0.11032777681984461,1.0,0.044215801046571725,0.5076625109961291,0.282333876934505,0.18144713536426132
qry_b2547ed2dfd54b1a,0.0,0.43373486158881497,0.2881572757853452,0.8051976899536769,0.8937016164825501,0.4534823298110327,0.4922859249527652,0.9313442398370063,0.247620523760093,0.19517864348729666,0.8839500671958492,0.4545686293517225,0.8756367645750097,0.8607697375274963,0.5002150958239435,0.4310513893724655,0.3943619117743699,0.6154081810245492,0.8394794954356006,1.0
qry_dd6bb45920d446b1,0.2651306205455155,0.16877301915202167,0.8221002677632621,0.7381422182096536,1.0,0.7318190006481056,0.24431644920053602,0.19867855757841182,0.3371604831699725,0.1532671186742166,0.547241684192635,0.3924064431399644,0.7706794180974536,0.7474568129614995,0.5058060949178855,0.6451349419726631,0.0,0.6941023918196065,0.162023265442354,0.41482195487538576
qry_c24a3b6303b1bee2,0.6655129093874628,0.3909340355886932,0.5922471468864786,0.5400416451648126,0.1208561258573113,0.0031999078952634472,0.0,1.0,0.22111145955799766,0.11463595733637154,0.27982549480044056,0.1623356983209382,0.14828528109028702,0.24683084301674754,0.5863318640649758,0.9120828436950164,0.4830567387391372,0.5451327605563547,0.2471165699074174,0.8555593487285041
qry_d21008726fca284a,0.7104015138211067,0.21300996074203074,0.4540264096321529,0.047096339268654364,0.34630380790107307,0.23230176801628236,0.12573982230540123,0.2574781320564875,0.1001874389886669,0.03631284345414045,0.07298859003259471,0.06788492117800868,0.5940887376109766,0.33475827934742225,1.0,0.3402085311695603,0.057963353362214434,0.27589455090015697,0.9994120515827225,0.0
qry_5116e7eed552556d,0.7417869185261916,0.7580131246182908,0.2674633518217444,1.0,0.7610211613878091,0.04245981536821916,0.40977115892363963,0.3272899941228044,0.0,0.48654854131987535,0.40813034209510746,0.5385022781441157,0.6828129542060369,0.2765846910335658,0.5899969940890194,0.9179776203205309,0.6409311611444131,0.7714129599281335,0.6609592850462586,0.517777283707471
qry_4b5b978c7e3d8914,0.6621169566920655,0.247120476073676,0.3200444924803717,0.0,0.6262817785709406,0.376564789256835,0.2834717846317088,0.6284510087389114,0.7539469917973906,1.0,0.44192445466719926,0.6320675865327969,0.5659136142645221,0.3103293666004198,0.8039949675248717,0.46403085915110315,0.967262494401108,0.44374086861971457,0.34075958020044744,0.3849088907484836
qry_26c876a82e8ff40a,0.5107605961810303,0.5433915431739482,0.10157690929058891,0.45612088374014303,0.030085956628208756,0.3230377416199558,0.18824766554459524,0.550068628792036,0.30205567550243495,0.6938145451776112,0.4930943881204761,1.0,0.6488643426399359,0.6123552262365483,0.8364387235981727,0.0,0.5482751518967873,0.7316729140146014,0.38639218060057673,0.08024343140982557
qry_2699b654a96e30fd,0.9373471497642095,0.8600565559010147,0.6504915637373148,0.6015186634052456,0.6175844707083794,0.6845951889065023,0.7499060006747462,0.8693878964467437,0.8212077319500437,0.7644303852417277,0.0,0.1112218911868337,0.34552361718043667,0.5640938535155627,0.769561962156015,0.6989818001602498,0.6568321787762876,0.6558666186690391,0.655812214026383,1.0
qry_8e7125158032b4c7,0.18769603765537998,0.2603619885483317,0.393109852146023,0.1495756607290091,0.0,0.0038232925345955513,0.13551176090398792,0.09484009352902391,0.2596125616221013,0.18308458091022264,0.15372945110245304,0.6799523304592436,0.7609236704620245,0.1001898261989735,1.0,0.5207384434604917,0.3523528182567109,0.11782785910294943,0.4149655622975594,0.5380929780797664
qry_17a689f8bc00bcb6,0.04994306023513503,1.0,0.0,0.27685107722391533,0.6592531191307797,0.30997903186707204,0.4451923612188458,0.9727095729020163,0.7273730397235296,0.01778978214739374,0.48008624976642694,0.6876899662077234,0.7753370680902909,0.8820878257694926,0.5625614928202574,0.29349977912915537,0.06239446310060149,0.5568356132286597,0.17795286459678972,0.6347782510346012
qry_5108acce828e9fda,0.6510724645908661,0.6401337701725934,0.4199881543712336,0.7869550976366403,0.47690059248074074,0.84150462252522,0.5441007552992216,0.7354477985948171,0.8041377432563687,0.44787026207987707,0.4397977500227145,0.9149757823515154,0.2661042734893711,0.5466176674513283,1.0,0.6454125381285093,0.2652273606342843,0.5261093444972272,0.45061934515589125,0.0
qry_baecc67984da87d9,0.8744591247343686,0.5013947393425615,0.42097218295261135,0.09540882542721962,0.4136861776495959,0.06459817097052392,0.47391208451613576,0.2267806613359928,0.882546910450409,0.9075446881692641,1.0,0.940115829360756,0.7943062094470247,0.0,0.11205633556158444,0.2875558829777352,0.46334899163063903,0.33394256463972505,0.9630040255220985,0.5187094081459892
qry_9a9c3a377800cc3e,0.0,0.974670580811322,0.41244363743975354,0.04184725719707324,0.649305612139016,0.4860911842949161,0.5103774136845017,0.09519727291149603,0.7270108344802984,0.5268819383433861,0.08007898256504445,0.971149901689856,0.5482897904560243,0.6435318166429194,1.0,0.8068854749774259,0.41593534669620086,0.46694905887355737,0.8712157067282841,0.7647063892231968
qry_e372cfa20ab4997d,0.9271661484865779,0.3843274649168149,0.7248385723392704,0.3285762103940078,0.9231173742431565,0.9937559454592306,0.284188940778501,0.3838786554491093,0.5763133687936712,0.9985071588730454,0.49178920983066116,0.18839260473557645,1.0,0.6273217454960226,0.43887123375659237,0.48528766217581426,0.0,0.40700945488559415,0.24225563169639366,0.5465724501806376
qry_9eb458004b9fab00,0.4310592388290437,0.17241382452619317,0.683103089384302,1.0,0.18482713457641012,0.27979972175483453,0.19137748233567273,0.8347311392825953,0.6434363796360208,0.0,0.5269790058475387,0.4290450864150087,0.7026057967203955,0.3437207271022866,0.050748791704790665,0.04338732058146025,0.467922350582957,0.21469240629727626,0.11570390415583721,0.15917325198878338
qry_8985f9f7e0c49753,0.35428609940659306,0.3835142231996283,0.6724514034820888,0.5360234409691444,0.7306861299379624,0.6405977238807817,0.0,0.17998526417539765,0.014501312089802697,0.3906999815153722,0.7050156585644962,0.3448263586269699,0.23186919516096655,0.35952423377248593,1.0,0.8330022847969042,0.15857691610221675,0.6533424215232955,0.1218893575006398,0.32130830584830816
qry_cc372ce327442567,0.8750683651336388,0.534500133154267,0.2898156992502053,0.721977902038293,0.0,1.0,0.4428929024489227,0.5105543084844232,0.23938096535620657,0.7428589084346229,0.7382210397191076,0.6666785280664216,0.05777395800842391,0.7194894216093343,0.785940514128588,0.2140234328033416,0.2522772094166435,0.5045802008901464,0.5770354618350607,0.6813736167140046
qry_ab23783828e1cc4f,1.0,0.30274073010631625,0.0,0.09788181091035977,0.9517208898732498,0.25753077398843427,0.9506424534291985,0.3456139056029435,0.49805082658794836,0.696722895872572,0.9958048421066551,0.9269197266561824,0.6976284134540361,0.7874719099597621,0.8864636427834476,0.4724502259556972,0.24988190827883597,0.33304136144880186,0.4685329743283989,0.20145126832284746
qry_2b6828d4e86c0cb7,0.43493190449245167,1.0,0.2414959963443199,0.9416641407958503,0.5560061962528344,0.7930532221658337,0.5815871587298236,0.7040727323598999,0.42875356403548465,0.345296948217741,0.49151346159699844,0.35583223124789615,0.44190546396992525,0.547307078281549,0.10046588591293965,0.3143575971671524,0.3983691541112794,0.8089128145353471,0.0,0.7079111996965852
qry_da4978fd8bd50fae,0.32874075258766433,1.0,0.8299468551864596,0.7103948001441607,0.5092654881213632,0.19145408110280887,0.7023681534522337,0.7907141462575896,0.45402846661180896,0.9049623804090844,0.27575665778407893,0.7968080301695719,0.6035777391593881,0.25990859560921636,0.6973689507327759,0.8021033221810836,0.2885594932800612,0.5353175299611387,0.9303799868376134,0.0
qry_34fddda2f963bd35,0.6858171596536594,0.324847641575541,0.2279127777299831,0.15499048675776808,0.49432764926980166,0.7054795107022487,0.966188446893581,0.43410474911731944,0.7171529386956829,0.024332129955486836,0.30989271646160704,0.5694340525861931,0.988989759340335,0.3579028849429401,0.12350364136052795,1.0,0.0,0.7105443324164861,0.9322592632725369,0.6587710798625792
qry_8aa275c74e8a97d9,0.49938581371506363,0.7954636614348696,0.0,0.7257724535168557,0.6545000493287506,0.7738235587776281,0.6876660796393318,0.587730136661058,0.7352575602675617,0.3810338972296369,0.5796678427353363,0.1882238029840669,0.6918749571305015,0.5323107542264799,1.0,0.9095827926873219,0.3932874457832054,0.7065560009508601,0.7513902027909491,0.6009380366254377
qry_e8536278fdfbf9ec,0.23558872408850606,1.0,0.4734425704643183,0.6504727117234741,0.6910360683375543,0.5552496680336427,0.0,0.6537871652648096,0.5847247246206532,0.5429080465705932,0.48923351715931757,0.3434869827201002,0.03633700946608453,0.3465281225567057,0.5673452132625377,0.4252375238912794,0.12841095132612426,0.30564239246592134,0.9735255305678642,0.35455096907356304
qry_be9a51bc0cf081df,0.9596117507542687,0.7005798500585321,0.7574502825045142,0.0,0.8290706162432653,0.9639080510119419,0.5994764310032413,0.7777406118215331,1.0,0.7862004271476691,0.9246004072734582,0.660939749661493,0.4498683425570692,0.7470806384953975,0.9780884664122425,0.7925012443612515,0.9329563494254982,0.4482585694446555,0.6247461991364783,0.7716034971208771
qry_fc2838e559898ddc,0.8471816345174117,0.9472247355613426,1.0,0.8364495609459027,0.3883931921990287,0.6455998208677649,0.6413458042496736,0.39773854909631917,0.9973965556802536,0.4344707976388852,0.3023273229382911,0.7133419962065962,0.9440684776310544,0.26563565713624426,0.8691682771481092,0.7136296079763562,0.2141878465309222,0.0,0.2092554578281145,0.6618691945076719
qry_9aa8c149761c339f,0.29410468960407954,0.8252618801312547,0.052114148781722575,0.7891785227780691,0.5689553621771839,0.0,0.2522045036059006,1.0,0.5996206642719576,0.6993795994904991,0.07421888789205416,0.23120588295875097,0.8148714180427422,0.7725644014258557,0.5430828649790121,0.7278813283408218,0.6671628060869772,0.7612682639229422,0.22313897051094986,0.9470063315322181
qry_1ff5e9cfcfe5aee0,0.6153545593622844,0.9761907241417308,0.7680887526829746,1.0,0.0,0.28636690767968404,0.4408707284128521,0.8542282705193665,0.641087767914074,0.41494658083479147,0.23116316389698838,0.08779155840022536,0.18694294065775738,0.01719156089824814,0.3738024793838683,0.3823166144053609,0.24664448696062374,0.9938112548942653,0.4303663434257093,0.02912581453907915
qry_dd5850db3a6d391c,0.3207479666409239,0.6493305396184433,0.5422752724634705,1.0,0.5766942948722639,0.5899972483439732,0.40290508064467323,0.020273745031195153,0.0,0.2737572496372456,0.40709162879899674,0.8379616784292856,0.8653877403539028,0.5287173599562873,0.7081340209267512,0.6457122388451517,0.31400744684013876,0.20488444797344071,0.9163293946932808,0.9573908081129922
qry_24bc56b0058d3a9d,0.40911323483206324,0.5275644318691695,0.0,0.9647006518003901,0.5468504762903185,0.2888700934485499,0.4523156695545097,0.815253332543648,0.7175098141178474,1.0,0.6644846951553319,0.3619726519073426,0.6398381766305069,0.24367076410398456,0.7116308675288481,0.4166587376071139,0.37981137073443244,0.7373153346365755,0.634000007483596,0.5660237386936586
qry_ffdd9c3c71c6790b,0.06631921918810132,0.6571381890661585,0.7285629547071624,0.11920299279100324,0.8897758258061736,0.40248400190682626,1.0,0.2150260487943641,0.4284033945145228,0.5171296895793462,0.07576822772770297,0.0,0.9393502122882145,0.734184518079974,0.9309613293251534,0.6388482199273267,0.8085848530845606,0.8320915788352657,0.9939533137921256,0.5776758523556971
qry_1a9375436980647e,0.7406358724473437,0.0,0.3550775013531338,0.5935553490309876,0.49183596404764923,0.3719515756228131,0.4349612842983492,0.7592674690577454,0.8709717471167759,0.6903999908492805,0.5059570503211738,1.0,0.5449514728283178,0.3717749111850563,0.6178809827660892,0.8736574680091342,0.20900676032860957,0.2677060756338298,0.6375961364088988,0.20128619803805287
qry_d40ce0ee0f81353f,0.12356669337748263,0.46385560619503,0.0,0.01568736768120564,0.5376656994674285,0.3138864139334535,0.6406680656353423,0.6258452427899487,0.348167692685408,0.25578123937302394,0.21092494938656622,1.0,0.20612684067454143,0.9092825361735959,0.09624904311624385,0.77907039662994,0.3113966801266771,0.34373442778012786,0.6533690082971708,0.4073243531862427
qry_164a6b4196a7b18e,0.546761292340408,0.517566488096059,0.3372795671954514,0.43728569515366544,0.16025534700885377,0.9548239793476426,0.36032173084670016,0.8144570009196677,0.8858856152742988,0.6350078998885272,0.1484236955625659,0.8795392361417022,0.38641086977552724,0.6245872690871684,0.45283733076132054,0.0,0.16741451810843216,0.22550050248318934,0.4402083494478592,1.0
qry_aa18605ebeb632f7,0.21559478379712574,0.9291289975735342,1.0,0.6225442869652131,0.5542963103965017,0.37021608067394884,0.0,0.45651673231493367,0.7197074448151837,0.5297137248239122,0.09144729761329597,0.9202307204928879,0.36971021896557743,0.6102101875297046,0.40076696307331927,0.2757880540060821,0.5125640700916498,0.5708335406404745,0.7105285179590138,0.43856874248104444
qry_44a97b3fa1c252dd,0.5123868681876352,0.9218181780351755,0.5291529117381553,0.9554023455319657,0.29682119412703506,0.9586865312794296,0.7721947630371169,0.7903352121062317,0.5675770697105414,0.8718175141659447,0.8758083826428029,0.9192958183002792,0.07717228026114553,0.0,0.6326514947375587,0.2758610639437019,0.9449151347112223,0.7130639565946416,0.8251659683775384,1.0
qry_8e48420953bde226,0.9346563513390204,0.9619406259943384,0.9557364277796699,0.0,0.3221925802508191,0.7020763128071976,0.2544492682361217,0.7707827036905721,0.03879753571878517,0.33647210714885845,0.1508589358913171,0.6306045656225834,0.17900662430962305,0.06130303066073083,0.5991540940956084,1.0,0.1758144382998893,0.32178929082755525,0.6630383111449392,0.024221614611549345
qry_85109c385dfc0362,0.35287923180422526,0.8735298638346057,0.0,0.6581953301833422,0.7095673298892046,0.9196349053211451,0.19252868657026734,0.46341827148347314,0.5124860525496345,0.556991926477702,0.4189558649251299,0.4202464363959982,0.4181568827241078,0.6733051663034245,0.5185435235820419,0.8245076225032751,1.0,0.5476207187500377,0.1491714046566102,0.8106986419483675
qry_3fc31174b50b5e07,0.06717447658062378,0.9413603882689312,0.6004335433119559,0.4795867815721947,0.5475189333771404,0.5708628003901993,0.9723916809972013,0.615460344005445,0.8438074807684693,0.12232389168637306,0.0,0.5419274203518998,0.5804014185759511,0.2383574316959463,0.78409827781692,0.23416150033282776,1.0,0.43389948813450885,0.16206024054728943,0.91224914059696
qry_1abeae4fdcca44d5,0.8984942521036665,0.5600223066010449,0.43162379705441684,0.605570474245124,0.0,0.7120661817656323,0.4028132226271639,0.5329105011041844,0.965368545259289,0.6939732349917035,0.9559191867306929,0.6290419937497418,0.6956957403228344,0.9013797487389565,0.6599850379254437,0.35389295624836364,0.8709790259678067,1.0,0.7784317568411803,0.8908996672987954
qry_996aadb13ef1f7e3,0.24211718521214473,0.7168368411884101,0.7065709445680957,0.3597400840017569,0.6241290398192626,0.4648593096135298,0.4766793219234105,0.4859448756830712,0.877194482463665,0.0,0.49149312944241413,0.4542132803535746,1.0,0.21659046050092692,0.6482837616549312,0.7707271680450996,0.1439396587744709,0.8696573732908656,0.498933980041147,0.6071612576497183
qry_4c3e9cb8ef83f02b,0.7236425934082175,1.0,0.33371694914063865,0.0,0.5239619889127514,0.29004898447017985,0.9747068760399579,0.4104017412557553,0.5776084433611289,0.7304915247113678,0.22064155560655968,0.5700706747270583,0.9195477797825554,0.2379819798801335,0.6243312284334294,0.470814438863156,0.5265306818040201,0.7878530814418155,0.7966545636025943,0.7211300582662854
qry_b95141e6a89a155a,0.0,0.8969931233236736,0.9536703384309214,0.9116514018855559,0.11231071525212594,0.3105585507027746,0.2623827030564748,0.07566906280493264,0.49492510494718794,0.8977438890821069,0.9348735095494415,0.7500426739971963,0.7583737842616523,0.6172332154868477,0.9093893436384218,1.0,0.49280880611194733,0.977708687635602,0.773421906413871,0.22621033264824503
qry_9a2a0159a7cce5b4,0.3180243790068582,0.5593455370484272,0.9306624853674801,0.1517714834776395,0.339133987410675,0.5591003085308757,0.0,0.5952459154336636,0.6799111029750554,0.19860334814288785,0.2150240185548304,0.1879499206007517,0.40210184230061374,0.6388418981536547,0.2951771284832196,1.0,0.6843809754401136,0.30838048205804264,0.9575851818411938,0.8396579077688491
qry_d275681d504e01e9,0.4810780558648148,0.11330831567562955,0.6751483186719383,0.32572276025303404,0.6574139758706767,0.14707871375978443,1.0,0.6488969459621496,0.12358076052256696,0.27283437790965953,0.0,0.31578572888892603,0.474011149853179,0.25932127424779433,0.8660028266555723,0.8917494686011419,0.3017983986993561,0.7952569803147761,0.4933946907595194,0.676743216131583
qry_84d336e16c807716,0.9113074229184941,0.4950830268954644,0.36505402893203187,0.0,0.5485741165671022,0.8986064052680474,0.571926580100535,0.9532377629510937,0.33284374130834204,0.997575178025311,0.5060177680040184,0.5340917280972941,0.3195247929747466,0.6724746423369409,0.7647913216263837,1.0,0.04377009059362669,0.7048071099706883,0.7740193971427803,0.24769669052784127
qry_1b776fc7e968b887,0.5031493375211228,0.031738694093630136,0.40658639484713843,0.4467609521341309,0.15788779168136496,0.2756879052834734,0.6106340895897542,0.0,0.13038512851424724,0.20465631590001906,1.0,0.09377566832101997,0.04721439177401603,0.7489026644974287,0.5657003277347561,0.2148129382043937,0.11827326834784907,0.2161513073885443,0.5876398038259402,0.4875716631741118
qry_ac2d498fbae299bf,0.8666118217613047,0.5638379759756642,0.261257007577653,1.0,0.4352540288778662,0.16230709449837352,0.49372603024926376,0.42353495596119844,0.8183176581132687,0.45820221548047035,0.6890221368606229,0.22774845853367098,0.7495174309661693,0.3550477667055428,0.539716125093383,0.43343959195594906,0.0,0.7480498706411121,0.8396845077321475,0.49187180201444264
qry_b7193c800ddd6204,0.04343104101729246,0.9803799980196631,0.12020410599623903,0.5088247752333276,0.4494413248929289,0.556155995089443,0.3233031914089303,0.16534199202578098,0.9841550505201638,0.5338676120101163,0.11461531071197738,0.353343103250937,0.4823390396635226,0.7075308387549296,0.63047705919815,0.8540054398561601,0.42485198851469486,0.554888084402473,1.0,0.0
qry_148ab3ca28b8fd0c,0.2570402646062331,0.8709719423396244,0.6472804316367745,0.2805846951738308,0.0,0.43136275456126205,0.43050926115773974,0.42432608909454883,0.459440359017469,0.47052651330782874,1.0,0.5551113373322463,0.20864666447734684,0.8399401024183777,0.36968422496232667,0.8479631649602183,0.7479113451993696,0.3512242736573206,0.9902102681447413,0.5396188826487271
qry_96621de736d6b890,0.16322759366049308,0.0,0.5461976843799087,0.10180851996739441,1.0,0.9883206486792714,0.9336656096882409,0.9144577574276571,0.16613389213940039,0.32933578934868757,0.6404421028313332,0.9239410293609921,0.9967147045400299,0.2811051729165603,0.18608231645914133,0.8788593765890622,0.9760551596288493,0.8181652960021116,0.9241978255045186,0.585019063967358
qry_b88398673d3e66ce,0.8462920021253632,0.32904086825065654,0.5098108279075135,0.5472515373492048,0.0,0.4140978001055966,0.5138642865224252,0.8815028656782286,0.27294575285455314,0.7013245322303572,0.9648082530553201,0.1278691985957492,0.8543777333481047,0.804194273968885,0.4554588946097492,0.07229392332014588,0.19243014247406434,1.0,0.33073389835867,0.8483400899240497
qry_b48b90dfaf70bec4,0.8284154501680625,0.40655764435270986,0.04482794737342511,0.6777134371473028,0.09445773396481028,0.31217033604040945,0.7081785620419345,0.7100485565455847,0.5961573524584178,0.9174737288349522,0.6343207934591171,0.48538334898852625,1.0,0.5050179218982411,0.5961328651056501,0.0,0.5580716242379065,0.3317873860557539,0.2560181759894707,0.7838534581541705
qry_4ecbeb5721a5f842,0.206435477850729,0.09804237980792195,0.4777600294128696,0.9223817593916543,0.8885057467194512,0.14893681992871208,0.888377316925234,0.18335108000591263,0.10415040235438616,0.5101531232361712,0.21305638605922775,1.0,0.3397997769608722,0.5891699919481027,0.25371120784849294,0.0,0.5489353063394966,0.21594315622534296,0.1369578781497708,0.7703784875240756
qry_8dd6b985ac59462d,0.4210956300358495,0.918160980122978,0.7878688836126636,0.9906185988531656,0.9939089903978371,0.7987003635181288,0.6050374343111786,1.0,0.44142148019154653,0.6054704054915816,0.9626917917344162,0.9374505259092769,0.4934634856841965,0.0,0.6609388124031097,0.713566436095418,0.517910600577021,0.24299205647274888,0.5179716160761354,0.723228621051763
qry_9429994ab51832c6,0.15999382828871156,0.3153167218293122,0.41389488382981904,0.36569132681836797,0.30470111934314986,0.4471184809552838,0.09736869368282111,0.5753048393939485,0.475845638228676,0.47966120200463164,0.0,0.8265180421265285,0.5245885975504414,0.053988218381707954,0.6546824600869096,0.7182001273261491,0.7920024853341117,0.369988502604756,1.0,0.009810579618167095
qry_e4867b5d6e1980e4,0.5976803065829149,0.15386719943970398,0.9364497039724508,0.8692290353662456,0.49688772147252014,0.7574027987361729,0.8629637681481459,0.6690289012675983,0.5141139983348528,0.5349372071667939,0.7487532828113763,0.6153152195128344,0.0,0.15499233183610703,1.0,0.5684474138343276,0.6580873197933109,0.04681191961783221,0.8200621831749177,0.5817710945253405
qry_f64a1a3e643b1505,0.6224276236005608,0.0,0.5694538609942227,0.3951516931962293,0.5245250603946815,0.22621309631282455,0.46011168290379295,0.8177166145069108,0.6389490967040335,0.05103514984657666,0.8350654951353356,0.4577081275690772,0.1574791699146123,0.4020127534134813,1.0,0.5463149559111514,0.36852714879468007,0.11932893953837753,0.15240552049797923,0.05215957124999102
qry_e8402af8f3eb5c7b,0.19469110870678386,0.6338747158845153,0.9298907908816759,1.0,0.0,0.1821961236320604,0.6530928408951977,0.9243021391497629,0.9269568535448246,0.7542289666279381,0.9374217187198488,0.33533157215941767,0.421291990779761,0.7342279524418986,0.4941514972410458,0.9147510067694925,0.7437411719916897,0.26851905516583674,0.5247030350052327,0.8158990852984225
qry_2fc5cf3be671221f,0.7119022946348719,0.7059135494025128,0.4291999560306907,0.7689630442261985,0.1959252586975694,0.8164017854763816,0.8912314638044743,0.2637002452602669,0.9489816990759368,0.4890187031572499,0.00966093860552784,0.0,0.8797828582897681,0.35560073018718935,0.8605061790050931,0.37175133413807093,1.0,0.9637486327392257,0.5273163325846536,0.8350469338644806
qry_83d20d39035e3789,0.599054413742698,0.23710525201779692,0.5307590483580668,0.23644205022189413,0.609086109863864,0.0,0.6862220107361612,0.735910433709653,0.5779559373923948,0.28172218803628546,0.4385834650801045,0.7685116081549237,1.0,0.6072421970106899,0.29089555430900116,0.5595608101539686,0.30448218263530297,0.5156713906221946,0.4120167880512006,0.4160343913271305
qry_5865abce8cd53878,0.24769711618972534,0.3032176492305547,0.3310157621440715,0.7745281709941599,0.12290080464654178,0.7082754553494549,0.2383362249883113,0.33414968667544825,0.30269431359222754,0.4111745081611757,0.8007967837879564,0.0,0.10867951256930435,1.0,0.3093557977589127,0.32922867971152436,0.9253594043254783,0.7724205971028743,0.9468130682424974,0.5465483142929062
qry_72762d77cf04f1dd,0.7242380348163178,0.1875938041864391,0.9025377206663312,0.17020964813434292,0.10636909922275863,0.32919607944686174,0.0,0.6668748765603478,0.22652539904564337,0.7094275070396553,0.1406243095953176,0.005742839330503729,0.5286744715563133,0.7565841439230389,0.9808014533906897,0.4281654006609447,0.12211633805723365,0.33686217462441737,1.0,0.9831832893655389
qry_6b34063d88ad7566,0.09017905480172941,0.765972534658659,0.7494820420723346,0.756772036725807,0.6130995852827843,0.3789111109882564,0.10157952908311677,0.24611630407329083,1.0,0.7483680985352552,0.6117293566824937,0.9652184212423399,0.5327104030975284,0.0,0.15680067161910813,0.22075495352979396,0.6729544884048366,0.6767576993566539,0.9378386900525195,0.3509012942211831
qry_216883cda88d8c51,0.5087777373240372,0.6712833525936898,0.5340797770816933,1.0,0.8309054046511375,0.5876265541893811,0.2765057778097084,0.9246246163480213,0.5798235389379754,0.5864191776777755,0.6196052691457609,0.6393616367122268,0.910598736242822,0.3196910342406093,0.4061829121558304,0.0,0.4448651026436901,0.65751008811087,0.7127517141429173,0.8006969829624173
qry_b146284421aa3faf,0.03819985764436895,0.7863617830862982,0.7542635057701328,0.3370044197207174,0.8170768383358887,0.6864009063619525,0.8435539291324976,0.11436142203423892,1.0,0.6776124688430268,0.2915251312724068,0.4307758536776718,0.516192973572152,0.6933919557147158,0.5198182371132793,0.87457594160234,0.4976271022503451,0.0,0.39150051717467194,0.4333047960576921
qry_7ebd969683c95163,0.37860161573011153,0.4367810614811837,0.7584331911259643,0.48388588225312734,0.535681315827386,0.4648494712888863,0.0,0.3694165510558352,0.35956435342644144,0.5758668195463648,1.0,0.6574880696665873,0.4489267105705557,0.522227566703748,0.4731869680843554,0.23737347066819045,0.9201527838412511,0.29039981893109584,0.7746431359746896,0.9998390878974887
qry_da51c46049e0c5ea,1.0,0.6358152080289879,0.5674631736264135,0.5330828758880173,0.8667030484058093,0.2298987917303257,0.5054021778542234,0.4828593787229062,0.7220040550448706,0.9517008651086548,0.8527928095827989,0.9199346643369314,0.5861880203071872,0.9620668997335435,0.8045301878997287,0.3520567168953793,0.6897724020031787,0.19103332994190997,0.5160506956994515,0.0
qry_fcef9a3cc4cc35bc,0.26002817148860974,0.43606776756763527,0.7162781978855598,0.5947135589390887,0.42217880347398196,0.4338953714834356,0.22475319018658443,0.7378242294928276,0.0,0.8043152556920958,0.12938004057350136,0.4725372996072409,0.7366509743458308,0.5303186996162057,0.593072527921274,1.0,0.018491391491442598,0.5637242157233824,0.6801396134344911,0.6719098138638235
qry_eef239a2f1962bd9,0.29115774452919163,0.010980545886796866,0.0,0.7228749372677098,0.2561357945642831,0.8424814591734793,0.25967261489906385,0.27045521696565,0.4905630610321765,0.5341159643288631,0.49946367994757757,0.5922721455663927,0.8178233191171758,1.0,0.2746214722324398,0.3880470670095709,0.02519365619267548,0.45472627386618325,0.7595896534682871,0.7955675070303606
qry_03a0cca069bdd9aa,0.6394979551959845,0.5796105381278334,0.8688039873909497,0.21538825543782475,0.1879384153236451,0.6177852697024925,0.39915489181342834,0.5658917428359918,0.4394989432125063,0.6351304362723306,0.13239463096288412,0.2734300037472016,0.4025116851226885,0.49368915127963625,0.8958484623323449,0.024181828947081093,0.5522943224539709,0.023457842715055893,1.0,0.0
qry_630e0fc7b01b8aca,0.4866895218025448,0.2332682142438584,0.47015755707260287,0.5968817095287401,0.9637233946459937,0.28722995621855624,1.0,0.7990696058745476,0.9581608735257557,0.5641848245786278,0.7073933205366206,0.5290499376751719,0.8538951361388424,0.41770551011208984,0.0,0.5034990761952165,0.37149137228062346,0.6217911589954768,0.5060054702570519,0.7159568793327399
qry_f9df1a29f829bd66,0.08770531374051993,0.7762719777973848,0.0,0.569243920734413,0.9519659103973188,0.6191218257900708,0.0795155963824769,0.9902609661171748,0.4418021401895216,0.8981849537525888,0.7407177725886239,0.48360536882764166,0.2536277240638332,1.0,0.14004656332684562,0.6694865291055039,0.9309558243444358,0.12456745243337393,0.9027817170495641,0.5290896605711239
qry_453dd4525f74a0da,1.0,0.7223286231846324,0.8849700435563103,0.6635177857886916,0.20640399413874133,0.4923633973934402,0.31036753176203397,0.781651275609629,0.4098845238061255,0.02191800720878281,0.9161915626092858,0.8181612736193355,0.7630136888488847,0.1283764333221302,0.0,0.09792053295033583,0.8433620420575737,0.9347133369133711,0.8127190512102079,0.22536234572979708
qry_8db205d77d7f680e,0.250643306579352,0.8110126700720328,0.7907426381818798,0.741650949780548,0.06747823658233934,0.7585594368263611,0.9890938123136362,0.08368483999936305,0.01295487079713205,0.374319089537428,0.634522715088925,0.0,0.6037660730573048,0.3166192923518605,0.5490649596260535,0.4960862229487904,0.5494570501036027,0.3266238427999465,0.3837406504759243,1.0
qry_124b4eb12db1bbca,0.26704517700584174,0.48521478692755704,0.5373961829592048,0.10958124154796009,0.7774326663082829,0.5641386926507761,0.07372558627450503,1.0,0.09966008628923335,0.38493548120047744,0.3331708780015277,0.21440094314913474,0.0,0.4572942201513008,0.9777122745850119,0.04006725650327547,0.7947322213046034,0.05043138427354247,0.6252377549386074,0.19467246986467554
qry_b90cf4957435c8b1,0.9158729503895042,1.0,0.49208312464592296,0.4223200634955057,0.2633159386785857,0.46158697436547885,0.4679973092337648,0.1041505818696143,0.23649011100640627,0.4907902062990045,0.8143034475696084,0.4087870013500833,0.6825744683089694,0.2591187389606315,0.6905124388225217,0.8317846818547795,0.5202748332108754,0.0,0.16788672314454664,0.5281325995025625
qry_6f58c99c5eff463e,0.4143000314029553,0.7697835565158768,0.3069887329514932,0.35059983635948555,0.0890548471928241,0.20676988380697414,0.2856594931517971,0.4090861846662139,1.0,0.5794109677232232,0.8402661549945234,0.1565980516245182,0.11974073395981351,0.8626988043179661,0.4979336417032394,0.0,0.13444536383329753,0.949515217650405,0.27529458853026945,0.5398671244497844
qry_f0a3dfaceb61bb39,0.758089438821313,0.18962508451392923,0.8641822419418024,0.33562166177123987,0.4132195729469479,0.31828364578085433,0.7232846153635636,0.15996689262017688,0.8212301729811762,0.18755078680782977,0.7305071026125198,1.0,0.0,0.4877361730702517,0.640562570113988,0.5193752986562965,0.3925882156427181,0.8911113250727067,0.6978800163342523,0.05651044105634584
qry_08320cfc3592220b,1.0,0.8228966712882685,0.521550266830431,0.8657582497705585,0.8246535710985711,0.8745543460321138,0.4926547693604138,0.7042781013657571,0.7053281824000314,0.8454296140709778,0.836699947138262,0.7087337002400554,0.3625884268047636,0.9476608364024594,0.6175168484742481,0.6233052402039613,0.7861482496900588,0.0,0.1387252794497489,0.2743054418175382
qry_58eb5eef174d2af6,0.18449533104528404,0.19969284525632336,0.20515118255714127,0.04785113461920275,0.3619579536019382,0.2183051685548124,0.2494944636035289,0.3167431985227617,0.055190190384186,0.9873817125868277,0.20556960908174252,0.0,0.9550961598304372,0.008442539160444906,0.35158835202862504,0.17063536026540554,0.7241931217771039,1.0,0.47754211879167446,0.6727538499509996
qry_b4a84e1112a0d777,0.933070394182066,0.3388362888747218,0.5563682261668131,0.43876312105511256,0.9085432657579958,0.2243923040520783,0.9506339004052136,0.7173932624076547,0.687771915648523,0.6280717510294963,0.865032963333958,0.8764824994167103,0.8202919056524793,0.0,0.9634097091923859,1.0,0.8050096621830704,0.5369882991297356,0.8151376339260935,0.5091091187664589
qry_82d7a6c97e615014,0.7445687358075729,0.41324868672173243,0.4357452893740776,0.0,0.23606396205859265,0.5003685802344362,0.5919981180240582,0.7247164145375057,0.5338165097653355,0.8984443867429769,0.3694365229863877,0.43210130344806835,1.0,0.6922748198745139,0.6892557467629277,0.8654558589069493,0.9121966077596176,0.6793313042015736,0.30391859048718467,0.015775789363254984
qry_8f96d36906734b83,0.699302208152428,0.7437124328532392,0.5871429576013102,0.0,0.7968888796736389,0.4005502629046212,0.85648017772636,0.13449419468014345,0.4760387273988985,0.03542905174772168,0.4206156370163576,0.0255924687621791,0.3815199609159985,0.5124719058837527,0.456604316925085,0.044344661651928394,0.15744509591302672,0.2628497869950534,1.0,0.47758024110229375
qry_7f304b26722a87bf,0.35623987888222214,0.0,1.0,0.753399018584551,0.2997129217474519,0.7142442778867059,0.31019894072453896,0.031080670240824917,0.4164335655787677,0.5182680042116087,0.5463184341639866,0.6018660190098393,0.6257242672205339,0.029322562228640357,0.6625417740309746,0.3616819539320501,0.15264499526046554,0.6590064027784035,0.010292895804559426,0.25843522820888676
qry_ac18fb7d11712b73,0.589631206199739,0.5608961731420192,0.20187654496510005,1.0,0.6634379856984959,0.8201344264764616,0.0,0.9433188028750472,0.015422979697096667,0.5078476420926117,0.5740003987535157,0.1641814889780579,0.17508775879806218,0.148494345518349,0.1372638875153838,0.1599538504709426,0.7904111676494514,0.039624589503200795,0.6815822525058436,0.6686216369437118
qry_4c48fd50071863d1,0.40159823641354264,0.0044931310994418905,0.09352000429652116,0.05591707148529195,0.9954829519528514,0.5103977197351416,0.4714565080312991,0.31204678842081174,0.5051626667568788,0.07984068575762156,0.051193478877947646,0.3811906763555862,0.4155456682269885,1.0,0.5543470740417343,0.20842186425627499,0.62085465446889,0.48420095248317147,0.725804977656471,0.0
qry_dc65c16e6e8384be,0.40090465687863813,0.0,0.9180150364203674,0.6765265716340594,0.4683331004825245,0.7603309789305087,0.9722526079049802,0.9406565503821842,0.21189624803455137,0.690044209252228,0.014909710666282711,0.6093019417352113,0.5558651884193108,0.43559867294353516,0.8552197878878347,0.893240427444143,0.5657238834699105,0.7632864533779057,0.679000681249977,1.0
qry_911ad5e87f24d72c,0.3520940183159594,0.810043016204585,0.0,0.8073616406288276,0.5217877130909767,0.47814207939575926,0.4414104450883816,0.9566667905216462,0.7210962014691592,0.46234485147321874,0.870778756035531,1.0,0.4966081486897404,0.6307769631108052,0.8366432629794556,0.7226809828670684,0.9043431593883063,0.747628322259314,0.7620020092809532,0.7516425390017585
qry_f235d0f174857fbc,0.7844623106483675,0.2209687157515627,0.9174478483608615,0.7011394563336236,0.7525618562628017,0.7290227816928707,0.9286387574779222,0.6952270667545598,0.7584910495175113,0.749408371028464,0.6111849169827533,0.35870094169487027,0.0,0.7300148504994224,0.8231471119544385,1.0,0.25820303328305616,0.9702469571875261,0.8894469146082575,0.6957311317680933
qry_cdcb064950d53978,0.4330704948334592,0.19382618079529906,0.8400031580698849,0.760001312817322,0.22021921912736733,0.9888873759695951,0.5885860197665245,0.533197769839301,0.824357738381251,1.0,0.7861366266374031,0.8439935974290239,0.9618225957180238,0.36634273038668097,0.0,0.5531673971714479,0.03888638816486072,0.798641225308677,0.6042378959736167,0.16804616277078932
qry_6e9a52231e06eabc,0.5420769230061715,0.8855046289860884,0.4467406635318652,0.6392423272545321,0.34297716962236235,0.5868219719427576,0.9540305057780468,0.8147658197171561,0.25543961014796546,1.0,0.2971499618258343,0.9121182630245027,0.9332139035972568,0.6864022230847443,0.9203118911681659,0.0,0.16228843076455154,0.61529082008343,0.281678764171274,0.9448767025923928
qry_ed655eeef663b3e8,0.9535953066831054,0.3949396846674813,0.229592855045271,1.0,0.9312729106761785,0.2915036128824493,0.2878861074070747,0.8458454218169026,0.8773520390870886,0.1995665348218518,0.1710915706133348,0.0,0.08880906348470032,0.6957970048505795,0.7014901312642082,0.2080913984946414,0.48638302697458474,0.1308277936269505,0.793733608318821,0.5034173072121318
qry_e227776edf7b5ecc,0.42522929801828974,0.7812058662604147,0.5607861930511899,0.5725884917607464,0.7056427767711584,0.6302979400498393,0.7315837345590548,0.9657896676326133,0.7694375362565397,0.9468671150226302,0.4220147647019899,0.0,0.6766019306980634,0.09379101913266209,0.6693459432774933,0.782061958430118,0.23284478153105564,1.0,0.9333429685268346,0.16483672794423937
qry_18e34dbff8ca39b4,0.17651654336521858,0.6504031631247477,0.8734483381582551,0.026347009905193137,0.5529335648280702,0.1793363619359582,0.3856339828820144,0.5127832439032259,0.0,0.3011388164633871,0.10116785587831567,0.5652507669020785,0.25422306977641296,0.21550727963418287,0.11271147714848127,0.419058294302847,0.4133434586857466,0.09235648457929621,1.0,0.8369457528969029
qry_869944a4ceb5e087,0.008838226207458324,0.8557618073495711,0.6213460899738165,0.7900563496144215,0.7642006469144604,0.04027976640588237,0.3391969336152643,0.9552727669419756,0.4507393984051921,1.0,0.5240484054515853,0.0,0.5524171389830315,0.5310923295791389,0.43362218417879866,0.8798621672959124,0.8460722619192916,0.19900292189206076,0.47286523055493357,0.48645012200243914
qry_11f5c5008b4700f5,0.20814177506574674,0.2700535623102396,0.08635902353585193,0.8578701468203636,0.6879722636740823,0.47281107208158524,0.836047474978817,0.0,0.28475003476659966,0.3735580771873887,1.0,0.9068028760483395,0.4552082034955577,0.6498088965093567,0.7677516550855469,0.6358395199945883,0.35718620841633675,0.8416197004257908,0.5713060411878422,0.3511847820389355
qry_b5b14f568ea58436,0.9904448790974915,0.22244585606924258,0.7733871839335517,0.8552956140178674,0.08955696688530505,0.934965791908423,0.8723923708963308,0.7233852148678953,0.0,0.7497328952771067,0.4180204039254651,0.7203397338916708,0.40851890794363527,0.13661209021006074,1.0,0.2062342333492675,0.7849961841792478,0.16365191893176237,0.877219587669945,0.25386528076522097
qry_bf1fba46666d932b,0.8050664936259491,0.6118201975030526,0.44644600585213484,0.7815901006806157,0.3097961692973163,0.0,0.5119013659519336,0.7749507519908798,0.5944289324602371,0.4536146122279208,0.5348271467279385,0.4303165646047507,0.7017840001972933,0.3747101448634602,0.803454032655219,1.0,0.4529759984669259,0.617438484124323,0.6326412345462542,0.19333467807794533
qry_ee1788d731d9b01c,0.6917130626598084,0.5734883946282575,1.0,0.4063767323172845,0.7472287214392114,0.6033491654839501,0.0,0.8252324508181558,0.6458144024317781,0.8163877960544685,0.489305486893744,0.4662489496560587,0.9756170918060506,0.6805942600483111,0.78429339348453,0.88077919491684,0.06832969581001912,0.5793188963810134,0.7312872964299313,0.44633423812790074
qry_c753e94c0177b2f3,0.19175009170003662,0.9201616266404866,0.6567876110011652,0.4826045376670658,0.3444130170398333,0.06403169382298013,0.8830163021890515,0.5112309286262238,0.710542595056737,0.30534706100847736,0.350261608686662,0.46603470159538934,0.3820508550168562,0.29576343343706685,0.5990168987509427,0.5632158588049844,1.0,0.0,0.3238439692958163,0.40401980452291447
qry_d25442171213503d,0.32435453072367554,0.38111429401952984,1.0,0.2003641641828787,0.6435001789488395,0.7365429316591737,0.7536232163963821,0.40839301775280906,0.549499972263986,0.6067431610978437,0.4541343670434106,0.6565098428063989,0.8660867619781761,0.8575006231233783,0.21541777784364805,0.15156137619870308,0.7547023329468885,0.9737472924560363,0.7517748690584769,0.0
qry_fea37d5ee410600b,0.40706334120490556,0.33334590960824173,0.29466129288901344,0.4437689308075529,0.10280850301339658,0.2622159628890878,0.6328483043030594,0.004456904366114654,0.029097020937665027,1.0,0.6195827161428004,0.33937675256178007,0.1738369802249266,0.3592074249876611,0.0,0.4636932114563348,0.8071022844661245,0.5901160012110299,0.3680046337272332,0.5285480129395278
qry_bdb4230c4746a40b,1.0,0.547755030356935,0.44300230762642756,0.8582110859438128,0.42766131711169786,0.16996211742403203,0.34235499643819983,0.3207467749100311,0.570634299145329,0.8357407357982104,0.0,0.10868446460031772,0.4103352313650427,0.6183164745845933,0.8452358236307628,0.7575314703688971,0.9111618058435759,0.45955525307528733,0.02243810154401359,0.05998132850378944
qry_d0c6d309447fd6f2,0.557798334669162,0.751263752395644,0.5722544254299633,0.7617006102183668,0.4789462172646577,0.2694924077397986,0.10584187191151348,0.37089047537907255,0.30493903106777137,0.3607407737051842,0.38452568232532386,1.0,0.6020820648260288,0.14248299989645638,0.5992161527607255,0.0,0.5453614652764968,0.5052315601160333,0.5760534309386224,0.6609614770171875
qry_bcae3fefe8fe967e,0.0,0.10658784508035578,0.3535133743787986,0.703504519840818,0.36064082979931517,0.20946836863366547,0.16592378264917285,0.24306172877557994,0.32643417317154527,0.003307482403420639,0.2581145644843206,0.15243785251685998,0.4892789259193709,0.9120321470260723,1.0,0.3960794036690243,0.1573910790192116,0.3398144737179619,0.4102328027476841,0.12781830310411152
qry_49dda0f45f165a48,0.700173823743075,0.0,0.7208583416912185,0.4364808259367405,0.6706385336193663,0.47312413717491014,0.32923406605877314,0.5898622405768859,0.6930264616402899,0.2280244713755033,0.30149466864215274,0.16458158744896695,0.43273876503301756,0.4901752200234343,0.10812192053932572,0.5236055454611599,0.356177262937511,0.43942568348644134,0.7641276375812368,1.0
qry_851b16def441019a,0.8604238184805175,0.02867373032764154,0.0,0.4031090696506156,0.14647831290455818,0.016384571812738738,0.7627132264991877,0.3349216429265713,0.9290754397542148,0.7537726523335458,0.9432503732113516,0.3067373184953109,0.6237339361950603,0.2847221044258577,0.9293996224128412,0.7858278674852067,1.0,0.6806815536521094,0.8871791181553381,0.5823302417336864
qry_526174d92f5b4906,0.08896081311342864,1.0,0.4427750042959392,0.3307940526951048,0.6921849663796872,0.5069345901121933,0.8821072349395113,0.5368540322590639,0.5867492651970743,0.29631020508284767,0.6935472288635832,0.8880691851189721,0.5131436053510001,0.4045398927493523,0.0,0.8360323877020398,0.6513978675237333,0.5732590062732004,0.22162013430298702,0.4465258335243176
qry_1a14573ceca23ea4,0.4789466857447253,0.5302428537868068,0.9721083003507714,0.2572976949734571,0.0,0.677701402889629,0.9342362990304582,0.5478570007452095,0.9802507726599162,0.9810033574500769,0.8681869419150033,0.17992542084441757,0.5348592877961648,0.985631079973316,0.7226472316354774,0.671628382544291,1.0,0.6260758841807285,0.9926004574076358,0.7769510215389249
qry_d74d9a9094f3ea30,0.6002045924779422,0.8824396003358881,0.9169430321132744,0.6532869076168568,0.48606586298393534,1.0,0.3073063265313074,0.6063995957626858,0.5882587875966101,0.8100884789142113,0.9040072576563285,0.0,0.9691198859973715,0.15219435391443795,0.5129420404782417,0.9552635933005031,0.9672752084895643,0.7835336558455914,0.7166364818789962,0.07895782904804002
qry_5241e7643a34bc56,0.986848169560923,0.5024795309400331,0.6577093086822958,0.630547954260948,0.5437777994818608,0.7665754808234995,0.42226459547440787,0.45571563967272516,0.4942841218753893,0.9481050084737597,0.9116096604775304,0.5875508050495308,0.0,0.9325630436222097,1.0,0.3914415028356475,0.5214500927327457,0.6025937052158059,0.6271978984819214,0.6068573679047236
qry_78fb585ce34ebc16,1.0,0.6474402037596477,0.8335445361016981,0.0,0.9212527040291643,0.4293991625785127,0.44233744868699326,0.40898940964827185,0.43330510596868865,0.6461681717613023,0.46219061766594616,0.5372777613354175,0.7926341732112271,0.9406542843257503,0.14608719905641043,0.5313102846528815,0.5577870662415612,0.37350442335410133,0.42988740033586487,0.42820651608801685
qry_ecd11a10e005a0b2,0.830425889454085,0.7469692852518166,0.5480502088276852,0.3685409490252221,0.8909367815334144,0.5517759379380716,0.1370819080832162,0.4298834790829503,0.4129508359732554,0.842980206402104,0.8290004078685702,0.38268324970160805,0.0,0.36176829605910976,0.9103081390672484,1.0,0.30561815658726654,0.6057776627046869,0.9598389901424402,0.6069304338953357
qry_7be75c6b6fd321e7,0.21931134246831505,0.8537360695730074,0.27914539766977625,0.721882915653606,0.6741296039416544,0.5806345982686921,0.40412041513042785,0.3348113543005979,0.2798949878699695,1.0,0.0,0.4671279996217,0.5439066175564256,0.7557692290098212,0.9270336889846105,0.1724671708918428,0.8611496891021487,0.8345428912626401,0.37566265416411854,0.8599441185566733
qry_22db2d656023f26c,0.0,0.7322495018004956,0.3467449792993352,0.9933612144525433,0.7475018769221772,0.6168538525797606,0.885564101131152,0.7326627133502924,0.7176659087436926,0.36501229046373856,0.7322856555512312,0.1517186928581974,0.8867333313631702,0.6280055859125493,0.42952330280183937,1.0,0.7982098110757418,0.4517719091252555,0.7766376734771314,0.915242121756713
qry_c487d6d04e513a25,0.0,1.0,0.5545800077111352,0.5632452699917477,0.9231854241557295,0.1475399624862895,0.1785420808604676,0.392214130123554,0.10647448691007341,0.6044915997370264,0.32356549335403173,0.7694794237992986,0.7426596927278585,0.8255374015041869,0.48967293559603337,0.3800411448870447,0.579113209661377,0.7287160700224676,0.9571209151940788,0.24782692718752347
qry_6b76fe6d2a94e889,0.5321944773172183,0.3661958328219671,0.28783660569521696,0.8099746829834715,1.0,0.2433356331646325,0.2919977496125769,0.0,0.22039147638403325,0.5581282337556074,0.4130978573394568,0.5987178979548224,0.9066503681178506,0.4674346349941025,0.5421284650495517,0.3418778674050455,0.47802225674221654,0.4604964628785647,0.5886918338531273,0.6029197111786216
qry_bb116de2d43b6eaa,0.5654088326810728,0.3545542224866604,0.39701646843315097,0.2794972268981381,0.02963373490628349,0.0,0.7694473904488252,0.17221242565930342,0.4012293898281821,0.6079940631173715,0.3535456818655623,0.6563842223871105,0.33114699317121365,0.7596085279436324,0.6545474961887329,1.0,0.699717127686484,0.8382177568330998,0.5312551892106959,0.6237458082533531
qry_6a0e05680dbb0942,0.8251263737617597,0.6163121553895139,0.6659571924113034,0.5952717379483152,1.0,0.9220452491491887,0.6473242272699735,0.7679374737575682,0.5693520424619071,0.545837292319615,0.8626772916873838,0.9587975137059276,0.7086323538650211,0.5794058192917313,0.7297320570990522,0.5481085322985533,0.5945144886848658,0.0,0.7935836929938392,0.7525198322008543
qry_7a6bcd7ab2f8b72e,1.0,0.15659938211811067,0.7398832958023713,0.6520393451494573,0.46094424041950954,0.4466992464520989,0.7250881211343266,0.0,0.2369606398715721,0.7831592587619395,0.6647656876386137,0.9018420156683213,0.7433079736812134,0.8701595135331203,0.2082379727626256,0.195835525245946,0.99356087002948,0.08845022958654909,0.34606762694452814,0.9497451319367296
qry_7a73d438cc207b29,0.6560405498859485,0.4250699771019101,0.8358785360802056,0.23642477061020092,0.6073500954357665,0.2236463030105288,1.0,0.6793612571032206,0.25653441483245215,0.4138991239119872,0.433813151630023,0.06163997749540196,0.9652262381703514,0.9958448908003714,0.2531862649174258,0.5022879947023814,0.7497218299839047,0.29284288165702,0.0,0.4868379964838873
qry_a4258f03271025c9,1.0,0.0,0.2811867358381,0.5314508199694181,0.19249736067582535,0.13727742392235373,0.11420761631645747,0.49903316584633084,0.3127648707104908,0.35608728619265223,0.6026863694933672,0.2665646898729299,0.7860348823788462,0.23903704754624555,0.15770501541379112,0.12761194780038015,0.3937142804842761,0.41882656846262434,0.874200238292236,0.05409410928282043
qry_bc7fcb99d9b82dcd,0.4790593386252741,0.4390656822912237,0.5482007041302559,0.1617061129001507,0.19215744591833844,0.4127786620715757,0.8543624433287633,0.05554983697156496,0.2665481296488824,0.4655342036827209,0.4685690884225927,0.7562809642401754,0.24960328563163814,0.24965507036119128,0.0,0.13509153936771545,0.15250553430812433,0.5582793956705566,0.49327061079016976,1.0
qry_44ec00783b3af930,0.0,0.9404363729850863,0.47758608483135345,0.3377093919688446,0.35803551934613254,0.2938044778780112,0.7143222088489947,0.4709442980555042,0.8636608298765875,0.7957138833857106,0.34179728073255067,0.5378918326548994,0.3199586273551514,0.20989067612702605,0.782161921241373,0.21472883782212815,1.0,0.6279047002255773,0.39048311338853164,0.8396410979826897
qry_e597e101a45c73eb,0.07666635332366523,0.44982414002411675,0.5518361157860999,0.07435079991772042,0.0,0.8964528975479992,0.14376040770643866,0.18109287570260224,0.7235542093714102,0.17759624591958972,0.5373354397135673,0.6263493840401927,0.5950048078109267,0.7062992517989166,0.29747174630479717,0.5916112229910239,0.7315755692229237,0.29822465591359526,0.6378191903079837,1.0
qry_5291a4952797610e,0.4562117937161614,0.5676645899087817,0.7608984824436169,0.25349056682881826,0.38958167256598064,0.7206079009911373,0.4873708333592355,0.6641408651479701,0.0,0.9788697942390525,0.7255041960094194,0.6303224058646685,1.0,0.9983647142184277,0.6113248130264843,0.8313987735055988,0.2963401957571877,0.6912522037476947,0.6279280052709527,0.5360788613645824
qry_543cda0c92ca5ec4,0.9499266383981014,0.0,0.331876019061375,0.2289374023798002,0.567252332580197,0.9447017410198697,0.38121673396247896,0.30987720755133147,0.9235336988540167,0.20343832362677464,0.5772241716782999,0.7161912888620833,0.30172828740468377,1.0,0.22912010566025964,0.6583830513573322,0.1827752237065232,0.24932782098101078,0.11613950702269993,0.30803663397119996
qry_a716bd8730fbd478,0.507215656438256,0.9886852028442732,0.4822710223014502,0.9776352797276109,0.0,0.254895859710118,0.40915788877836057,0.6017198670514825,0.3761388770085619,0.5839515889621607,1.0,0.720021515543282,0.06489975841272852,0.43387161892952575,0.5878938002183768,0.881285172704807,0.2504363524836491,0.9388144080162187,0.3375373806970206,0.3524063022735716
qry_f699cee55e4325f7,0.7389680175388504,0.0,0.8034451427512208,0.03508781604277018,0.10195065760462292,0.10686288127242166,1.0,0.5761970031318343,0.48460509812873603,0.43551732407183863,0.5861398159058079,0.1840353523522657,0.7793621182978794,0.5519493459516209,0.3215330777771526,0.6017185119442107,0.895977548192418,0.7889850107824703,0.24171783252896142,0.5856504235352332
qry_69fecc1be56641fa,0.21747221782709586,0.6029401904628731,0.14505683397986435,0.24281006484650822,0.7302876860593471,1.0,0.1472377718483478,0.0,0.42843983235049043,0.00266901247796135,0.27487439923804086,0.839139749769466,0.5385606574883463,0.424680091613814,0.20151824867964674,0.6515451732026228,0.7335125990974412,0.763348475388459,0.7623134880933049,0.570926815929926
qry_fe5053ce6e7ce24e,0.8930178722865612,0.5339387074317429,0.9230529634707623,0.6956128470613849,0.22024788718200425,0.6168871940619958,0.7673812824184906,0.9069470313490259,1.0,0.8320390247954434,0.9539077878354851,0.52159727756447,0.7939965636063254,0.9076750193412977,0.6683799030138039,0.4024012279353493,0.90091914214226,0.0,0.880785685667417,0.4989000708952565
qry_ebe38a95b5ec9566,0.6765879458096686,0.3106498664431736,0.0661871394838273,0.28708953758686373,0.1865404048098502,0.3700010359193036,0.20643494132401818,1.0,0.9113607392019863,0.7403514579695931,0.0,0.343350653531745,0.8508842634488284,0.8038728356233653,0.09414763635420885,0.021350620005929462,0.8344604580467843,0.6767321593858919,0.531401947525302,0.8906202003980481
qry_d357cd73a7995e43,0.5466515174468052,0.5590616282202383,0.33684202412682146,0.612488807742829,0.8799673860484779,0.4088630254914023,0.0,0.5575730403996074,0.8622536081061585,0.7494895654837479,0.4324579550303985,0.7003403051424782,1.0,0.5416363901789739,0.8127862120942271,0.03141277082848804,0.46296188408547767,0.7914399203187931,0.6555957038933327,0.7062571613921528
qry_f0fcfd27db890362,0.8865172805051407,0.7813774866016899,0.5577618980759236,0.761688332674321,0.05569227752782459,1.0,0.8942528922796447,0.41609015156721146,0.6093335346210185,0.4788531782219115,0.7642092431494792,0.377383989442241,0.5005391229615876,0.8564908003938082,0.0,0.9635449401359891,0.09783931326651388,0.9493611826941358,0.2345413237638569,0.8391700374741367
qry_eff1bd44073b71c5,0.3078753890488468,0.43697178489679084,0.5534663051518284,0.4963191136595285,0.8651055041294191,0.4224092404857774,0.8832084442142665,0.7090319680050862,0.1137948214004793,0.8339007627304484,0.0,0.19964365022235056,0.6363165004172338,0.5284861945167088,0.11601251734763388,0.9404728875323266,0.6802931367782138,0.8383468773122016,1.0,0.046817045094642004
qry_544408e711e13681,0.9718701958543231,0.5593669654532414,1.0,0.935033504322059,0.8662606101378575,0.0,0.8344753806192782,0.5751106304789658,0.9570322719155748,0.5119233614240625,0.785520724726575,0.8352502698878708,0.5404827823292876,0.49348740760451276,0.6557054530286615,0.39620449306660366,0.6027142057464558,0.3475072365910696,0.3885190027643526,0.9851437091692142
qry_14617e455b7a238b,0.12369989300018647,0.25055787795113144,0.12750743202317028,0.0,0.5402942099867304,0.28606146268370103,0.2040582770730145,0.368379574069911,1.0,0.9016850769932294,0.5348165340700495,0.7290396904749775,0.29602947269221036,0.16672652009767414,0.421784095595631,0.4467873429241709,0.12158569223377802,0.9018991627651483,0.5026679706724092,0.26391116574364626
qry_e15a82f7c8e830c7,0.8499541597251361,0.28998009414031994,0.9390063724070974,0.7842527938596899,0.8827918405958682,0.7118482620233797,0.5395081777897084,0.6694158323677598,0.5273278633791074,0.41610828595552085,0.9404322011969117,0.6451310203951408,1.0,0.34016192118107424,0.08864439732701991,0.8835965578221284,0.5879641302931404,0.9083393008043764,0.0,0.4697184017610544
qry_307f6eef6a421807,0.5941931732749707,0.5604853903403908,0.18842366555434692,1.0,0.13196516858214796,0.4073426232705682,0.34056280282507057,0.25340593246041687,0.7544044514208529,0.16057113131731893,0.0948475033778004,0.20127406092273634,0.48552130015224443,0.5354071178369406,0.46744586837779134,0.050999155223846446,0.2028209026898237,0.19701513720518482,0.18226007738313327,0.0
qry_e935e471659a1c72,0.9546883154354371,0.4850337556691064,0.3714816179555273,0.0,0.8371754511174424,0.9984165944246983,0.6962229908370698,1.0,0.9526510234724356,0.0903344200317203,0.26740249972797775,0.4841280843779549,0.40261520830596736,0.4871837992833881,0.005078305258580469,0.4018329544832372,0.10780185572415384,0.13401343395296858,0.5667386478123367,0.36691397635316375
qry_a58a9d7446784db6,0.45146300664240585,0.9822545554167724,0.8653079763077315,0.8910458161979751,0.5624534795719357,0.5956316858044586,0.42219135275501546,0.8402605127762887,0.3437908497447122,0.8343622247061294,0.0,1.0,0.7100313490632854,0.5582634667704055,0.6861153449880664,0.9478645726497884,0.11850590379230595,0.9230469090644973,0.8040747143830707,0.3252381709919105
qry_72998b7272b6dbfb,0.698675607618006,0.413937216635289,0.011090302474201763,0.724154359767397,0.8758179373729851,0.4794776637793478,0.30575555126283666,0.3106311201502583,0.6680453281384102,0.5789241497271069,0.8711323501087153,0.489064622150784,0.0,0.34797412723836313,0.36759040641938884,1.0,0.4932834900913342,0.9533881889597948,0.5301621229886128,0.12551485718314903
qry_9c99b98b6fb1b8c7,0.6809869996818105,0.8318527600236914,0.27664251099694803,0.47625692213870163,0.8207713505535091,0.794059297634236,0.690342304270205,0.9181768099148174,0.6053913864929537,0.02217670128201398,0.871474619000698,0.9932611861590892,0.8240276079004186,0.36803569056405866,0.5850145038082487,0.0,1.0,0.9382478590614346,0.23869391906040477,0.7998810373671148
qry_17c1f006cfa77dbf,0.665808608123867,0.42052114203535856,1.0,0.31797841139509736,0.6364934239773746,0.35602142237138995,0.0,0.7825363037517631,0.6318733309210329,0.5892187469988187,0.8467117922719807,0.38564499483972003,0.4720105208256706,0.9271095486527209,0.6135802734014785,0.7845966440627974,0.9696478871094021,0.6463976019667862,0.8487216891699823,0.928063915459995
qry_f34a36cfc923355f,1.0,0.6855814189405458,0.6742911131059438,0.7579864116621727,0.11685041285364318,0.753522119059454,0.38105049507651373,0.24527959060144366,0.5904674125393783,0.49209659975589,0.22632073518207668,0.43689100027380456,0.20029791279073178,0.8461076916704139,0.6659257222438011,0.4228186817277362,0.6435857406315283,0.3087065192147724,0.5473539755488815,0.0
qry_643914f7362265eb,0.26025197941419886,0.344763400911773,0.264383167131883,0.5912724376675949,1.0,0.3542648670305217,0.020976108737657494,0.10952935914007626,0.386239404519157,0.22489898191063024,0.29509869597780464,0.0,0.6628083905497401,0.7973366091504146,0.3516941460194291,0.6420722788236923,0.957215860694835,0.9612191431834556,0.9293640266113325,0.2530464100427905
qry_626857bda18195ce,0.5259696667865392,0.4634743275855517,0.6726820363491319,0.6595252942092944,0.0,0.08656102035944324,0.7368237159416358,0.261818618789836,0.4199036385716968,0.3468289427168849,0.9531589107498576,0.6527971174666057,0.9116399894394295,0.9437282626001637,0.3526851640821351,1.0,0.7828691390741698,0.458422143950663,0.4650855704432437,0.9596939508240381
qry_de2b8af9f13042ae,0.08371310195099056,0.631156857494659,0.5471515797691267,0.9745391849412189,0.09950223426689236,0.10420234470118579,0.0,0.26559869788782525,0.1449602656357494,0.4106317483628066,1.0,0.21034148991186238,0.25602751474499896,0.3359053122578937,0.5349816972322726,0.8171141417061974,0.9201088609928054,0.28630572650301245,0.9132532633041294,0.24197905131069908
qry_197960f538b4561d,0.16537123128026607,0.6379007152527707,0.6965444924884469,0.5613358555468554,0.6623771265273265,0.12757878663298994,0.13692296922600805,0.7138229884297066,0.5410208212547699,0.22462704632761327,0.4446930707431976,0.7673434860294908,0.0,0.7127333678431966,0.32714631436167024,0.8899081113465128,0.6589708257289084,1.0,0.5416620102522711,0.2948714688283416
qry_d97a1263f60d7255,0.7456057168283111,0.3220155229909496,0.15771276800809017,0.5776768394487859,0.4797793440541417,0.0,0.1449457546609981,1.0,0.47109970189511424,0.46952531703719946,0.40839456200118707,0.1575641973621502,0.4312962808558409,0.14374992192103803,0.3131441462159801,0.5978515241551549,0.49925574156958513,0.28769539778781,0.1597713584544197,0.3191065538403023
qry_d25960f799d6e2da,0.5758379665168923,0.8633127792320315,0.9410699399674102,0.5757809866817419,0.5661569713227455,0.5992856157122762,0.877272300392866,0.30541072666718305,0.4156449396330413,0.7717167914414473,0.28240782772604883,0.39185357417140776,0.564898389180798,0.7508643702606512,0.45517741079116625,0.6058497277461126,0.0,0.6320915219013113,1.0,0.452955451865081
qry_cfb46c4b4192b8f5,0.6837541284156812,0.2725810676677354,0.5999752727914192,0.6177477112561518,0.09149358784863393,0.3980647074280345,0.5255273741109511,0.4068466162442309,0.0,0.5713698947530943,0.8183295540074187,0.9496544078566036,0.5957084249161939,0.14595328746709427,0.1334067729230823,0.8695307472470607,1.0,0.02084865514025196,0.5101151315200158,0.6179117523085542
qry_2864b4815c705888,0.7059818903697751,0.6733992136851054,0.9711929401799948,0.4923678036130047,0.6401218923570783,0.8847368283319806,0.42600104615125894,0.945070554159825,0.6311443194788339,0.6902095426051946,0.6975325531801864,0.8171826683542172,1.0,0.2461242852299824,0.0,0.9869608777900347,0.49741305204143227,0.5379860310998599,0.6717496280254044,0.16830981965607575
qry_12d696ef13aaf499,0.7954318817136035,0.3356560541082261,0.7061267570118056,0.8361755142369992,0.5558998586608663,0.7995344228774351,0.5301333250584075,0.3454508424128583,1.0,0.8118874794146863,0.4049145650596897,0.5823569995092933,0.1941544602516117,0.5321556167543459,0.15160178750471678,0.6529510183535278,0.8422055186737806,0.5701681442996737,0.0,0.7605272096933224
qry_b3bd9f9443a768ee,0.8112202418855912,0.17645966107597932,0.7415583331907447,0.6223184902257607,0.8299360103488539,0.8270119459189175,0.457281481904564,0.7320278066995672,0.0,0.930008800505198,0.5792635428121659,0.11250855507623404,0.3151534731664783,0.6467795013475298,1.0,0.22339210402751533,0.9469327957412407,0.6107113008539243,0.4261188125429129,0.41466835607302993
qry_d4358e6cbaca6a9c,0.5067642427835143,0.24609228914632467,0.7339223974953754,0.5558585631027263,0.8333836821136158,0.40693875586086137,0.427145406617303,0.7554841687721816,1.0,0.824256385097971,0.4427081660633654,0.8730821812871556,0.21907549949435606,0.6606883490104153,0.8795678030388636,0.6611857930280742,0.0,0.9746679417959637,0.4317454295283548,0.6275724870474183
qry_02ea0317e289d873,0.5467863913099857,0.5221362845682206,0.6696575423046408,0.877453311806677,0.8397915125797986,0.0,0.3779462840306413,0.3034868652887403,0.454966724681153,0.09444659526712246,0.2926732062321955,0.35758795241485974,0.691613164909938,0.7778677566874052,0.2150509541883526,0.29476065615682123,1.0,0.8264460733161607,0.7956059293378052,0.5089142238254847
qry_79ec710e700a3000,0.6687058449579568,0.657647334725162,0.8182002462276202,0.7214980452854945,0.2316811857433849,0.8788638018101781,1.0,0.8368263058169507,0.7543601630819713,0.0,0.5310243589487127,0.7645482109528249,0.6762354958911645,0.9741573367956703,0.7825070579885463,0.006956503628756045,0.9157523060903535,0.47081842670198676,0.40350751002563057,0.9024997686692481
qry_c33c62bb1076fdb7,0.6201439058654895,0.6048463317353197,0.23324493274746616,0.511867117318001,0.6608318079810905,0.7268220593751461,0.9024854452936214,0.27684083257693576,0.6899485273221035,0.41460030126264585,0.21996741021810745,0.12121928205104725,0.0,0.7744723683372321,0.3913701481829937,0.7675879534555985,0.8534332392109246,1.0,0.23337362244794296,0.6680765159215566
qry_7227c94274fd74a1,0.4826638186183082,0.4995678800674806,0.603581457425502,0.7254541175020429,0.753083369061881,0.10081268631682296,0.4956955712378798,0.42868409079495645,0.0,0.12417191973435947,0.274706241252722,0.001213981281860213,0.23040889812979554,1.0,0.40356922960082037,0.7122439572374599,0.5416943176069958,0.35901830435123294,0.027913710508813513,0.8404267332673002
qry_f4204db8efd233a8,0.6040515743298345,0.2173125280805182,0.6095563284846683,0.14181182919268837,1.0,0.06975175404284913,0.48969822323699913,0.7862525365891317,0.6709860300369878,0.08511888156724795,0.36207247446775115,0.38055541493773176,0.8845793881510754,0.0,0.7561414051006111,0.06145496588268311,0.8055443009142731,0.22467577357371923,0.632375112494912,0.6074566672175269
qry_89133cc93c4f8f7c,0.9862530106290754,1.0,0.5358080099791266,0.9158651640459294,0.5456627432673397,0.17835958984421918,0.4637116329443627,0.458249474162868,0.2636817053706094,0.45908416651704137,0.5845026732434329,0.42874313023625593,0.0,0.8062366919957883,0.9218059698735536,0.5282872115381806,0.12480929631513059,0.2982500637466426,0.24064201274129365,0.591784923914061
qry_2a06c85dbbc75589,0.8121756549875703,0.48410965391022087,0.5197046750569216,1.0,0.858719233271598,0.13301277678102089,0.5471976649739284,0.32411382038238185,0.8834788977799559,0.6558593065991479,0.6401503861455513,0.6176722826661902,0.9684517949437662,0.45357193922090383,0.0,0.8275518973891085,0.7439381938842862,0.3685969745632,0.647764298736116,0.13915240258874603
qry_c770f2fc3e54df53,0.23531336999792188,0.5424750345452708,0.45236915069063977,0.2954815680759116,0.3595695502636615,0.26217996647931874,0.16049585619168116,0.21037005179454596,0.2276214254258301,1.0,0.18952771432845897,0.09569279343671643,0.03206708316639877,0.0,0.40206969632809236,0.0656624854009162,0.3735810623379862,0.0929343877701802,0.15951776654437502,0.40137993181134557
qry_17bddce2b9fa3103,1.0,0.5823243637092506,0.44987141815462195,0.20944682638225268,0.7333014083560636,0.07538050188349563,0.26990779263107817,0.7806259774704437,0.0,0.9002444627588043,0.4299917219498387,0.43671744422966113,0.8148552058115984,0.4969330476679336,0.06853111852970857,0.6944667763239993,0.40516845788262545,0.5999258547228096,0.619129735422912,0.02530808449377582
qry_d4adbef68d050698,0.9710305221156245,0.38825073218330053,0.580272791670568,0.3864108644369767,0.7814883437910958,0.44159430532058347,0.3273809141809711,0.9426793380541945,0.27265761200970867,0.0,0.44301269741675214,0.11021282559734547,1.0,0.782817840364543,0.6181123924290863,0.9658907257925402,0.96693352049048,0.1533151898830973,0.41764573969418745,0.15323430654430453
qry_6d261cf59d40217f,0.46540172684789727,0.3375473606442934,0.7579230887077727,0.33482115210193586,0.371015986769767,0.934850911938877,0.33937658132772186,0.0,0.6889251047235587,0.4894901024832062,0.2514837052590219,0.8564276029002341,0.612300977227954,0.47582487372214705,0.7389774327676135,1.0,0.3805063251823731,0.5002445797527874,0.2284594310217756,0.5987459739365533
qry_d36804b752c621ea,0.18259972665966745,0.8526924228291975,0.05384397293468416,0.41335709556742356,0.650768034289921,0.7651194993710605,0.8904285689502011,0.4169202789944959,0.41053180226087227,0.0,0.6719143126288961,0.15129691435042084,0.7918991551601215,0.6565276349728376,0.97934262038639,1.0,0.2564399392364716,0.554178732864543,0.5836038814209654,0.6974104154900992
qry_8949d6f7520700e0,0.45186050656044924,0.6180113243778966,0.4328284566120009,0.706890559059361,0.5662913318317765,0.8887107122591538,0.3889513841897443,0.0,0.79071399585274,0.4735719454283673,0.7598675213104797,0.9602960195662026,1.0,0.7951522572130031,0.6366116181316291,0.4807516598094002,0.9083633374837927,0.8704967414012103,0.7716859953789497,0.4903939773781358
qry_0328ecce69d5ce76,0.6510323278109951,0.5328932770488425,1.0,0.28534908467271536,0.4118837717889455,0.6889015776675307,0.04978548277963366,0.7193628273388484,0.0,0.10888400051262322,0.7952758442897199,0.07858948539218795,0.7905388154299416,0.10139806856171697,0.4573071624993564,0.32219905686507183,0.10222964637876465,0.9357626260017484,0.7883295902613411,0.9600894940992625
qry_d238d2f2feb4774f,0.418847648731159,0.0,0.06378529931089148,0.19939276998634786,1.0,0.905376622815752,0.966060137182826,0.610070530171722,0.05283978557682815,0.7440195312943163,0.5274915773190407,0.7319662188605177,0.8473553761226275,0.2682148927380605,0.9657370681689639,0.8132006194557552,0.5923565024587277,0.9594571769477733,0.6493848856659656,0.7046326656563563
qry_b3c1ecf515c845da,0.46075978508098026,0.24040271405840363,0.8092516035033849,0.2801521281388294,0.1739333055664077,0.24790808940516482,0.5194400490268493,0.7418442520281748,1.0,0.16433504557676754,0.6821386011321335,0.09077890020244345,0.4749907839460181,0.5806000931927034,0.3387518312433402,0.4840039787267097,0.12698875226557899,0.5683695734739236,0.3879433855209232,0.0
qry_d17089cdc3cf784d,0.9403610364130609,0.3198955471365467,0.0,0.8421008049233673,0.4070993442958289,0.4585208491998984,0.7557668931094242,0.5969583280147956,0.4519460965179432,0.33395688357184294,1.0,0.3787671899786206,0.9670300930497532,0.8950340506887853,0.4827706863003938,0.7954512483942405,0.21311247527217497,0.5031497160644549,0.7151103818872717,0.6939890137285236
qry_40e69dd5fc95a081,0.9643836902698958,0.29127407387386056,0.9332387289381698,0.5774630899765477,0.37192463142786814,0.2232511001737494,0.3975609581029831,0.0,0.42541262872088165,0.5574877699690429,0.49482306401705983,0.052623550337516284,0.9095356490649932,0.7817560426745057,1.0,0.747830288149981,0.5772698627291166,0.23215633841014469,0.5473668153010288,0.2463088019636043
qry_f5716e190384d972,0.5280206784296688,0.43668600439496436,0.0,0.277044095376285,0.8526056604918463,0.8894807236363554,0.35654812032343425,0.6649412266708121,0.5694942004241202,0.36778971173199204,0.893707304281769,0.4602095748285983,1.0,0.8432705160787362,0.5666491190148235,0.8731942235158358,0.9533241992122442,0.7490000736708907,0.9560705534590904,0.6118743557967468
qry_e15b34dfb869efef,0.11708706823486408,0.2572147595678941,0.9143113256907238,0.9832329759822431,0.8158052076544698,0.9262515618004656,1.0,0.9604912443768083,0.012979747869648528,0.3735652374909649,0.8196545405163339,0.8584717287183048,0.9562789872904627,0.34882676652796113,0.719053118937219,0.24502586533173615,0.8801016320655871,0.8458419415999954,0.9634218243867289,0.0
qry_21f662baf80d1782,0.5869247466042582,0.796551715638128,0.5935942871372836,0.9186292445985247,0.8226407295187155,0.9427489507277184,0.0,0.42813341963399565,0.3613916974911587,0.6709628239071659,0.5721812453576827,0.6813705462426759,0.7540772372622111,0.5239896705632411,0.7827024786080705,0.922946084385736,1.0,0.6956605776170035,0.25359611612799793,0.5631546892099395
qry_f63e00315709b6dd,0.31892952740489094,1.0,0.8308794865057537,0.4080733082953022,0.8940565204553677,0.07814084444705299,0.8139615672033838,0.7274956907257789,0.5790365901066408,0.6138291931029789,0.37769227473996325,0.23974161494974017,0.6697840891353773,0.0,0.9182408231872298,0.08114363110821564,0.47523211368628826,0.7126443717971389,0.13379029139382606,0.7002741713410258
qry_90ea52a6e0bbf3ae,1.0,0.5198374070852043,0.266795815367914,0.0,0.7087240470996575,0.23717526289877647,0.987080765201088,0.951192188467683,0.6177012192519964,0.7807952171046944,0.8389770165549721,0.9886137923449216,0.8776132307651919,0.9973579137147957,0.6370753939844647,0.4944156533710459,0.9783554456746166,0.08838676213175085,0.1455032076333903,0.9536784054886135
qry_d2a075f8e18b9685,0.12198359657241303,0.901187900580776,0.8521314860341326,0.39528543976663455,0.7777661729142241,0.8705967669613175,1.0,0.0982755459399691,0.9490307236045009,0.5375044582067323,0.6399596736930651,0.8519914502617963,0.8157985953924111,0.0,0.44716032569533765,0.5507488680088181,0.8308276852760748,0.8733633996225705,0.8352361502004082,0.8150918936401488
qry_4c9e4d11b6e04767,0.3412773655170195,0.5573990798156977,0.5436701971588395,0.8245333016483117,0.4740244433439837,0.5181208997275996,0.5559780537141125,0.24255393172005352,0.444566243299892,0.8029296842664377,1.0,0.25190980814893377,0.8641243030693051,0.42604538582613977,0.6239647685166222,0.0,0.2518389519019459,0.5556662910293447,0.4099673315632134,0.6908446350440942
qry_dad2e2cc73076f96,0.3689020416759021,0.07025566133520621,0.5057279398984044,1.0,0.3475053525134005,0.2901817452779728,0.19240189230257593,0.7080255057747243,0.41208608581314793,0.1914247539913652,0.24347887089636758,0.266532082046688,0.0,0.24849755201914703,0.33590533778264325,0.4135645298395983,0.14157233016999693,0.1664374462341075,0.2838630756467264,0.18144237906862273
qry_174889fbddf8d27e,0.8664335247696394,0.28570449118906194,0.6345383334742632,0.5593671848244977,0.45942275178861836,0.0,0.7742136770705751,0.9591409190821439,0.09045530890444455,0.5134848498817527,0.36726573380343,0.3546449172880557,0.9424314249862458,0.6767491261164291,0.4613202921676691,0.2863345656361783,1.0,0.6771666719832942,0.16958866938016504,0.5575487987203784
qry_49f5ab816445e1d9,0.03403580843608077,0.7947603531154386,0.8484220390284402,1.0,0.2920389615962401,0.9125202003604829,0.7443540646426615,0.36534130504739737,0.3494601414587338,0.9421527191752697,0.10714104468978337,0.5441434098915267,0.10455546629945375,0.0,0.8083867241392212,0.1712657961293629,0.7785399331788203,0.5357543356164858,0.18580685840934558,0.4178325465785319
qry_5aa42340f9672927,0.8711471000910511,0.7942201662261261,0.496619713766146,0.890125482465503,0.8228001996311352,0.0,0.415000454209218,0.661675452741301,1.0,0.6618655482506383,0.4071773734361179,0.8193028905388511,0.9017525693407895,0.5030534019603136,0.5423942417745099,0.7212107421959488,0.8453221495686255,0.8414674608210192,0.5751473322949788,0.1971300030534456
qry_c789d7e3ce089877,1.0,0.7512880248430255,0.7135309533453841,0.46989952758045134,0.3702161881301582,0.6571222939584177,0.4443183194637028,0.8602448497457177,0.5912324224206518,0.9376999214064553,0.6066282834620881,0.6921874783536276,0.34702572333728293,0.26603590375950903,0.8206944618154534,0.7504132830257116,0.0,0.5731669927303304,0.5212008088508923,0.7343335356349991
qry_0b906bd835acd90c,0.8679047433150354,0.5025788812374848,0.2142071780655045,0.8307227645858235,0.731996727831053,0.974307270213433,0.0,0.17336030486927725,0.6393007685120504,0.4518498840494196,0.8142687294937762,0.6823423731255311,0.8230264253449805,1.0,0.5717997173881764,0.16676382589919134,0.7225291873783269,0.41037836551044005,0.6758967148176747,0.879356062633659
qry_464e4da52cbef9ca,0.5811834045023969,0.5170143593738963,0.7177098120628899,0.9151689967854542,0.7802630883080042,0.3229360647111903,0.798223538846483,0.8805827195453416,0.6726777494357008,0.845602237988015,0.6771606689990949,1.0,0.4914104038658042,0.0,0.7918002357635843,0.49828502523037427,0.9043024092715283,0.13497068846108062,0.5463057289987374,0.9072560704857813
qry_baff2babbb71edd7,0.5528433330589648,0.4432029986820049,0.47334703626707025,0.2806549649444129,0.7962021691786523,0.3363249769946849,0.368009260849605,0.2805996988712975,0.0,0.11042379024774747,0.6410690006483759,1.0,0.46274987159991676,0.5545122373823463,0.5712520280838879,0.8826976275839034,0.9710797133568129,0.45514629265196954,0.060234190958890876,0.6742977326593514
qry_7b0c3c7a37b4f421,0.7609043807313703,0.047664556687530064,0.5216916415155252,0.0,0.30531123946187044,0.5993289671690536,0.2533722165879612,0.44295272577189926,0.30106426155057253,0.30068858918386804,0.35725351490218205,0.35060502973343116,0.7510273320173815,0.5936942382674012,1.0,0.8547536035548429,0.47016853274855186,0.9097033728586909,0.0017472710405802769,0.7862716017893597
qry_4942a144cdd18e9e,0.9820179137852181,0.5372909838397693,0.9448004782008336,0.34803356143659453,0.48968257226872036,0.5449659234132452,0.0,1.0,0.620176146385236,0.2345487831401514,0.8023014862114259,0.2596103431969209,0.27514924125507145,0.47322049589321846,0.08575596589408936,0.4911762193665186,0.3631363456343178,0.6860860907697247,0.23876740046447045,0.45191145727680493
qry_02bf7d92d5dd02c5,0.4457681895285743,0.4101293877683542,0.3385226866936911,0.5256968352939518,0.0,0.14374964782887417,0.3794160835905744,0.04430779107161455,0.40637201931941835,0.2713424752987089,0.2958411436659427,0.11094798961307724,0.2065535624207803,0.20346945885822498,0.955810750635105,0.6665719259148541,0.40516794614649204,0.16980454510126342,0.26218609397462017,1.0
qry_95cd3978a06eb807,0.5761636372119452,0.8824648943176786,0.6279842171205966,0.3930412081120574,0.0,1.0,0.14939043559550097,0.9912076021371737,0.639548893552583,0.780660998246609,0.7602402182814293,0.9498287048226653,0.5900644718334969,0.7718409114492047,0.7992045851659814,0.8257306108615515,0.7985880804695602,0.7368578964659668,0.958280635998617,0.5937832282906427
qry_0eb85edaf0e70f89,0.4209291246133651,0.009281505504893591,0.7399112565281053,0.6335762314823735,0.3620331794079603,1.0,0.8626910365519013,0.0,0.3773287243593272,0.9947227790480819,0.9622069183726759,0.6911426320555178,0.9767996152189462,0.8390848649614071,0.9394915414263878,0.3759475550184208,0.4923249547764783,0.8802756483243417,0.3986284288368462,0.7054287492466973
qry_f9723096b7a9c395,0.4200323950213233,0.6165317655927899,0.0,0.04663755416891925,0.2146598032390216,0.7731781422328197,0.6424947502274504,0.7651344665913061,0.3645007589391739,0.5474917827539431,0.43115095751850785,0.5035826901974699,0.9495359201967655,0.22213856875968396,0.717048918186416,1.0,0.36175672930882663,0.6072908303130918,0.49333334638607207,0.09817568864240624
qry_89640d467ede0cd0,0.9784033308180524,0.65177032119887,0.6311340499681584,0.9108533864304643,0.7574735790169362,0.576877651832528,0.7866762557956344,0.5880735022372805,0.6330408029564847,0.15636028995146872,0.0,0.6393707553448995,0.8133699080217999,0.6104681003842252,0.6564192492125548,1.0,0.9853729578106556,0.39901113180198955,0.21200596935001562,0.6601964138609041
qry_399816a5c09257d0,0.6860357500862877,0.3845166888097319,0.0,0.7027709665059483,0.5019083566911948,0.4262742903104085,0.6705547078980665,0.94379876956608,0.8565562073674506,0.6530764752938342,0.3092880025882065,0.19634645297854525,0.9748238414501543,0.5390588360936923,0.8611812785120723,1.0,0.8605174263877163,0.1969003342092733,0.38031266636390165,0.7871763679706673
qry_6cd2a88ffac56867,0.4185896639784606,0.8735403479946735,0.8572815607188282,0.18332625834052982,0.2892094043040454,0.8113363472222187,0.8421356675242656,0.6646816367851628,0.6561627019679969,0.224535720946944,0.47650721956573266,0.2315364090083298,0.90188673756646,0.07459903497548732,0.955871690370903,1.0,0.6063658180167973,0.5684412249357262,0.09088229826821242,0.0
qry_bb409fcf1cf7b644,0.5879507619565004,0.36997554984477066,0.19856937147552536,0.4091191970367204,0.6347972964758877,0.3798833350686207,0.20945243677487568,0.0,0.703220037441935,0.6128696612498604,0.618688514578215,0.72411210157128,0.5995976162025413,0.5784966052018345,0.3684803798436511,1.0,0.8370765377326029,0.3790511659476504,0.30443892173308523,0.8700206417291618
qry_7ce57e1a80d9d93b,0.0,0.11905676267056228,0.05422440333927535,0.36318718197727506,0.42166212062490077,0.9503293624512322,0.2606078050612474,0.18199579955707934,0.1600241391468084,0.45040695318125534,0.12885883436921672,0.9283475728403571,0.32643573025702927,0.5006103490342981,0.9454297562794539,1.0,0.8255738003960141,0.013469402471995346,0.9324039931718158,0.7442390424207389
qry_4916b0e1ddb669d7,1.0,0.6754459481788976,0.6811445950086696,0.19424859346449302,0.5529636054881409,0.7860298044027723,0.44538183133027437,0.6622154310406732,0.7224798226152169,0.2286281179186278,0.6788700058596324,0.0,0.6879854425661143,0.7632249621243559,0.8041362541788319,0.889220083446109,0.24340733720079807,0.7735532391814548,0.7692317583154635,0.5041564663284923
qry_e714a6e034551e50,0.6257025386125716,0.22564365093328803,0.6448217332397935,0.7634387027654123,0.5141759540267717,0.6107146462118787,0.4930562773030653,0.5734625086514715,0.0,0.022079674381865987,0.6149481326516445,0.683941206068414,0.7135323029396172,0.5047640975765999,1.0,0.5410369598936123,0.6496406809308521,0.5179597218301828,0.6670167506717546,0.5192652842415009
qry_f5f2b2f73e3d8727,0.5272835306289977,0.5180049589890884,0.2164054383173805,0.7480297128105758,0.7878691444673759,0.556624783391231,0.9401938029447214,0.6636279982125519,0.15522162827483735,0.40766024831689657,0.4530340984909189,0.6385588067371336,0.36162468879424026,0.6533210712090444,0.0,0.5560913868932101,0.815940077474507,1.0,0.15572719903961385,0.17127209399654875
qry_e2b60ffbf5658bd3,1.0,0.15998130425109466,0.18357541688223986,0.07434929412804825,0.42447256999315053,0.018503622634438537,0.30391375294348116,0.5938859604755076,0.45953877457154046,0.18129767327983332,0.0069114251628678266,0.296667819726253,0.9565952002496549,0.33964106128737404,0.0,0.06303602260899768,0.6373435232234999,0.9662443746287557,0.6335337054348263,0.8898496337273588
qry_d03a39d2517fd743,0.13328386754379357,0.0,0.38475411073546617,0.127996561038812,0.008769742136918618,0.35789050892310825,0.24779695376646108,0.5844824251772186,0.5455624720167556,1.0,0.9469023443740755,0.9196586342342983,0.26033970527724637,0.433203029345178,0.9550476306176999,0.07659525392063038,0.8196182483457302,0.28107942926937357,0.3300363195095002,0.5336947679933082
qry_ac05578022273648,0.41487106009192165,0.47693314381444823,0.5209391778122775,0.10423984483200542,0.5667427208424962,0.19771224483104285,0.3021578150784513,0.3198333814144042,0.43483356249095473,0.13863138392287305,0.34006340358354786,0.0,0.3423268249808778,1.0,0.10413094313570218,0.27373466181146844,0.14448841588437059,0.2504948993773503,0.12681169493382663,0.24296486045124804
qry_47ebc0732c167b93,0.7731460626688686,0.8772858396120783,0.6452766661009406,0.6547506861985316,1.0,0.40285609647347875,0.44018913560513734,0.22224637654444293,0.8513190893131858,0.34358395020412746,0.8335446007351053,0.32881482997691147,0.7988563926480127,0.48741151558403717,0.8975547770387212,0.5007216858973425,0.37855157314754323,0.0,0.8353663063001784,0.44828898290710345
qry_1121b5508222c7c7,0.9004812292726346,0.537632269501022,0.23561727025252177,0.8759406317988216,1.0,0.7663839605566465,0.9310625436780031,0.9007191697172587,0.42877405302029326,0.3446585314988544,0.3483305283654079,0.9063400839071668,0.8051909370449554,0.6586070296404843,0.9174804333556524,0.992438371463406,0.8238739198822418,0.5984356788700901,0.0,0.6021053686232593
qry_04c3a43a40b4fa40,0.005019459528326251,0.0,0.17655382141722836,0.4209945458813735,0.24794778028703143,0.37842697342772996,0.40738645650917915,0.6385803962000902,0.41602881459083474,0.3604099381702715,0.6897954673142439,0.19367867683866075,0.4728371132560443,0.46715317237921195,0.259680610285242,0.8862650669995296,0.33097252443891984,1.0,0.42699530342806113,0.12615700679704833
qry_95ba6eb55f0f23da,0.06261456673673746,0.22430370406317587,0.49184293934938433,0.8879761296229075,0.038274007355491725,0.44485394205882767,0.0,0.003176511544082292,0.28077345375126506,0.2839669280058365,0.13746962592514514,0.3701225557776515,0.024286519163511922,0.6076210042112666,1.0,0.2651594137264743,0.25821971165145025,0.6458705657467247,0.8215531175703389,0.5762672387864773
qry_5650478c3b4e5f38,0.37764148564801514,0.5713693202994419,0.5930433747930434,0.7280536991514384,0.6881493078251585,0.5611398631451525,1.0,0.955826464982362,0.48243917947059095,0.7876664701760603,0.5353932417310132,0.830629547664844,0.35834553362825744,0.7872573538970362,0.9502033034728453,0.3073051811649654,0.5826024800925909,0.28943521705054415,0.41774327171204356,0.0
qry_ffc709220683b064,0.48253282491719285,0.5563960718966487,0.2644535271692825,0.799499012519834,0.052072407811374344,0.0,1.0,0.014002777516866778,0.5128453030890819,0.1250638487008927,0.42115475996901125,0.3909695532481478,0.2555614122355137,0.5092857103953271,0.15150084153058052,0.9379580224189196,0.6741463997759686,0.09646524426003225,0.867527590294869,0.15485976017290615
qry_ed3928926c2e6097,0.4559461347466509,0.0,0.682420918958466,0.8587867242362676,0.6797038848177847,0.79321477247626,0.7406633871757459,0.15779300098078772,0.21656324620451065,0.4977831066435403,1.0,0.4992856785728732,0.60205826759881,0.7493550886271125,0.7207295902296464,0.5982009208077226,0.5586225180128735,0.9708542583145727,0.15969059841999544,0.35330531751149896
qry_7de5c7469f11c28a,0.4869776512965201,0.22369333116516651,0.21626620990984927,1.0,0.5304858858850717,0.373404486912529,0.5260932029183712,0.20301901818272186,0.3275495549076845,0.5144019422044954,0.6957191374626899,0.5856848926929793,0.5993243302196458,0.0,0.026587935027060874,0.1576253703990105,0.9752968490112521,0.8602040722207716,0.4648178951922807,0.7733611780318329
qry_eae70c0fd4144152,0.9009118012117155,0.7789188419446125,0.5945100747484074,0.3187959268148433,0.7977253037365776,0.7621452464120784,0.5920254707580488,0.5459354594527677,0.6472454613677995,0.5497997917661941,0.34778373549460845,1.0,0.5210656207662777,0.8700825156513937,0.6259012085926987,0.4480394089506749,0.5085066433335483,0.6349064711256075,0.0,0.8186225041950957
qry_d28232461a313a0a,0.0,0.22000468461590658,1.0,0.23708269407565924,0.754279026220347,0.4406262126780776,0.49930550559767795,0.5782243256625617,0.6264715617654381,0.7455498834916741,0.6332593920810332,0.8878727499624554,0.3444709134993351,0.8684184336567238,0.8184540254663302,0.6739137191541676,0.23983150432956735,0.5668624961987622,0.8510416946440943,0.5027551321979596
qry_4b2492f3177aa6de,0.5308064079233913,0.5086363920925903,0.0,0.25292656431642296,0.20753804943787665,0.2688167734483649,0.32253777897020197,0.3660366182881683,0.9491568348060699,0.44453021935327364,0.3899412383270579,0.5343812209123752,0.8829928249465239,0.4816425671150349,0.19419871383357282,0.7249765848295592,0.3623578092919272,0.501536619092166,0.2113296775072275,1.0
qry_255f883c9ac44a7a,0.7994935993775605,0.10054598543467043,0.0,1.0,0.7486578935098398,0.1380870215433617,0.5010766736651926,0.19069011875675945,0.8154532222726849,0.5637526864790607,0.16167552259270795,0.7424389123086119,0.6925595866162749,0.2818336979585916,0.5584442759665015,0.7119863588216717,0.9881042601065059,0.9937001355669727,0.33178761941384927,0.4115531461620286
qry_ba38a2ef30db6e80,0.5557984473641985,1.0,0.49839127785800413,0.6187152582128054,0.8701107194566768,0.0,0.9032860490556922,0.14353795349045306,0.9424702133189957,0.060772350171976505,0.36027369729420905,0.9477126418234646,0.459635882179371,0.882765902028434,0.9732881760438633,0.2193553644557846,0.23101329017550856,0.7862578639099543,0.6643791151234825,0.5484509897667644
qry_adefa6510cb34b2c,0.4904129111188266,0.8402834565055567,0.06895403491400619,0.45665902284413995,0.25595858190995635,0.0,0.5230437452238945,0.16323678009434003,0.47709972008788143,0.29985072390222073,0.620118511105116,0.6453628790324544,0.4901071470481378,0.3049744121002327,0.4938034317102374,0.9084871295863087,0.05570927926096061,0.059209972852219656,1.0,0.42072223340091425
qry_8ea16deb2cce5502,1.0,0.8442437098691348,0.9137060547218552,0.776359874268089,0.6190096296478469,0.6571076766627421,0.153033589005469,0.2857863453534982,0.8586449450334174,0.2454017497093277,0.08623565965841323,0.6005753907099265,0.5475732610224469,0.05491723999298052,0.0,0.1835777619780529,0.015463358726923601,0.18483980931206262,0.12335900190183725,0.6225732397304455
qry_a04b777a4ad34476,0.3605359139031768,0.2742976873939994,0.3527934418583829,0.9120585496056043,1.0,0.5166086875322153,0.17956957017682412,0.4427034011047717,0.6961796478242408,0.8682391096912091,0.7035676561442891,0.5032204976296735,0.6905676734875901,0.5145562818539504,0.0,0.5746860151692578,0.652554744806296,0.8607372076258109,0.7768963642792354,0.5425181186529192
qry_ecc7e44478c83bac,0.7539679612589664,0.8599468178917126,0.9185669688772274,0.5454094831061351,0.807978123736366,0.7825343743871285,0.8827940298979635,0.9858702867999098,0.4011476186920203,0.6337594426018118,0.8631629865902293,1.0,0.5862768474059934,0.26542811711191355,0.9370951366722269,0.2996672036753953,0.0,0.9289951270003238,0.6540865787107929,0.43490054094007013
qry_a1606896ceb945dd,0.0,0.4756623222788453,0.672125297503353,0.5728446517722813,0.5823579706367628,0.5698404928624091,0.49027579715624614,1.0,0.9103288487452884,0.7873317182446157,0.8355618859024132,0.8172457933159081,0.8861362983959007,0.9151488645612961,0.22319701699921463,0.8291607526244751,0.8997497415282694,0.9833001937290903,0.47645321104721433,0.37495559721461275
qry_3758138f7ce14e9c,0.0,0.34943887585507816,1.0,0.614746729773867,0.6297355468439392,0.7724431135172759,0.17554306027646832,0.09547183082491191,0.49922034705119583,0.2959180266635335,0.5599118389813484,0.6448411312114768,0.02382774520344124,0.8755137690047572,0.11883719766508254,0.4464270607593998,0.8903699751996456,0.5436435668671907,0.5315711035377306,0.45143944256052326
qry_63b35aa0dc53ae80,0.8452732512759962,0.34432704698869054,0.286853167312118,0.1956328166679965,0.7608133673172155,0.5875169405198379,0.7748317507690938,0.7958246854567155,0.6839684967409471,0.25617813454378746,0.6884813873822158,0.3953166046525288,1.0,0.6267677093612994,0.24420902404073555,0.6818090325507439,0.8326955648923323,0.7078582845770734,0.0,0.2595731680999381
qry_562497eebd38f455,0.7269218027239379,0.12858534346155578,0.3254809434883491,0.6071355606610831,0.2907919358259558,0.28053408109944045,0.7378848022711261,0.0,1.0,0.8724158869509062,0.6781777221683721,0.5480186364319378,0.6492017957494973,0.6265866830518565,0.3611489818879756,0.42496819787551254,0.9167341682941472,0.4101164570738026,0.027703388743269976,0.6252219713007251
qry_1b36bd9b7536bff4,0.8337520313833781,0.6213923131016282,0.8383283215728303,0.49718063406261714,0.8319135454980389,0.8628349360710457,1.0,0.0,0.3071484282015215,0.611328568865655,0.7878359368782114,0.8758161872299045,0.9455670379534272,0.022072793182780843,0.885493338703081,0.8435023859247964,0.016247037571920576,0.7789275205474723,0.24479740653134957,0.8424526957594454
qry_1a49fd8393b2740f,0.7699873059936527,0.993591330008447,0.7327424853369143,0.5845094741105956,0.8328891009909508,0.6389042323088214,0.21154166258542645,0.7552234954876617,0.8285620521656125,0.8000220759101734,0.23538896044062407,0.04018317564421986,1.0,0.028146749177467435,0.5576878186919385,0.24597118993083902,0.5421601836917916,0.057783179017577284,0.6810120299285921,0.0
qry_dd5a7214b001c114,0.20250833588649564,0.9827073455134501,0.8697755628900666,0.44199110775985917,0.9723122700175971,0.2941433490632473,0.0099039664736104,0.4853330624049442,0.21078245073372065,0.5127089141888272,0.0,0.7145400137280665,0.5833839639901314,0.2833940709525045,0.9267963366921772,0.2684670231165554,0.5635643848420705,0.7437445122381453,1.0,0.25317898739527245
qry_f17c3ac940d06510,0.49757821037709465,0.3005551254316607,0.6664781952594531,0.5221298594927504,0.5957738330759207,0.30399382214037357,0.828657575340165,0.32212417869048765,0.5107230162975877,1.0,0.811051802897848,0.5849043163036255,0.0,0.6223916638624603,0.1822696230884858,0.24859403773784902,0.15956408065987743,0.6409234518642749,0.6871738095036614,0.44710649438088673
qry_5d95d61e63332a7a,0.8356944973656861,0.7571273911537382,0.12576825632025954,0.39565206830569805,0.5689743441906578,0.5288360641664642,0.5407672510614555,0.9352618970942873,0.8136862485175883,0.5270219507446658,0.0,0.7607529956620703,0.7952977879317742,0.49791955297140833,0.4639617065772577,0.3308540345615075,1.0,0.21266513536169618,0.6490606403853768,0.8604234271429151
qry_347b3ce0177aef4e,0.4764662304238131,0.466373298179942,0.2886748989583254,0.4466521189374254,1.0,0.3054838312523505,0.8064470553398674,0.6802168296640461,0.2823837828595191,0.9069233121834736,0.8017665454626434,0.3823559899042774,0.8687182261155781,0.8151826284667584,0.9012837236781968,0.0,0.9204946864525373,0.7099949059396452,0.7822539342573216,0.06799104327024176
qry_fc75b25b9ea7ff77,0.9060750861723448,0.4296367280410548,0.5744798417476363,0.8959011245826901,0.5917523413079233,0.7714047349228189,0.25313449175389907,0.0,0.5639428137126977,1.0,0.7517531302934323,0.9807510085794692,0.31193762735814023,0.8645239362508242,0.2023810901475147,0.949221960768984,0.6308452159564816,0.4527112230428741,0.5403672508242232,0.3382837644822282
qry_8ede54bbfd76681e,0.7589266127068209,0.7652352212995811,0.44596474903318306,0.2595145553768507,0.0,0.4906176015503413,0.5787614400612532,0.795982070272389,0.3313700111077745,0.9355515869648889,0.8449926724993571,0.4366042447281305,0.8806104129034893,0.7532613289827922,0.3134830119190705,0.912101807245797,0.3774194085207805,0.6178482762284478,0.6939467557412226,1.0
qry_8408b87d4ed57b56,0.3315100872992364,0.6817926471339026,0.25088049277916874,0.23831557452186491,0.37190938924356726,0.18679970443357885,0.07861100852151794,0.22455112635124821,0.7845640648484713,0.5943898056718734,0.0,0.3677814875000717,0.547618746602537,0.6263213389201271,1.0,0.39899771760655117,0.41318524567014936,0.3122926209588383,0.19019717393452798,0.16232788469888645
qry_f45a24b1f55eb0b6,0.8821905604085671,0.7047779388622644,0.963051520113,0.09560348200603923,0.5652552624843684,0.0,0.12355369890942998,0.5089665598792046,0.4297150183644542,0.7015342645140701,0.5606865013082579,0.5865631310237726,0.5293694647578654,0.9539507645667523,0.8209917133760911,0.36976484956235467,0.8363383649160321,0.7672721897877283,1.0,0.45957116151223687
qry_8981f72ba2e6ecf8,0.7801184580891836,0.9296007503847296,0.8510604374164329,0.8902286344131276,0.8347771789571399,0.8355155684470456,0.8127106742259331,0.9341723411333812,0.8268752038301237,0.0,0.09822838143848309,0.6294098119456933,0.08251640091865833,0.8041788923418755,0.6440165673307041,0.5845057472275893,0.4761624429162775,0.9493750830359332,0.5080399189196215,1.0
qry_2e59d0245eb69017,0.7939626485259339,0.3264412326833737,0.1695698619058088,0.41940997673281993,0.3917088834379655,0.32818300434908976,0.35195375460037137,0.3032796360480555,0.0,0.2357263362487203,0.383957450520112,0.5409022904473487,0.034517346917430226,0.802111976471859,0.32171024636964657,0.5367729583775823,0.2717268166905144,0.3259322790485284,1.0,0.7600136907497468
qry_eefae98feec72b78,0.8728206671952561,0.8242280495812032,0.021483830896015223,0.19676882314110727,0.7839448237626155,0.4643154569223772,0.7495512712245483,0.6536470465486078,0.8685010907503171,0.2855837631822775,0.9626246745232053,0.519016356256962,0.9134965781962513,0.09808984566774646,0.6473681088371739,0.0,0.688734281503629,0.26325319018053167,0.9562564318817256,1.0
qry_195c66a62f519d15,0.5833517854006888,0.45628783185189536,0.48291869214593197,0.8145135000477907,0.46289670394713084,0.0,1.0,0.5653397306754107,0.9426272857521583,0.4926053407562616,0.9769780124958631,0.06733029115071797,0.5381226887742316,0.4289098460129781,0.19868153579140432,0.028660060051125782,0.8539930851586596,0.05538783122288398,0.6111185453939485,0.664544605534139
qry_4a65b2fb797fff72,0.8859466517986136,0.0,0.8076587596609831,0.6779395362909354,0.7195126821142063,0.9937198796233218,0.9653426294132867,0.2859563253037833,0.6710103617575469,0.8073216829350046,0.2933940964032347,0.9638286301638632,0.734901306268021,0.406280538686817,0.7249510755609386,0.9859210470152215,1.0,0.36700961222514866,0.10824012373207709,0.5037434617744673
qry_c8db6b50819ad61c,0.9799008293626126,0.6053013965093882,0.5919757513002268,0.7606428490054647,0.7045902262044538,0.3540151112615657,0.5063963819308549,0.1841393745465632,0.7200873666964691,1.0,0.6663562655539669,0.5495840056646303,0.5330064158434603,0.6226305450915471,0.9904108523321089,0.6984345255683572,0.9503164941283796,0.0,0.28860661069792565,0.7173421937096836
qry_a36d7613ef6fe198,0.6713813726313312,0.47674907654152127,0.2902259367200488,0.4703821299457677,0.1394504382193025,0.41084232835713846,0.4042037419335067,0.31811038489348825,0.03727192678390942,0.9661259003246578,0.4552244545452244,0.8645763993614901,1.0,0.42141356201142266,0.4180563506654731,0.7848266186878506,0.8645622475750913,0.5945469614257299,0.0,0.9996824931021128
qry_376a8b686efe74c8,0.6013333225883492,0.24315995132139961,0.8037657674623158,0.2528161033653745,0.8992481543409011,0.5327489861448831,1.0,0.0,0.7626912813547736,0.4136326199936433,0.7016109856084293,0.9104029613078196,0.8265230808027549,0.7266879373692624,0.9949460445092744,0.46676581785768895,0.862951676965642,0.6811304531153306,0.6024365718035996,0.6241580149798102
qry_af70cfd03ec9e91f,0.6327265358226901,0.06629349965250621,0.05826132016546843,0.5200956526570211,0.5763678863449637,0.311568855635376,0.16995849418742057,0.8103673045640299,1.0,0.9592926665479445,0.857942681124679,0.6382454037122186,0.058796863517937545,0.13914311626719905,0.36334370081481954,0.5233583821499164,0.5690449826441784,0.857929361173221,0.8292371990956996,0.0
qry_663f24a95811bb9b,0.30428106771955304,0.43441436150053075,0.4067075230517992,0.2070771299978921,0.6898219797299936,0.8599308361202257,0.23243961265887306,0.9718153742405119,0.5582141314834322,0.31025752438154985,0.8664396390770605,0.34482227289265965,0.0,1.0,0.5966723550719729,0.38307536502666034,0.655648128652704,0.9485848893490157,0.77236907563403,0.4240990172247333
qry_9860aea8514ef7c1,0.9878075923877135,0.8942974517977259,0.7463472478101447,0.9885383367073458,0.7483727262099489,0.2841229455477856,0.988993982855096,0.21684268590163197,0.40765859279469063,0.37401753635242274,0.0,0.7963080301308225,1.0,0.7701875019015055,0.8834645013020815,0.570264971596863,0.4899177778193431,0.7370047837307133,0.8996590395931363,0.9474837917552196
qry_b29df3bbd214f86d,0.44336923798778755,0.5307757822943747,0.29046579382559534,0.18307243980389276,0.7043704503326661,0.1282478875280033,0.10748901586775406,0.9694038542754374,0.1516535421139414,0.24644714234103596,0.11811866210709768,0.5975184867039732,1.0,0.264350573387173,0.4145006107803219,0.16985873673968824,0.17491079281892608,0.6203259897487703,0.3720054032107068,0.0
qry_4ee43fd6ce73ade1,0.75476695753317,0.32472739800150635,0.056846184691501864,0.06848488931565475,0.9093331620182062,0.7205266200921777,0.26394316081600555,1.0,0.10618923715581575,0.06469385792686996,0.5315756229992268,0.6707532856669892,0.48761602254239883,0.5272850520999883,0.5146550877448093,0.20911296937234397,0.3921950591551523,0.0,0.1833768466728986,0.2310765557196934
qry_45263076c6c9a2e1,0.48004518102012766,0.6512088925425302,0.8482009636568603,0.8476111116548577,0.0,0.39106317997530404,1.0,0.6761266933715417,0.9459511600155238,0.38525830180048737,0.912810477615734,0.878122026499403,0.5654222783060686,0.34375817855284996,0.7982307562593192,0.21536862318183894,0.5076707713118448,0.2739401693041677,0.07662807703216114,0.7930228608106675
qry_c2ba559fcf1e4b48,0.7217609188925668,0.7081545856825628,0.7729860083995577,0.5277616442210188,1.0,0.2779357638104031,0.9633676361842738,0.35912930463851495,0.4250823132339177,0.8416293470760541,0.8142433786416872,0.6354703367836698,0.4919657234449347,0.9484841444871897,0.6589134700147093,0.6183526399968586,0.5661428231998605,0.7411605135160446,0.31393098833183436,0.0
qry_d19e6c335ac5566d,0.6480640124705562,0.18570855995228133,0.8649615656840454,0.48918598836331556,0.8526492083120346,0.5112044782221703,0.9551526777957582,0.8546565141216217,0.4578974748566725,0.5697999034235576,0.6173474920916805,0.8548679892293278,0.4412493862786158,0.36831668720391386,0.882268120602145,1.0,0.9511786523930174,0.0,0.41846685255779703,0.8816313596628146
qry_e2f9166bb6eeb0d5,0.5158061072109271,0.9624556736564138,0.4203744812788679,0.0,0.3720471157448259,0.6245828129552593,0.5218543876040028,0.8169003294363145,0.661409086811723,1.0,0.7197816285437709,0.7745744072197497,0.304464385714776,0.5442179122471541,0.4372211694439147,0.4120808358200636,0.775003830513726,0.35342129076579787,0.9405743714378327,0.8116778625034323
qry_833b5269475e3240,0.6573212417216956,0.4842380431972225,0.3992439912935542,0.4107581378866529,0.20231418898981304,0.32679343111662595,0.24468699034094282,0.3995700509582148,0.8509075633831961,0.47511938075412286,1.0,0.0,0.2713620269977546,0.23356009353088392,0.4421791410293193,0.7695011010306965,0.3098304252060508,0.553692536032353,0.5846105253252725,0.7103087591248911
qry_4a4a43203e61d297,0.32002736301119145,0.3839491149903472,0.7167711792163224,0.5680769753105469,0.356072491332762,0.8394208504738566,0.9849803910473149,0.31566153005890196,0.7293233047638197,0.5549480736070683,0.1948229932958346,0.0,0.6110423333417894,0.013615739919292949,0.8135881570104221,0.6406256108995387,1.0,0.49191007980928264,0.4227783006700028,0.24775290943473477
qry_dbb9c37690e1a1a5,0.3209865578451521,0.5281857257091469,0.48259770430423354,0.8497206448684796,0.4600736613715329,0.6979249433856972,0.0,0.37130836326596783,0.9469052187441428,0.7179169496116103,0.9150004191090413,0.6766722845737662,0.9408179500458912,0.3524428359753995,0.5707477709145399,1.0,0.8059457793993496,0.4528411212737071,0.5648760724398616,0.5270862606335937
qry_210ca47b28cfcec3,0.7993527391653041,0.897747943427191,0.8620888348957355,0.634641386752668,0.20239323126383157,0.1935560975222437,0.0,0.1878845741561245,0.24090715339274527,1.0,0.7513959994884416,0.8230229729518265,0.48334699308824525,0.10751996964838383,0.18682345048085078,0.7535074088995863,0.13708606215663438,0.841069753953867,0.6575362191384224,0.5696753489203495
qry_3f310c4145214e9d,0.11350583928217683,0.701238378958798,0.49709490568238535,0.4969175567317214,0.5710783501079124,0.0,0.09480931898370769,0.8867605333701508,0.20635935360007251,0.5213766345377171,0.10311988009829742,0.8770539297391248,0.8058886647752189,0.3991936671511731,0.2204847041999087,0.6918731323202958,0.7817035895827192,1.0,0.5403161820800978,0.2951077327740935
qry_c65253c332457dd5,0.7041241548934958,0.1946431402368418,0.6067774435006424,0.26816305698813436,0.6890439975328986,0.28623260381024657,0.460253384507054,0.5716801335012072,0.8292610643161101,0.4745209623306765,0.0,0.44853653244223685,0.6910260853258988,0.5667549744193713,0.19406557445574318,0.6529948675435666,0.6043212139059484,0.6322345653486222,0.645379150003858,1.0
qry_6dd2d5fa2508254e,0.0,0.9441235016495965,0.7498337369415967,0.3779743007568854,0.735475836810024,0.20340304537468004,0.94937081430044,0.6012498724484724,1.0,0.797324597507659,0.8660171168485867,0.7143187530473342,0.6487771667442337,0.9380526571992623,0.7923680677016796,0.15449048656654077,0.7175363322192543,0.6522440922646122,0.42745140152445127,0.9349816865597523
qry_1e180772ad379a32,0.7011035443728214,0.21854353220296427,0.7377535922282834,1.0,0.20159044907248536,0.18273745924190785,0.23865781538377456,0.5662128338362435,0.75308118053717,0.0,0.5286649583651112,0.2743043787107954,0.1344469606509898,0.6619027490516053,0.4255953257579524,0.14839971185687573,0.3288841392906428,0.5175224920049875,0.32073015724970194,0.8680722145305957
qry_7c6bae641c9a11b0,0.7151015242982055,0.6842979311406984,0.36350788219633484,0.9801543878764192,0.9966969837055479,0.41517049056753186,0.9341892320122566,1.0,0.3104214539731183,0.3298599989922717,0.8255419334052265,0.0,0.25653278342676683,0.3232858485348918,0.4179851072324552,0.9231056528534303,0.7701808586766573,0.3629581232339084,0.4396265971454695,0.8504345094532083
qry_9ea625a3038125c4,0.8619633309819225,0.16722482387998563,0.05010969890945581,0.1796932319954046,0.7383787097027372,0.4023174680221256,0.5097517209593644,0.9788445863038631,0.6958761353898681,0.5619263976757722,0.9396507323289055,0.5173618291303377,0.14426656341194619,1.0,0.0,0.5439633555371592,0.8583299873099975,0.820648741613887,0.42819356071527376,0.7747691714744686
qry_31f2e5dd5d0074e7,0.6942564016832823,0.06999804886913273,0.3103010870482876,0.821878086996937,0.3097972415316915,0.6834877814403454,0.7593625884421531,0.8517192788970218,0.7427218666500366,1.0,0.7444005729448667,0.1742810382641186,0.3791780933738242,0.19164243202893919,0.7275538154607011,0.5102537650408043,0.0,0.4683672640180617,0.7096641138688361,0.17101743900480343
qry_f8400f0ddff831d9,0.532542795040775,0.8856778229437846,0.8293391203598407,0.5108357472120516,0.2661985617160359,1.0,0.6533403550831711,0.7915484225925554,0.3706488864715159,0.18529116018241684,0.8410599879665203,0.0,0.12844601533116234,0.1539437147371131,0.3817468040116217,0.7886781350201131,0.6313343414687645,0.9284968740477824,0.7632447213121516,0.7238351318928493
qry_6366c5e20955408e,0.9551471962878731,0.1969638868566317,0.9968928213939056,0.4575195849891716,0.0,0.7114544357684874,0.5849817774770435,0.15578327035359704,0.14603233302831634,0.8871326070024044,0.21829302318887614,1.0,0.8159141732679691,0.24520203838614557,0.8153482362923952,0.8038687035738717,0.4007156067413614,0.922647863720753,0.039584542237312094,0.33222786402622817
qry_e60eb2b7e4a4902b,0.26877053861083794,0.0,0.7537278485671364,0.03361137943399633,0.35799729904618016,0.34613109848029017,0.45779996591478306,1.0,0.31621206121187057,0.09597099771220569,0.11655315610257247,0.6493924208722895,0.13768079831499727,0.8115021953704319,0.270207726776937,0.07419544099429679,0.06383303355695157,0.1258753389932596,0.1361269466614623,0.08589084505387666
qry_bd53022beab28c87,0.11668103190665163,0.42976045089103376,0.1610382051035528,0.9049410305714791,0.3024368091893238,0.0016310938635079606,0.25795644455601713,0.27011734464977905,0.8548889624009306,1.0,0.593365678543544,0.03870850439523306,0.2340091741458356,0.7765102057547634,0.3956537460499826,0.16716544905526556,0.6297102052677238,0.3452878392609323,0.0,0.2939221041260134
qry_b7b226db94778f32,0.6989578840984525,0.5178317585850231,0.5391042071343434,0.897912667030735,0.7072601959746636,0.0,0.8901429529560201,0.7888784300424826,0.34042893440675054,1.0,0.8071610389355837,0.7761714111537444,0.9482394308866607,0.6000370514469302,0.6149754236359378,0.9505937696067226,0.7149026814778577,0.9094455346721222,0.3951450496210796,0.6243512099933437
qry_6e793808b32e432e,0.3592902841892811,0.4733545578969605,0.9493725205583237,0.31625806726288186,0.4233562688743975,0.39973511402655804,0.7302189731355869,0.30926586489530705,1.0,0.4510639843500898,0.26349411753670443,0.0,0.8284865281267839,0.4289956551892165,0.8859004317515832,0.3450041241081502,0.33060433005691353,0.26325519003242404,0.5955565614566584,0.37575109616831043
qry_6020a2dc2f6669d6,0.945752850143396,0.0,0.5373898698867028,0.5645211008860221,0.6310588198011888,0.6943680829241188,0.8760698186166127,0.4128327442086082,0.3277052570356384,1.0,0.9916226869601328,0.4019865244776195,0.7841687834653259,0.9450164843383432,0.6782959331252854,0.7168360472713861,0.791724829438543,0.3872177407223589,0.9643246278801175,0.28142592573150316
qry_0dab03fba7fe4932,0.0,0.5345717388233294,0.7100285122363655,0.5875665888027419,1.0,0.9972007900442926,0.9445576907390006,0.3366485748407909,0.5521396534884524,0.5932616589652965,0.48877401055436437,0.5150377066260909,0.31018156226558763,0.5514241645266624,0.3194088985062562,0.48817952525452096,0.5257512339188065,0.8202399743009229,0.5223567475912272,0.13422676105602357
qry_75fe1358c85b7e77,0.34989508637338007,0.0,0.6315168096560362,0.9697186316796396,0.099459988687309,0.3012213066858074,0.6907297319082495,0.6069105219789849,1.0,0.8712264415475195,0.42635565128694497,0.4348912265908849,0.9825042427366733,0.7346828538870298,0.703878278942588,0.7528386197008999,0.4758078898704756,0.7932553755730012,0.8020656179534107,0.5195615786994371
qry_23df25a20e3e36b5,0.15021581168832582,0.32108257168469306,0.0,0.30779199160459697,0.7608991093556183,0.2960522666109296,1.0,0.5004453724537455,0.7424586976826745,0.4142258943189618,0.40244171923917527,0.46915036541024463,0.7708025339080916,0.38199289888030824,0.11962548606402672,0.9097656778478124,0.5108472464539996,0.32518679404524103,0.5209059644285616,0.7427353643807415
qry_faad52c209c0f218,0.27593874896294657,0.7268839082186431,0.5562340054221121,0.35732878995496054,0.6685793197458727,0.7907200101941455,0.7665249672836337,1.0,0.46500664812915987,0.7799611815457885,0.5324094189501771,0.6244614616680019,0.4347358693412045,0.9616401456220928,0.36846311355756595,0.465939179008443,0.49625046270977835,0.4775439276413468,0.0,0.36372170752256683
qry_b19387d89913ef55,0.6426377565565212,0.9174246831962154,0.6211399876969346,1.0,0.5654123071370972,0.29789719760291417,0.5236347522430617,0.2699881105828341,0.6708663381072264,0.5325789138191314,0.4031366647882314,0.6380140083420396,0.0,0.8515243950771659,0.7952561887094903,0.6620488844849648,0.9704040936236976,0.8736057795894009,0.8743140880962638,0.9370404269954293
qry_6bf09e13a8133707,1.0,0.5990762333708987,0.7217920977939168,0.6427714335987631,0.46071787162026173,0.283509321011087,0.7183754254061933,0.06346227052507587,0.3949248895151685,0.38283840638026817,0.8370176328046544,0.37383469247758416,0.6743032143725676,0.9404344446122225,0.7903349620072578,0.0,0.4449833831902298,0.7436600270571259,0.5626015396884427,0.6374378830772478
